alcaldia_catalogo,franja,dia_semana,mes,quincena,finde,trimestre,prob_bajo,prob_medio,prob_alto,nivel_riesgo,nivel_codigo,indice_riesgo
Azcapotzalco,Madrugada (00-05),Domingo,1,0,1,1,0.4668,0.4455,0.0877,Bajo,0,31.0
Azcapotzalco,Madrugada (00-05),Domingo,1,1,1,1,0.3967,0.5011,0.1022,Medio,1,35.3
Azcapotzalco,Mañana (06-11),Domingo,1,0,1,1,0.4794,0.4377,0.083,Bajo,0,30.2
Azcapotzalco,Mañana (06-11),Domingo,1,1,1,1,0.4197,0.4887,0.0916,Medio,1,33.6
Azcapotzalco,Noche (18-23),Domingo,1,0,1,1,0.1891,0.5958,0.2151,Medio,1,51.3
Azcapotzalco,Noche (18-23),Domingo,1,1,1,1,0.1735,0.594,0.2325,Medio,1,53.0
Azcapotzalco,Tarde (12-17),Domingo,1,0,1,1,0.2032,0.5708,0.226,Medio,1,51.1
Azcapotzalco,Tarde (12-17),Domingo,1,1,1,1,0.1669,0.5735,0.2596,Medio,1,54.6
Azcapotzalco,Madrugada (00-05),Jueves,1,0,0,1,0.8615,0.1309,0.0076,Bajo,0,7.3
Azcapotzalco,Madrugada (00-05),Jueves,1,1,0,1,0.8612,0.1312,0.0076,Bajo,0,7.3
Azcapotzalco,Mañana (06-11),Jueves,1,0,0,1,0.3105,0.5012,0.1883,Medio,1,43.9
Azcapotzalco,Mañana (06-11),Jueves,1,1,0,1,0.3023,0.5039,0.1938,Medio,1,44.6
Azcapotzalco,Noche (18-23),Jueves,1,0,0,1,0.2316,0.524,0.2444,Medio,1,50.6
Azcapotzalco,Noche (18-23),Jueves,1,1,0,1,0.2374,0.5312,0.2313,Medio,1,49.7
Azcapotzalco,Tarde (12-17),Jueves,1,0,0,1,0.18,0.5882,0.2318,Medio,1,52.6
Azcapotzalco,Tarde (12-17),Jueves,1,1,0,1,0.2007,0.5596,0.2397,Medio,1,52.0
Azcapotzalco,Madrugada (00-05),Lunes,1,0,0,1,0.8183,0.1718,0.0099,Bajo,0,9.6
Azcapotzalco,Madrugada (00-05),Lunes,1,1,0,1,0.7977,0.1921,0.0102,Bajo,0,10.6
Azcapotzalco,Mañana (06-11),Lunes,1,0,0,1,0.3545,0.4631,0.1824,Medio,1,41.4
Azcapotzalco,Mañana (06-11),Lunes,1,1,0,1,0.3241,0.499,0.1769,Medio,1,42.6
Azcapotzalco,Noche (18-23),Lunes,1,0,0,1,0.2292,0.5644,0.2064,Medio,1,48.9
Azcapotzalco,Noche (18-23),Lunes,1,1,0,1,0.1869,0.6146,0.1985,Medio,1,50.6
Azcapotzalco,Tarde (12-17),Lunes,1,0,0,1,0.1944,0.4882,0.3174,Medio,1,56.2
Azcapotzalco,Tarde (12-17),Lunes,1,1,0,1,0.1681,0.5234,0.3085,Medio,1,57.0
Azcapotzalco,Madrugada (00-05),Martes,1,0,0,1,0.8927,0.1015,0.0058,Bajo,0,5.7
Azcapotzalco,Madrugada (00-05),Martes,1,1,0,1,0.8852,0.1087,0.0062,Bajo,0,6.1
Azcapotzalco,Mañana (06-11),Martes,1,0,0,1,0.2958,0.5192,0.185,Medio,1,44.5
Azcapotzalco,Mañana (06-11),Martes,1,1,0,1,0.2635,0.5341,0.2024,Medio,1,46.9
Azcapotzalco,Noche (18-23),Martes,1,0,0,1,0.1922,0.599,0.2088,Medio,1,50.8
Azcapotzalco,Noche (18-23),Martes,1,1,0,1,0.2148,0.5651,0.2201,Medio,1,50.3
Azcapotzalco,Tarde (12-17),Martes,1,0,0,1,0.1922,0.5155,0.2924,Medio,1,55.0
Azcapotzalco,Tarde (12-17),Martes,1,1,0,1,0.1606,0.5533,0.2861,Medio,1,56.3
Azcapotzalco,Madrugada (00-05),Miércoles,1,0,0,1,0.8529,0.1386,0.0085,Bajo,0,7.8
Azcapotzalco,Madrugada (00-05),Miércoles,1,1,0,1,0.8407,0.1522,0.0071,Bajo,0,8.3
Azcapotzalco,Mañana (06-11),Miércoles,1,0,0,1,0.2156,0.5404,0.244,Medio,1,51.4
Azcapotzalco,Mañana (06-11),Miércoles,1,1,0,1,0.196,0.5893,0.2146,Medio,1,50.9
Azcapotzalco,Noche (18-23),Miércoles,1,0,0,1,0.1347,0.6277,0.2376,Medio,1,55.1
Azcapotzalco,Noche (18-23),Miércoles,1,1,0,1,0.1614,0.6761,0.1625,Medio,1,50.1
Azcapotzalco,Tarde (12-17),Miércoles,1,0,0,1,0.1506,0.4362,0.4133,Medio,1,63.1
Azcapotzalco,Tarde (12-17),Miércoles,1,1,0,1,0.155,0.4878,0.3572,Medio,1,60.1
Azcapotzalco,Madrugada (00-05),Sábado,1,0,1,1,0.4807,0.4404,0.0789,Bajo,0,29.9
Azcapotzalco,Madrugada (00-05),Sábado,1,1,1,1,0.4134,0.498,0.0886,Medio,1,33.8
Azcapotzalco,Mañana (06-11),Sábado,1,0,1,1,0.3924,0.4678,0.1398,Medio,1,37.4
Azcapotzalco,Mañana (06-11),Sábado,1,1,1,1,0.3249,0.5511,0.124,Medio,1,40.0
Azcapotzalco,Noche (18-23),Sábado,1,0,1,1,0.1896,0.5901,0.2203,Medio,1,51.5
Azcapotzalco,Noche (18-23),Sábado,1,1,1,1,0.1681,0.5933,0.2386,Medio,1,53.5
Azcapotzalco,Tarde (12-17),Sábado,1,0,1,1,0.1475,0.5072,0.3453,Medio,1,59.9
Azcapotzalco,Tarde (12-17),Sábado,1,1,1,1,0.1091,0.5288,0.3621,Medio,1,62.6
Azcapotzalco,Madrugada (00-05),Viernes,1,0,0,1,0.7376,0.2474,0.015,Bajo,0,13.9
Azcapotzalco,Madrugada (00-05),Viernes,1,1,0,1,0.7092,0.2767,0.0141,Bajo,0,15.2
Azcapotzalco,Mañana (06-11),Viernes,1,0,0,1,0.2967,0.4928,0.2105,Medio,1,45.7
Azcapotzalco,Mañana (06-11),Viernes,1,1,0,1,0.2569,0.5551,0.1881,Medio,1,46.6
Azcapotzalco,Noche (18-23),Viernes,1,0,0,1,0.1118,0.4463,0.4418,Medio,1,66.5
Azcapotzalco,Noche (18-23),Viernes,1,1,0,1,0.1332,0.4865,0.3803,Medio,1,62.4
Azcapotzalco,Tarde (12-17),Viernes,1,0,0,1,0.1293,0.5028,0.3679,Medio,1,61.9
Azcapotzalco,Tarde (12-17),Viernes,1,1,0,1,0.1296,0.5573,0.313,Medio,1,59.2
Azcapotzalco,Madrugada (00-05),Domingo,2,0,1,1,0.3593,0.5136,0.127,Medio,1,38.4
Azcapotzalco,Madrugada (00-05),Domingo,2,1,1,1,0.3339,0.5408,0.1254,Medio,1,39.6
Azcapotzalco,Mañana (06-11),Domingo,2,0,1,1,0.3962,0.5015,0.1022,Medio,1,35.3
Azcapotzalco,Mañana (06-11),Domingo,2,1,1,1,0.3683,0.5268,0.1049,Medio,1,36.8
Azcapotzalco,Noche (18-23),Domingo,2,0,1,1,0.1954,0.5232,0.2813,Medio,1,54.3
Azcapotzalco,Noche (18-23),Domingo,2,1,1,1,0.1755,0.5503,0.2742,Medio,1,54.9
Azcapotzalco,Tarde (12-17),Domingo,2,0,1,1,0.1682,0.5653,0.2665,Medio,1,54.9
Azcapotzalco,Tarde (12-17),Domingo,2,1,1,1,0.1493,0.5856,0.2652,Medio,1,55.8
Azcapotzalco,Madrugada (00-05),Jueves,2,0,0,1,0.8026,0.1853,0.012,Bajo,0,10.5
Azcapotzalco,Madrugada (00-05),Jueves,2,1,0,1,0.8016,0.1858,0.0126,Bajo,0,10.6
Azcapotzalco,Mañana (06-11),Jueves,2,0,0,1,0.2681,0.5121,0.2198,Medio,1,47.6
Azcapotzalco,Mañana (06-11),Jueves,2,1,0,1,0.2575,0.5009,0.2416,Medio,1,49.2
Azcapotzalco,Noche (18-23),Jueves,2,0,0,1,0.1927,0.5206,0.2868,Medio,1,54.7
Azcapotzalco,Noche (18-23),Jueves,2,1,0,1,0.1808,0.5267,0.2925,Medio,1,55.6
Azcapotzalco,Tarde (12-17),Jueves,2,0,0,1,0.1403,0.5442,0.3156,Medio,1,58.8
Azcapotzalco,Tarde (12-17),Jueves,2,1,0,1,0.154,0.5074,0.3387,Medio,1,59.2
Azcapotzalco,Madrugada (00-05),Lunes,2,0,0,1,0.7807,0.2055,0.0138,Bajo,0,11.7
Azcapotzalco,Madrugada (00-05),Lunes,2,1,0,1,0.7633,0.2225,0.0142,Bajo,0,12.5
Azcapotzalco,Mañana (06-11),Lunes,2,0,0,1,0.3317,0.4676,0.2007,Medio,1,43.5
Azcapotzalco,Mañana (06-11),Lunes,2,1,0,1,0.2997,0.4988,0.2015,Medio,1,45.1
Azcapotzalco,Noche (18-23),Lunes,2,0,0,1,0.2183,0.5256,0.2562,Medio,1,51.9
Azcapotzalco,Noche (18-23),Lunes,2,1,0,1,0.195,0.5529,0.2522,Medio,1,52.9
Azcapotzalco,Tarde (12-17),Lunes,2,0,0,1,0.1692,0.4522,0.3786,Medio,1,60.5
Azcapotzalco,Tarde (12-17),Lunes,2,1,0,1,0.1477,0.4786,0.3736,Medio,1,61.3
Azcapotzalco,Madrugada (00-05),Martes,2,0,0,1,0.8604,0.1304,0.0092,Bajo,0,7.4
Azcapotzalco,Madrugada (00-05),Martes,2,1,0,1,0.8579,0.1325,0.0096,Bajo,0,7.6
Azcapotzalco,Mañana (06-11),Martes,2,0,0,1,0.2484,0.5194,0.2322,Medio,1,49.2
Azcapotzalco,Mañana (06-11),Martes,2,1,0,1,0.2299,0.5222,0.248,Medio,1,50.9
Azcapotzalco,Noche (18-23),Martes,2,0,0,1,0.2061,0.5377,0.2562,Medio,1,52.5
Azcapotzalco,Noche (18-23),Martes,2,1,0,1,0.2006,0.5133,0.2861,Medio,1,54.3
Azcapotzalco,Tarde (12-17),Martes,2,0,0,1,0.1462,0.4806,0.3733,Medio,1,61.4
Azcapotzalco,Tarde (12-17),Martes,2,1,0,1,0.1228,0.5066,0.3706,Medio,1,62.4
Azcapotzalco,Madrugada (00-05),Miércoles,2,0,0,1,0.8414,0.149,0.0096,Bajo,0,8.4
Azcapotzalco,Madrugada (00-05),Miércoles,2,1,0,1,0.8271,0.1631,0.0097,Bajo,0,9.1
Azcapotzalco,Mañana (06-11),Miércoles,2,0,0,1,0.2468,0.4962,0.257,Medio,1,50.5
Azcapotzalco,Mañana (06-11),Miércoles,2,1,0,1,0.2214,0.5319,0.2467,Medio,1,51.3
Azcapotzalco,Noche (18-23),Miércoles,2,0,0,1,0.1895,0.5626,0.2478,Medio,1,52.9
Azcapotzalco,Noche (18-23),Miércoles,2,1,0,1,0.1685,0.5982,0.2333,Medio,1,53.2
Azcapotzalco,Tarde (12-17),Miércoles,2,0,0,1,0.1526,0.4469,0.4004,Medio,1,62.4
Azcapotzalco,Tarde (12-17),Miércoles,2,1,0,1,0.1429,0.4681,0.389,Medio,1,62.3
Azcapotzalco,Madrugada (00-05),Sábado,2,0,1,1,0.4002,0.4852,0.1146,Medio,1,35.7
Azcapotzalco,Madrugada (00-05),Sábado,2,1,1,1,0.3695,0.5201,0.1104,Medio,1,37.0
Azcapotzalco,Mañana (06-11),Sábado,2,0,1,1,0.3523,0.4782,0.1695,Medio,1,40.9
Azcapotzalco,Mañana (06-11),Sábado,2,1,1,1,0.3139,0.5401,0.146,Medio,1,41.6
Azcapotzalco,Noche (18-23),Sábado,2,0,1,1,0.1796,0.5228,0.2976,Medio,1,55.9
Azcapotzalco,Noche (18-23),Sábado,2,1,1,1,0.1737,0.5423,0.284,Medio,1,55.5
Azcapotzalco,Tarde (12-17),Sábado,2,0,1,1,0.1378,0.4609,0.4013,Medio,1,63.2
Azcapotzalco,Tarde (12-17),Sábado,2,1,1,1,0.1074,0.5043,0.3883,Medio,1,64.0
Azcapotzalco,Madrugada (00-05),Viernes,2,0,0,1,0.7317,0.2495,0.0188,Bajo,0,14.4
Azcapotzalco,Madrugada (00-05),Viernes,2,1,0,1,0.7043,0.2775,0.0182,Bajo,0,15.7
Azcapotzalco,Mañana (06-11),Viernes,2,0,0,1,0.2958,0.4694,0.2348,Medio,1,46.9
Azcapotzalco,Mañana (06-11),Viernes,2,1,0,1,0.2569,0.5252,0.2178,Medio,1,48.0
Azcapotzalco,Noche (18-23),Viernes,2,0,0,1,0.1076,0.419,0.4734,Alto,2,68.3
Azcapotzalco,Noche (18-23),Viernes,2,1,0,1,0.1122,0.4593,0.4286,Medio,1,65.8
Azcapotzalco,Tarde (12-17),Viernes,2,0,0,1,0.1166,0.4596,0.4238,Medio,1,65.4
Azcapotzalco,Tarde (12-17),Viernes,2,1,0,1,0.1167,0.5111,0.3722,Medio,1,62.8
Azcapotzalco,Madrugada (00-05),Domingo,3,0,1,1,0.3681,0.5012,0.1307,Medio,1,38.1
Azcapotzalco,Madrugada (00-05),Domingo,3,1,1,1,0.3408,0.5331,0.1261,Medio,1,39.3
Azcapotzalco,Mañana (06-11),Domingo,3,0,1,1,0.4001,0.4958,0.1041,Medio,1,35.2
Azcapotzalco,Mañana (06-11),Domingo,3,1,1,1,0.3721,0.5238,0.1041,Medio,1,36.6
Azcapotzalco,Noche (18-23),Domingo,3,0,1,1,0.2075,0.5151,0.2774,Medio,1,53.5
Azcapotzalco,Noche (18-23),Domingo,3,1,1,1,0.1862,0.546,0.2678,Medio,1,54.1
Azcapotzalco,Tarde (12-17),Domingo,3,0,1,1,0.1837,0.5396,0.2768,Medio,1,54.7
Azcapotzalco,Tarde (12-17),Domingo,3,1,1,1,0.1687,0.5623,0.269,Medio,1,55.0
Azcapotzalco,Madrugada (00-05),Jueves,3,0,0,1,0.801,0.1866,0.0125,Bajo,0,10.6
Azcapotzalco,Madrugada (00-05),Jueves,3,1,0,1,0.7935,0.1937,0.0129,Bajo,0,11.0
Azcapotzalco,Mañana (06-11),Jueves,3,0,0,1,0.2637,0.5096,0.2268,Medio,1,48.2
Azcapotzalco,Mañana (06-11),Jueves,3,1,0,1,0.2507,0.5062,0.243,Medio,1,49.6
Azcapotzalco,Noche (18-23),Jueves,3,0,0,1,0.196,0.5138,0.2901,Medio,1,54.7
Azcapotzalco,Noche (18-23),Jueves,3,1,0,1,0.1822,0.5305,0.2873,Medio,1,55.3
Azcapotzalco,Tarde (12-17),Jueves,3,0,0,1,0.148,0.5274,0.3246,Medio,1,58.8
Azcapotzalco,Tarde (12-17),Jueves,3,1,0,1,0.161,0.5023,0.3367,Medio,1,58.8
Azcapotzalco,Madrugada (00-05),Lunes,3,0,0,1,0.7822,0.2038,0.014,Bajo,0,11.6
Azcapotzalco,Madrugada (00-05),Lunes,3,1,0,1,0.7606,0.2253,0.0141,Bajo,0,12.7
Azcapotzalco,Mañana (06-11),Lunes,3,0,0,1,0.3312,0.4627,0.2061,Medio,1,43.7
Azcapotzalco,Mañana (06-11),Lunes,3,1,0,1,0.2985,0.5008,0.2007,Medio,1,45.1
Azcapotzalco,Noche (18-23),Lunes,3,0,0,1,0.2429,0.5081,0.249,Medio,1,50.3
Azcapotzalco,Noche (18-23),Lunes,3,1,0,1,0.2347,0.532,0.2333,Medio,1,49.9
Azcapotzalco,Tarde (12-17),Lunes,3,0,0,1,0.1566,0.4572,0.3861,Medio,1,61.5
Azcapotzalco,Tarde (12-17),Lunes,3,1,0,1,0.1483,0.4861,0.3656,Medio,1,60.9
Azcapotzalco,Madrugada (00-05),Martes,3,0,0,1,0.8639,0.1267,0.0094,Bajo,0,7.3
Azcapotzalco,Madrugada (00-05),Martes,3,1,0,1,0.8509,0.1391,0.01,Bajo,0,8.0
Azcapotzalco,Mañana (06-11),Martes,3,0,0,1,0.2376,0.5081,0.2543,Medio,1,50.8
Azcapotzalco,Mañana (06-11),Martes,3,1,0,1,0.2072,0.5213,0.2716,Medio,1,53.2
Azcapotzalco,Noche (18-23),Martes,3,0,0,1,0.2187,0.5275,0.2538,Medio,1,51.8
Azcapotzalco,Noche (18-23),Martes,3,1,0,1,0.193,0.5411,0.2658,Medio,1,53.6
Azcapotzalco,Tarde (12-17),Martes,3,0,0,1,0.156,0.4555,0.3885,Medio,1,61.6
Azcapotzalco,Tarde (12-17),Martes,3,1,0,1,0.1265,0.4929,0.3806,Medio,1,62.7
Azcapotzalco,Madrugada (00-05),Miércoles,3,0,0,1,0.8465,0.1438,0.0097,Bajo,0,8.2
Azcapotzalco,Madrugada (00-05),Miércoles,3,1,0,1,0.835,0.1552,0.0098,Bajo,0,8.7
Azcapotzalco,Mañana (06-11),Miércoles,3,0,0,1,0.2597,0.4722,0.2681,Medio,1,50.4
Azcapotzalco,Mañana (06-11),Miércoles,3,1,0,1,0.2397,0.499,0.2614,Medio,1,51.1
Azcapotzalco,Noche (18-23),Miércoles,3,0,0,1,0.202,0.5408,0.2572,Medio,1,52.8
Azcapotzalco,Noche (18-23),Miércoles,3,1,0,1,0.1849,0.5713,0.2438,Medio,1,52.9
Azcapotzalco,Tarde (12-17),Miércoles,3,0,0,1,0.1692,0.4303,0.4005,Medio,1,61.6
Azcapotzalco,Tarde (12-17),Miércoles,3,1,0,1,0.1611,0.4436,0.3954,Medio,1,61.7
Azcapotzalco,Madrugada (00-05),Sábado,3,0,1,1,0.4059,0.4774,0.1167,Medio,1,35.5
Azcapotzalco,Madrugada (00-05),Sábado,3,1,1,1,0.376,0.5133,0.1107,Medio,1,36.7
Azcapotzalco,Mañana (06-11),Sábado,3,0,1,1,0.3523,0.4768,0.1709,Medio,1,40.9
Azcapotzalco,Mañana (06-11),Sábado,3,1,1,1,0.311,0.547,0.142,Medio,1,41.6
Azcapotzalco,Noche (18-23),Sábado,3,0,1,1,0.1898,0.5153,0.2949,Medio,1,55.3
Azcapotzalco,Noche (18-23),Sábado,3,1,1,1,0.1846,0.5347,0.2807,Medio,1,54.8
Azcapotzalco,Tarde (12-17),Sábado,3,0,1,1,0.1539,0.4636,0.3825,Medio,1,61.4
Azcapotzalco,Tarde (12-17),Sábado,3,1,1,1,0.1283,0.5243,0.3474,Medio,1,61.0
Azcapotzalco,Madrugada (00-05),Viernes,3,0,0,1,0.7362,0.2441,0.0197,Bajo,0,14.2
Azcapotzalco,Madrugada (00-05),Viernes,3,1,0,1,0.7033,0.2786,0.0181,Bajo,0,15.7
Azcapotzalco,Mañana (06-11),Viernes,3,0,0,1,0.2969,0.4666,0.2365,Medio,1,47.0
Azcapotzalco,Mañana (06-11),Viernes,3,1,0,1,0.2598,0.5388,0.2014,Medio,1,47.1
Azcapotzalco,Noche (18-23),Viernes,3,0,0,1,0.1096,0.4125,0.4779,Alto,2,68.4
Azcapotzalco,Noche (18-23),Viernes,3,1,0,1,0.1137,0.4699,0.4163,Medio,1,65.1
Azcapotzalco,Tarde (12-17),Viernes,3,0,0,1,0.1301,0.4161,0.4539,Alto,2,66.2
Azcapotzalco,Tarde (12-17),Viernes,3,1,0,1,0.135,0.4884,0.3766,Medio,1,62.1
Azcapotzalco,Madrugada (00-05),Domingo,4,0,1,2,0.3595,0.5305,0.1099,Medio,1,37.5
Azcapotzalco,Madrugada (00-05),Domingo,4,1,1,2,0.3612,0.5194,0.1195,Medio,1,37.9
Azcapotzalco,Mañana (06-11),Domingo,4,0,1,2,0.4212,0.4859,0.0928,Medio,1,33.6
Azcapotzalco,Mañana (06-11),Domingo,4,1,1,2,0.4093,0.4882,0.1025,Medio,1,34.7
Azcapotzalco,Noche (18-23),Domingo,4,0,1,2,0.1811,0.5755,0.2434,Medio,1,53.1
Azcapotzalco,Noche (18-23),Domingo,4,1,1,2,0.1791,0.5508,0.2701,Medio,1,54.6
Azcapotzalco,Tarde (12-17),Domingo,4,0,1,2,0.186,0.6054,0.2086,Medio,1,51.1
Azcapotzalco,Tarde (12-17),Domingo,4,1,1,2,0.186,0.5765,0.2374,Medio,1,52.6
Azcapotzalco,Madrugada (00-05),Jueves,4,0,0,2,0.7956,0.1932,0.0113,Bajo,0,10.8
Azcapotzalco,Madrugada (00-05),Jueves,4,1,0,2,0.8003,0.1873,0.0125,Bajo,0,10.6
Azcapotzalco,Mañana (06-11),Jueves,4,0,0,2,0.2926,0.5264,0.181,Medio,1,44.4
Azcapotzalco,Mañana (06-11),Jueves,4,1,0,2,0.2781,0.5133,0.2087,Medio,1,46.5
Azcapotzalco,Noche (18-23),Jueves,4,0,0,2,0.164,0.5679,0.2681,Medio,1,55.2
Azcapotzalco,Noche (18-23),Jueves,4,1,0,2,0.1571,0.5445,0.2985,Medio,1,57.1
Azcapotzalco,Tarde (12-17),Jueves,4,0,0,2,0.1601,0.5659,0.274,Medio,1,55.7
Azcapotzalco,Tarde (12-17),Jueves,4,1,0,2,0.1849,0.5017,0.3135,Medio,1,56.4
Azcapotzalco,Madrugada (00-05),Lunes,4,0,0,2,0.7861,0.2002,0.0137,Bajo,0,11.4
Azcapotzalco,Madrugada (00-05),Lunes,4,1,0,2,0.7713,0.2142,0.0145,Bajo,0,12.2
Azcapotzalco,Mañana (06-11),Lunes,4,0,0,2,0.3497,0.4783,0.172,Medio,1,41.1
Azcapotzalco,Mañana (06-11),Lunes,4,1,0,2,0.3123,0.5107,0.177,Medio,1,43.2
Azcapotzalco,Noche (18-23),Lunes,4,0,0,2,0.2286,0.5394,0.232,Medio,1,50.2
Azcapotzalco,Noche (18-23),Lunes,4,1,0,2,0.2296,0.5329,0.2375,Medio,1,50.4
Azcapotzalco,Tarde (12-17),Lunes,4,0,0,2,0.1561,0.4765,0.3674,Medio,1,60.6
Azcapotzalco,Tarde (12-17),Lunes,4,1,0,2,0.1492,0.4787,0.3721,Medio,1,61.1
Azcapotzalco,Madrugada (00-05),Martes,4,0,0,2,0.862,0.13,0.0081,Bajo,0,7.3
Azcapotzalco,Madrugada (00-05),Martes,4,1,0,2,0.8564,0.1341,0.0094,Bajo,0,7.7
Azcapotzalco,Mañana (06-11),Martes,4,0,0,2,0.2851,0.5245,0.1904,Medio,1,45.3
Azcapotzalco,Mañana (06-11),Martes,4,1,0,2,0.2476,0.5334,0.219,Medio,1,48.6
Azcapotzalco,Noche (18-23),Martes,4,0,0,2,0.1986,0.571,0.2304,Medio,1,51.6
Azcapotzalco,Noche (18-23),Martes,4,1,0,2,0.1693,0.583,0.2477,Medio,1,53.9
Azcapotzalco,Tarde (12-17),Martes,4,0,0,2,0.172,0.5117,0.3163,Medio,1,57.2
Azcapotzalco,Tarde (12-17),Martes,4,1,0,2,0.1437,0.5126,0.3437,Medio,1,60.0
Azcapotzalco,Madrugada (00-05),Miércoles,4,0,0,2,0.839,0.1514,0.0096,Bajo,0,8.5
Azcapotzalco,Madrugada (00-05),Miércoles,4,1,0,2,0.837,0.1528,0.0102,Bajo,0,8.7
Azcapotzalco,Mañana (06-11),Miércoles,4,0,0,2,0.2956,0.4874,0.217,Medio,1,46.1
Azcapotzalco,Mañana (06-11),Miércoles,4,1,0,2,0.2746,0.4999,0.2254,Medio,1,47.5
Azcapotzalco,Noche (18-23),Miércoles,4,0,0,2,0.1664,0.5787,0.2549,Medio,1,54.4
Azcapotzalco,Noche (18-23),Miércoles,4,1,0,2,0.1629,0.5752,0.2619,Medio,1,54.9
Azcapotzalco,Tarde (12-17),Miércoles,4,0,0,2,0.1707,0.5027,0.3266,Medio,1,57.8
Azcapotzalco,Tarde (12-17),Miércoles,4,1,0,2,0.1674,0.4883,0.3443,Medio,1,58.8
Azcapotzalco,Madrugada (00-05),Sábado,4,0,1,2,0.399,0.5032,0.0978,Medio,1,34.9
Azcapotzalco,Madrugada (00-05),Sábado,4,1,1,2,0.4034,0.4908,0.1058,Medio,1,35.1
Azcapotzalco,Mañana (06-11),Sábado,4,0,1,2,0.3795,0.4671,0.1534,Medio,1,38.7
Azcapotzalco,Mañana (06-11),Sábado,4,1,1,2,0.3592,0.4953,0.1456,Medio,1,39.3
Azcapotzalco,Noche (18-23),Sábado,4,0,1,2,0.1682,0.5738,0.258,Medio,1,54.5
Azcapotzalco,Noche (18-23),Sábado,4,1,1,2,0.1819,0.5314,0.2867,Medio,1,55.2
Azcapotzalco,Tarde (12-17),Sábado,4,0,1,2,0.1588,0.5271,0.3142,Medio,1,57.8
Azcapotzalco,Tarde (12-17),Sábado,4,1,1,2,0.1556,0.5144,0.3301,Medio,1,58.7
Azcapotzalco,Madrugada (00-05),Viernes,4,0,0,2,0.717,0.2647,0.0183,Bajo,0,15.1
Azcapotzalco,Madrugada (00-05),Viernes,4,1,0,2,0.6962,0.2852,0.0187,Bajo,0,16.1
Azcapotzalco,Mañana (06-11),Viernes,4,0,0,2,0.3312,0.4863,0.1826,Medio,1,42.6
Azcapotzalco,Mañana (06-11),Viernes,4,1,0,2,0.2893,0.5424,0.1682,Medio,1,43.9
Azcapotzalco,Noche (18-23),Viernes,4,0,0,2,0.0977,0.4696,0.4327,Medio,1,66.8
Azcapotzalco,Noche (18-23),Viernes,4,1,0,2,0.1026,0.4823,0.4151,Medio,1,65.6
Azcapotzalco,Tarde (12-17),Viernes,4,0,0,2,0.1281,0.5219,0.35,Medio,1,61.1
Azcapotzalco,Tarde (12-17),Viernes,4,1,0,2,0.1304,0.5372,0.3324,Medio,1,60.1
Azcapotzalco,Madrugada (00-05),Domingo,5,0,1,2,0.3453,0.5254,0.1293,Medio,1,39.2
Azcapotzalco,Madrugada (00-05),Domingo,5,1,1,2,0.3468,0.5198,0.1334,Medio,1,39.3
Azcapotzalco,Mañana (06-11),Domingo,5,0,1,2,0.3995,0.5022,0.0983,Medio,1,34.9
Azcapotzalco,Mañana (06-11),Domingo,5,1,1,2,0.3904,0.5093,0.1003,Medio,1,35.5
Azcapotzalco,Noche (18-23),Domingo,5,0,1,2,0.1777,0.5504,0.2719,Medio,1,54.7
Azcapotzalco,Noche (18-23),Domingo,5,1,1,2,0.1786,0.5464,0.275,Medio,1,54.8
Azcapotzalco,Tarde (12-17),Domingo,5,0,1,2,0.1665,0.5935,0.24,Medio,1,53.7
Azcapotzalco,Tarde (12-17),Domingo,5,1,1,2,0.1685,0.5762,0.2553,Medio,1,54.3
Azcapotzalco,Madrugada (00-05),Jueves,5,0,0,2,0.7859,0.2016,0.0125,Bajo,0,11.3
Azcapotzalco,Madrugada (00-05),Jueves,5,1,0,2,0.7929,0.1941,0.013,Bajo,0,11.0
Azcapotzalco,Mañana (06-11),Jueves,5,0,0,2,0.2694,0.5299,0.2006,Medio,1,46.6
Azcapotzalco,Mañana (06-11),Jueves,5,1,0,2,0.2626,0.5189,0.2185,Medio,1,47.8
Azcapotzalco,Noche (18-23),Jueves,5,0,0,2,0.1557,0.5573,0.287,Medio,1,56.6
Azcapotzalco,Noche (18-23),Jueves,5,1,0,2,0.1579,0.5493,0.2927,Medio,1,56.7
Azcapotzalco,Tarde (12-17),Jueves,5,0,0,2,0.1357,0.5769,0.2874,Medio,1,57.6
Azcapotzalco,Tarde (12-17),Jueves,5,1,0,2,0.1617,0.5199,0.3184,Medio,1,57.8
Azcapotzalco,Madrugada (00-05),Lunes,5,0,0,2,0.763,0.2227,0.0144,Bajo,0,12.6
Azcapotzalco,Madrugada (00-05),Lunes,5,1,0,2,0.7593,0.2261,0.0145,Bajo,0,12.8
Azcapotzalco,Mañana (06-11),Lunes,5,0,0,2,0.3115,0.5083,0.1802,Medio,1,43.4
Azcapotzalco,Mañana (06-11),Lunes,5,1,0,2,0.2914,0.528,0.1806,Medio,1,44.5
Azcapotzalco,Noche (18-23),Lunes,5,0,0,2,0.2138,0.5458,0.2404,Medio,1,51.3
Azcapotzalco,Noche (18-23),Lunes,5,1,0,2,0.2281,0.5394,0.2325,Medio,1,50.2
Azcapotzalco,Tarde (12-17),Lunes,5,0,0,2,0.1375,0.5122,0.3503,Medio,1,60.6
Azcapotzalco,Tarde (12-17),Lunes,5,1,0,2,0.1384,0.5081,0.3535,Medio,1,60.8
Azcapotzalco,Madrugada (00-05),Martes,5,0,0,2,0.8593,0.1318,0.0089,Bajo,0,7.5
Azcapotzalco,Madrugada (00-05),Martes,5,1,0,2,0.8568,0.1339,0.0093,Bajo,0,7.6
Azcapotzalco,Mañana (06-11),Martes,5,0,0,2,0.2544,0.533,0.2125,Medio,1,47.9
Azcapotzalco,Mañana (06-11),Martes,5,1,0,2,0.2294,0.5481,0.2225,Medio,1,49.7
Azcapotzalco,Noche (18-23),Martes,5,0,0,2,0.1985,0.5434,0.2582,Medio,1,53.0
Azcapotzalco,Noche (18-23),Martes,5,1,0,2,0.1914,0.5454,0.2632,Medio,1,53.6
Azcapotzalco,Tarde (12-17),Martes,5,0,0,2,0.1599,0.5132,0.3269,Medio,1,58.3
Azcapotzalco,Tarde (12-17),Martes,5,1,0,2,0.1387,0.5249,0.3365,Medio,1,59.9
Azcapotzalco,Madrugada (00-05),Miércoles,5,0,0,2,0.8034,0.186,0.0105,Bajo,0,10.4
Azcapotzalco,Madrugada (00-05),Miércoles,5,1,0,2,0.8049,0.1846,0.0105,Bajo,0,10.3
Azcapotzalco,Mañana (06-11),Miércoles,5,0,0,2,0.2452,0.5127,0.2421,Medio,1,49.8
Azcapotzalco,Mañana (06-11),Miércoles,5,1,0,2,0.2407,0.5206,0.2387,Medio,1,49.9
Azcapotzalco,Noche (18-23),Miércoles,5,0,0,2,0.1489,0.5952,0.2558,Medio,1,55.3
Azcapotzalco,Noche (18-23),Miércoles,5,1,0,2,0.1589,0.5933,0.2479,Medio,1,54.4
Azcapotzalco,Tarde (12-17),Miércoles,5,0,0,2,0.1349,0.5586,0.3065,Medio,1,58.6
Azcapotzalco,Tarde (12-17),Miércoles,5,1,0,2,0.1327,0.5648,0.3025,Medio,1,58.5
Azcapotzalco,Madrugada (00-05),Sábado,5,0,1,2,0.3903,0.4901,0.1196,Medio,1,36.5
Azcapotzalco,Madrugada (00-05),Sábado,5,1,1,2,0.4047,0.4689,0.1264,Medio,1,36.1
Azcapotzalco,Mañana (06-11),Sábado,5,0,1,2,0.3605,0.4761,0.1634,Medio,1,40.1
Azcapotzalco,Mañana (06-11),Sábado,5,1,1,2,0.3563,0.4864,0.1573,Medio,1,40.0
Azcapotzalco,Noche (18-23),Sábado,5,0,1,2,0.1629,0.5328,0.3043,Medio,1,57.1
Azcapotzalco,Noche (18-23),Sábado,5,1,1,2,0.1663,0.5154,0.3184,Medio,1,57.6
Azcapotzalco,Tarde (12-17),Sábado,5,0,1,2,0.1378,0.4797,0.3825,Medio,1,62.2
Azcapotzalco,Tarde (12-17),Sábado,5,1,1,2,0.1388,0.459,0.4021,Medio,1,63.2
Azcapotzalco,Madrugada (00-05),Viernes,5,0,0,2,0.7086,0.272,0.0194,Bajo,0,15.5
Azcapotzalco,Madrugada (00-05),Viernes,5,1,0,2,0.6854,0.2959,0.0187,Bajo,0,16.7
Azcapotzalco,Mañana (06-11),Viernes,5,0,0,2,0.2985,0.5079,0.1936,Medio,1,44.8
Azcapotzalco,Mañana (06-11),Viernes,5,1,0,2,0.2589,0.573,0.1681,Medio,1,45.5
Azcapotzalco,Noche (18-23),Viernes,5,0,0,2,0.0856,0.4723,0.442,Medio,1,67.8
Azcapotzalco,Noche (18-23),Viernes,5,1,0,2,0.0995,0.4902,0.4102,Medio,1,65.5
Azcapotzalco,Tarde (12-17),Viernes,5,0,0,2,0.1278,0.5016,0.3706,Medio,1,62.1
Azcapotzalco,Tarde (12-17),Viernes,5,1,0,2,0.1311,0.5306,0.3383,Medio,1,60.4
Azcapotzalco,Madrugada (00-05),Domingo,6,0,1,2,0.336,0.5157,0.1483,Medio,1,40.6
Azcapotzalco,Madrugada (00-05),Domingo,6,1,1,2,0.3477,0.5068,0.1455,Medio,1,39.9
Azcapotzalco,Mañana (06-11),Domingo,6,0,1,2,0.3616,0.5403,0.0981,Medio,1,36.8
Azcapotzalco,Mañana (06-11),Domingo,6,1,1,2,0.3825,0.5193,0.0982,Medio,1,35.8
Azcapotzalco,Noche (18-23),Domingo,6,0,1,2,0.1778,0.5368,0.2854,Medio,1,55.4
Azcapotzalco,Noche (18-23),Domingo,6,1,1,2,0.1819,0.5456,0.2725,Medio,1,54.5
Azcapotzalco,Tarde (12-17),Domingo,6,0,1,2,0.1746,0.5946,0.2308,Medio,1,52.8
Azcapotzalco,Tarde (12-17),Domingo,6,1,1,2,0.182,0.5844,0.2336,Medio,1,52.6
Azcapotzalco,Madrugada (00-05),Jueves,6,0,0,2,0.7931,0.1948,0.0121,Bajo,0,10.9
Azcapotzalco,Madrugada (00-05),Jueves,6,1,0,2,0.8001,0.1877,0.0122,Bajo,0,10.6
Azcapotzalco,Mañana (06-11),Jueves,6,0,0,2,0.2645,0.5448,0.1907,Medio,1,46.3
Azcapotzalco,Mañana (06-11),Jueves,6,1,0,2,0.2794,0.5174,0.2031,Medio,1,46.2
Azcapotzalco,Noche (18-23),Jueves,6,0,0,2,0.1741,0.5533,0.2726,Medio,1,54.9
Azcapotzalco,Noche (18-23),Jueves,6,1,0,2,0.1725,0.5578,0.2697,Medio,1,54.9
Azcapotzalco,Tarde (12-17),Jueves,6,0,0,2,0.1511,0.5942,0.2546,Medio,1,55.2
Azcapotzalco,Tarde (12-17),Jueves,6,1,0,2,0.1817,0.5392,0.279,Medio,1,54.9
Azcapotzalco,Madrugada (00-05),Lunes,6,0,0,2,0.7701,0.2159,0.014,Bajo,0,12.2
Azcapotzalco,Madrugada (00-05),Lunes,6,1,0,2,0.7669,0.2199,0.0131,Bajo,0,12.3
Azcapotzalco,Mañana (06-11),Lunes,6,0,0,2,0.3084,0.5175,0.1741,Medio,1,43.3
Azcapotzalco,Mañana (06-11),Lunes,6,1,0,2,0.3149,0.5186,0.1665,Medio,1,42.6
Azcapotzalco,Noche (18-23),Lunes,6,0,0,2,0.2159,0.5472,0.2369,Medio,1,51.1
Azcapotzalco,Noche (18-23),Lunes,6,1,0,2,0.2323,0.5536,0.2141,Medio,1,49.1
Azcapotzalco,Tarde (12-17),Lunes,6,0,0,2,0.206,0.5349,0.2591,Medio,1,52.7
Azcapotzalco,Tarde (12-17),Lunes,6,1,0,2,0.2124,0.5462,0.2413,Medio,1,51.4
Azcapotzalco,Madrugada (00-05),Martes,6,0,0,2,0.8689,0.1222,0.0088,Bajo,0,7.0
Azcapotzalco,Madrugada (00-05),Martes,6,1,0,2,0.8643,0.127,0.0087,Bajo,0,7.2
Azcapotzalco,Mañana (06-11),Martes,6,0,0,2,0.2546,0.5339,0.2114,Medio,1,47.8
Azcapotzalco,Mañana (06-11),Martes,6,1,0,2,0.2457,0.5407,0.2136,Medio,1,48.4
Azcapotzalco,Noche (18-23),Martes,6,0,0,2,0.2123,0.5225,0.2652,Medio,1,52.6
Azcapotzalco,Noche (18-23),Martes,6,1,0,2,0.2044,0.5441,0.2515,Medio,1,52.4
Azcapotzalco,Tarde (12-17),Martes,6,0,0,2,0.1953,0.5062,0.2986,Medio,1,55.2
Azcapotzalco,Tarde (12-17),Martes,6,1,0,2,0.1878,0.5301,0.2821,Medio,1,54.7
Azcapotzalco,Madrugada (00-05),Miércoles,6,0,0,2,0.8227,0.1669,0.0104,Bajo,0,9.4
Azcapotzalco,Madrugada (00-05),Miércoles,6,1,0,2,0.8217,0.1684,0.0099,Bajo,0,9.4
Azcapotzalco,Mañana (06-11),Miércoles,6,0,0,2,0.2379,0.5292,0.2329,Medio,1,49.7
Azcapotzalco,Mañana (06-11),Miércoles,6,1,0,2,0.2594,0.5178,0.2227,Medio,1,48.2
Azcapotzalco,Noche (18-23),Miércoles,6,0,0,2,0.1628,0.564,0.2732,Medio,1,55.5
Azcapotzalco,Noche (18-23),Miércoles,6,1,0,2,0.1726,0.5775,0.2499,Medio,1,53.9
Azcapotzalco,Tarde (12-17),Miércoles,6,0,0,2,0.1774,0.5333,0.2893,Medio,1,55.6
Azcapotzalco,Tarde (12-17),Miércoles,6,1,0,2,0.1767,0.5578,0.2655,Medio,1,54.4
Azcapotzalco,Madrugada (00-05),Sábado,6,0,1,2,0.3767,0.4881,0.1352,Medio,1,37.9
Azcapotzalco,Madrugada (00-05),Sábado,6,1,1,2,0.3973,0.4675,0.1352,Medio,1,36.9
Azcapotzalco,Mañana (06-11),Sábado,6,0,1,2,0.3255,0.5207,0.1539,Medio,1,41.4
Azcapotzalco,Mañana (06-11),Sábado,6,1,1,2,0.347,0.507,0.146,Medio,1,39.9
Azcapotzalco,Noche (18-23),Sábado,6,0,1,2,0.1724,0.5055,0.3221,Medio,1,57.5
Azcapotzalco,Noche (18-23),Sábado,6,1,1,2,0.1728,0.5101,0.3171,Medio,1,57.2
Azcapotzalco,Tarde (12-17),Sábado,6,0,1,2,0.1417,0.4729,0.3854,Medio,1,62.2
Azcapotzalco,Tarde (12-17),Sábado,6,1,1,2,0.147,0.465,0.3881,Medio,1,62.1
Azcapotzalco,Madrugada (00-05),Viernes,6,0,0,2,0.7228,0.2576,0.0196,Bajo,0,14.8
Azcapotzalco,Madrugada (00-05),Viernes,6,1,0,2,0.702,0.2798,0.0182,Bajo,0,15.8
Azcapotzalco,Mañana (06-11),Viernes,6,0,0,2,0.3009,0.5029,0.1961,Medio,1,44.8
Azcapotzalco,Mañana (06-11),Viernes,6,1,0,2,0.281,0.5475,0.1715,Medio,1,44.5
Azcapotzalco,Noche (18-23),Viernes,6,0,0,2,0.0906,0.4449,0.4645,Alto,2,68.7
Azcapotzalco,Noche (18-23),Viernes,6,1,0,2,0.1057,0.4831,0.4112,Medio,1,65.3
Azcapotzalco,Tarde (12-17),Viernes,6,0,0,2,0.1481,0.5059,0.346,Medio,1,59.9
Azcapotzalco,Tarde (12-17),Viernes,6,1,0,2,0.1532,0.5509,0.2959,Medio,1,57.1
Azcapotzalco,Madrugada (00-05),Domingo,7,0,1,3,0.3098,0.547,0.1432,Medio,1,41.7
Azcapotzalco,Madrugada (00-05),Domingo,7,1,1,3,0.3185,0.536,0.1455,Medio,1,41.4
Azcapotzalco,Mañana (06-11),Domingo,7,0,1,3,0.3525,0.5582,0.0893,Medio,1,36.8
Azcapotzalco,Mañana (06-11),Domingo,7,1,1,3,0.36,0.5501,0.0899,Medio,1,36.5
Azcapotzalco,Noche (18-23),Domingo,7,0,1,3,0.1671,0.5678,0.2652,Medio,1,54.9
Azcapotzalco,Noche (18-23),Domingo,7,1,1,3,0.1588,0.5867,0.2545,Medio,1,54.8
Azcapotzalco,Tarde (12-17),Domingo,7,0,1,3,0.1697,0.5947,0.2356,Medio,1,53.3
Azcapotzalco,Tarde (12-17),Domingo,7,1,1,3,0.1741,0.5816,0.2444,Medio,1,53.5
Azcapotzalco,Madrugada (00-05),Jueves,7,0,0,3,0.7949,0.1931,0.012,Bajo,0,10.9
Azcapotzalco,Madrugada (00-05),Jueves,7,1,0,3,0.7935,0.1944,0.0121,Bajo,0,10.9
Azcapotzalco,Mañana (06-11),Jueves,7,0,0,3,0.3163,0.5055,0.1781,Medio,1,43.1
Azcapotzalco,Mañana (06-11),Jueves,7,1,0,3,0.3131,0.5047,0.1822,Medio,1,43.5
Azcapotzalco,Noche (18-23),Jueves,7,0,0,3,0.1746,0.5501,0.2753,Medio,1,55.0
Azcapotzalco,Noche (18-23),Jueves,7,1,0,3,0.1613,0.5723,0.2664,Medio,1,55.3
Azcapotzalco,Tarde (12-17),Jueves,7,0,0,3,0.1495,0.5723,0.2782,Medio,1,56.4
Azcapotzalco,Tarde (12-17),Jueves,7,1,0,3,0.1654,0.5551,0.2794,Medio,1,55.7
Azcapotzalco,Madrugada (00-05),Lunes,7,0,0,3,0.7389,0.2477,0.0134,Bajo,0,13.7
Azcapotzalco,Madrugada (00-05),Lunes,7,1,0,3,0.7279,0.2588,0.0134,Bajo,0,14.3
Azcapotzalco,Mañana (06-11),Lunes,7,0,0,3,0.3,0.5371,0.1629,Medio,1,43.1
Azcapotzalco,Mañana (06-11),Lunes,7,1,0,3,0.2872,0.5582,0.1546,Medio,1,43.4
Azcapotzalco,Noche (18-23),Lunes,7,0,0,3,0.1946,0.5875,0.2179,Medio,1,51.2
Azcapotzalco,Noche (18-23),Lunes,7,1,0,3,0.1934,0.5997,0.2069,Medio,1,50.7
Azcapotzalco,Tarde (12-17),Lunes,7,0,0,3,0.1433,0.6202,0.2366,Medio,1,54.7
Azcapotzalco,Tarde (12-17),Lunes,7,1,0,3,0.1392,0.6362,0.2246,Medio,1,54.3
Azcapotzalco,Madrugada (00-05),Martes,7,0,0,3,0.8719,0.1199,0.0082,Bajo,0,6.8
Azcapotzalco,Madrugada (00-05),Martes,7,1,0,3,0.864,0.1276,0.0085,Bajo,0,7.2
Azcapotzalco,Mañana (06-11),Martes,7,0,0,3,0.2958,0.5118,0.1924,Medio,1,44.8
Azcapotzalco,Mañana (06-11),Martes,7,1,0,3,0.2709,0.5312,0.1978,Medio,1,46.3
Azcapotzalco,Noche (18-23),Martes,7,0,0,3,0.2287,0.5221,0.2492,Medio,1,51.0
Azcapotzalco,Noche (18-23),Martes,7,1,0,3,0.208,0.5489,0.2431,Medio,1,51.8
Azcapotzalco,Tarde (12-17),Martes,7,0,0,3,0.1936,0.5168,0.2896,Medio,1,54.8
Azcapotzalco,Tarde (12-17),Martes,7,1,0,3,0.1786,0.5388,0.2826,Medio,1,55.2
Azcapotzalco,Madrugada (00-05),Miércoles,7,0,0,3,0.8456,0.1452,0.0092,Bajo,0,8.2
Azcapotzalco,Madrugada (00-05),Miércoles,7,1,0,3,0.8411,0.1498,0.0091,Bajo,0,8.4
Azcapotzalco,Mañana (06-11),Miércoles,7,0,0,3,0.4036,0.4208,0.1756,Medio,1,38.6
Azcapotzalco,Mañana (06-11),Miércoles,7,1,0,3,0.3406,0.4681,0.1912,Medio,1,42.5
Azcapotzalco,Noche (18-23),Miércoles,7,0,0,3,0.1697,0.5628,0.2675,Medio,1,54.9
Azcapotzalco,Noche (18-23),Miércoles,7,1,0,3,0.1712,0.5781,0.2507,Medio,1,54.0
Azcapotzalco,Tarde (12-17),Miércoles,7,0,0,3,0.191,0.5168,0.2923,Medio,1,55.1
Azcapotzalco,Tarde (12-17),Miércoles,7,1,0,3,0.1832,0.5396,0.2772,Medio,1,54.7
Azcapotzalco,Madrugada (00-05),Sábado,7,0,1,3,0.3502,0.5132,0.1366,Medio,1,39.3
Azcapotzalco,Madrugada (00-05),Sábado,7,1,1,3,0.3611,0.4998,0.1391,Medio,1,38.9
Azcapotzalco,Mañana (06-11),Sábado,7,0,1,3,0.3161,0.5402,0.1438,Medio,1,41.4
Azcapotzalco,Mañana (06-11),Sábado,7,1,1,3,0.322,0.5479,0.1301,Medio,1,40.4
Azcapotzalco,Noche (18-23),Sábado,7,0,1,3,0.1606,0.5261,0.3134,Medio,1,57.6
Azcapotzalco,Noche (18-23),Sábado,7,1,1,3,0.1459,0.5517,0.3024,Medio,1,57.8
Azcapotzalco,Tarde (12-17),Sábado,7,0,1,3,0.1344,0.4522,0.4134,Medio,1,64.0
Azcapotzalco,Tarde (12-17),Sábado,7,1,1,3,0.1358,0.4467,0.4176,Medio,1,64.1
Azcapotzalco,Madrugada (00-05),Viernes,7,0,0,3,0.7053,0.2764,0.0183,Bajo,0,15.7
Azcapotzalco,Madrugada (00-05),Viernes,7,1,0,3,0.6868,0.2954,0.0178,Bajo,0,16.5
Azcapotzalco,Mañana (06-11),Viernes,7,0,0,3,0.286,0.5478,0.1663,Medio,1,44.0
Azcapotzalco,Mañana (06-11),Viernes,7,1,0,3,0.2686,0.5807,0.1507,Medio,1,44.1
Azcapotzalco,Noche (18-23),Viernes,7,0,0,3,0.0989,0.474,0.427,Medio,1,66.4
Azcapotzalco,Noche (18-23),Viernes,7,1,0,3,0.1137,0.5076,0.3787,Medio,1,63.3
Azcapotzalco,Tarde (12-17),Viernes,7,0,0,3,0.1373,0.5486,0.3141,Medio,1,58.8
Azcapotzalco,Tarde (12-17),Viernes,7,1,0,3,0.1342,0.5818,0.284,Medio,1,57.5
Azcapotzalco,Madrugada (00-05),Domingo,8,0,1,3,0.3165,0.5407,0.1429,Medio,1,41.3
Azcapotzalco,Madrugada (00-05),Domingo,8,1,1,3,0.3229,0.5275,0.1495,Medio,1,41.3
Azcapotzalco,Mañana (06-11),Domingo,8,0,1,3,0.3679,0.5487,0.0834,Medio,1,35.8
Azcapotzalco,Mañana (06-11),Domingo,8,1,1,3,0.3707,0.5425,0.0868,Medio,1,35.8
Azcapotzalco,Noche (18-23),Domingo,8,0,1,3,0.17,0.5688,0.2612,Medio,1,54.6
Azcapotzalco,Noche (18-23),Domingo,8,1,1,3,0.1598,0.5794,0.2608,Medio,1,55.0
Azcapotzalco,Tarde (12-17),Domingo,8,0,1,3,0.1805,0.5879,0.2316,Medio,1,52.6
Azcapotzalco,Tarde (12-17),Domingo,8,1,1,3,0.1822,0.5723,0.2455,Medio,1,53.2
Azcapotzalco,Madrugada (00-05),Jueves,8,0,0,3,0.7927,0.195,0.0123,Bajo,0,11.0
Azcapotzalco,Madrugada (00-05),Jueves,8,1,0,3,0.7883,0.1985,0.0132,Bajo,0,11.2
Azcapotzalco,Mañana (06-11),Jueves,8,0,0,3,0.2987,0.5097,0.1916,Medio,1,44.6
Azcapotzalco,Mañana (06-11),Jueves,8,1,0,3,0.2852,0.513,0.2018,Medio,1,45.8
Azcapotzalco,Noche (18-23),Jueves,8,0,0,3,0.1664,0.555,0.2786,Medio,1,55.6
Azcapotzalco,Noche (18-23),Jueves,8,1,0,3,0.1547,0.5612,0.2842,Medio,1,56.5
Azcapotzalco,Tarde (12-17),Jueves,8,0,0,3,0.1442,0.545,0.3108,Medio,1,58.3
Azcapotzalco,Tarde (12-17),Jueves,8,1,0,3,0.1573,0.5294,0.3133,Medio,1,57.8
Azcapotzalco,Madrugada (00-05),Lunes,8,0,0,3,0.7628,0.2227,0.0144,Bajo,0,12.6
Azcapotzalco,Madrugada (00-05),Lunes,8,1,0,3,0.7522,0.2331,0.0147,Bajo,0,13.1
Azcapotzalco,Mañana (06-11),Lunes,8,0,0,3,0.3099,0.5002,0.19,Medio,1,44.0
Azcapotzalco,Mañana (06-11),Lunes,8,1,0,3,0.2998,0.5202,0.1799,Medio,1,44.0
Azcapotzalco,Noche (18-23),Lunes,8,0,0,3,0.1927,0.5673,0.24,Medio,1,52.4
Azcapotzalco,Noche (18-23),Lunes,8,1,0,3,0.187,0.5775,0.2355,Medio,1,52.4
Azcapotzalco,Tarde (12-17),Lunes,8,0,0,3,0.147,0.5513,0.3017,Medio,1,57.7
Azcapotzalco,Tarde (12-17),Lunes,8,1,0,3,0.142,0.5625,0.2955,Medio,1,57.7
Azcapotzalco,Madrugada (00-05),Martes,8,0,0,3,0.8797,0.1116,0.0087,Bajo,0,6.4
Azcapotzalco,Madrugada (00-05),Martes,8,1,0,3,0.8697,0.121,0.0092,Bajo,0,7.0
Azcapotzalco,Mañana (06-11),Martes,8,0,0,3,0.3029,0.4719,0.2252,Medio,1,46.1
Azcapotzalco,Mañana (06-11),Martes,8,1,0,3,0.2751,0.488,0.2369,Medio,1,48.1
Azcapotzalco,Noche (18-23),Martes,8,0,0,3,0.2331,0.5045,0.2624,Medio,1,51.5
Azcapotzalco,Noche (18-23),Martes,8,1,0,3,0.2086,0.5295,0.2619,Medio,1,52.7
Azcapotzalco,Tarde (12-17),Martes,8,0,0,3,0.1933,0.4753,0.3314,Medio,1,56.9
Azcapotzalco,Tarde (12-17),Martes,8,1,0,3,0.1698,0.4985,0.3317,Medio,1,58.1
Azcapotzalco,Madrugada (00-05),Miércoles,8,0,0,3,0.8434,0.1468,0.0097,Bajo,0,8.3
Azcapotzalco,Madrugada (00-05),Miércoles,8,1,0,3,0.842,0.1483,0.0097,Bajo,0,8.4
Azcapotzalco,Mañana (06-11),Miércoles,8,0,0,3,0.3383,0.4424,0.2193,Medio,1,44.1
Azcapotzalco,Mañana (06-11),Miércoles,8,1,0,3,0.325,0.4509,0.2241,Medio,1,45.0
Azcapotzalco,Noche (18-23),Miércoles,8,0,0,3,0.1709,0.5623,0.2668,Medio,1,54.8
Azcapotzalco,Noche (18-23),Miércoles,8,1,0,3,0.1736,0.5677,0.2587,Medio,1,54.3
Azcapotzalco,Tarde (12-17),Miércoles,8,0,0,3,0.1844,0.4936,0.322,Medio,1,56.9
Azcapotzalco,Tarde (12-17),Miércoles,8,1,0,3,0.1727,0.5113,0.316,Medio,1,57.2
Azcapotzalco,Madrugada (00-05),Sábado,8,0,1,3,0.3584,0.4951,0.1465,Medio,1,39.4
Azcapotzalco,Madrugada (00-05),Sábado,8,1,1,3,0.3571,0.494,0.1488,Medio,1,39.6
Azcapotzalco,Mañana (06-11),Sábado,8,0,1,3,0.3303,0.5295,0.1403,Medio,1,40.5
Azcapotzalco,Mañana (06-11),Sábado,8,1,1,3,0.3243,0.5513,0.1244,Medio,1,40.0
Azcapotzalco,Noche (18-23),Sábado,8,0,1,3,0.1727,0.517,0.3103,Medio,1,56.9
Azcapotzalco,Noche (18-23),Sábado,8,1,1,3,0.1506,0.5488,0.3006,Medio,1,57.5
Azcapotzalco,Tarde (12-17),Sábado,8,0,1,3,0.1469,0.4517,0.4014,Medio,1,62.7
Azcapotzalco,Tarde (12-17),Sábado,8,1,1,3,0.1428,0.4545,0.4027,Medio,1,63.0
Azcapotzalco,Madrugada (00-05),Viernes,8,0,0,3,0.7201,0.261,0.019,Bajo,0,14.9
Azcapotzalco,Madrugada (00-05),Viernes,8,1,0,3,0.7066,0.2744,0.019,Bajo,0,15.6
Azcapotzalco,Mañana (06-11),Viernes,8,0,0,3,0.2909,0.5293,0.1799,Medio,1,44.4
Azcapotzalco,Mañana (06-11),Viernes,8,1,0,3,0.2752,0.5564,0.1684,Medio,1,44.7
Azcapotzalco,Noche (18-23),Viernes,8,0,0,3,0.0783,0.4877,0.434,Medio,1,67.8
Azcapotzalco,Noche (18-23),Viernes,8,1,0,3,0.0992,0.4996,0.4012,Medio,1,65.1
Azcapotzalco,Tarde (12-17),Viernes,8,0,0,3,0.1498,0.5037,0.3465,Medio,1,59.8
Azcapotzalco,Tarde (12-17),Viernes,8,1,0,3,0.1475,0.5255,0.327,Medio,1,59.0
Azcapotzalco,Madrugada (00-05),Domingo,9,0,1,3,0.3158,0.5161,0.1681,Medio,1,42.6
Azcapotzalco,Madrugada (00-05),Domingo,9,1,1,3,0.3265,0.5137,0.1598,Medio,1,41.7
Azcapotzalco,Mañana (06-11),Domingo,9,0,1,3,0.3877,0.5093,0.1029,Medio,1,35.8
Azcapotzalco,Mañana (06-11),Domingo,9,1,1,3,0.4011,0.5062,0.0927,Medio,1,34.6
Azcapotzalco,Noche (18-23),Domingo,9,0,1,3,0.161,0.5432,0.2958,Medio,1,56.7
Azcapotzalco,Noche (18-23),Domingo,9,1,1,3,0.1557,0.567,0.2773,Medio,1,56.1
Azcapotzalco,Tarde (12-17),Domingo,9,0,1,3,0.1957,0.5153,0.289,Medio,1,54.7
Azcapotzalco,Tarde (12-17),Domingo,9,1,1,3,0.2009,0.5158,0.2834,Medio,1,54.1
Azcapotzalco,Madrugada (00-05),Jueves,9,0,0,3,0.7686,0.2139,0.0175,Bajo,0,12.4
Azcapotzalco,Madrugada (00-05),Jueves,9,1,0,3,0.7647,0.2193,0.016,Bajo,0,12.6
Azcapotzalco,Mañana (06-11),Jueves,9,0,0,3,0.1967,0.5065,0.2967,Medio,1,55.0
Azcapotzalco,Mañana (06-11),Jueves,9,1,0,3,0.2314,0.5236,0.245,Medio,1,50.7
Azcapotzalco,Noche (18-23),Jueves,9,0,0,3,0.1417,0.5324,0.3259,Medio,1,59.2
Azcapotzalco,Noche (18-23),Jueves,9,1,0,3,0.1373,0.5589,0.3038,Medio,1,58.3
Azcapotzalco,Tarde (12-17),Jueves,9,0,0,3,0.1195,0.4758,0.4047,Medio,1,64.3
Azcapotzalco,Tarde (12-17),Jueves,9,1,0,3,0.134,0.4799,0.3861,Medio,1,62.6
Azcapotzalco,Madrugada (00-05),Lunes,9,0,0,3,0.7331,0.246,0.021,Bajo,0,14.4
Azcapotzalco,Madrugada (00-05),Lunes,9,1,0,3,0.7172,0.2635,0.0192,Bajo,0,15.1
Azcapotzalco,Mañana (06-11),Lunes,9,0,0,3,0.1865,0.5073,0.3061,Medio,1,56.0
Azcapotzalco,Mañana (06-11),Lunes,9,1,0,3,0.2191,0.5386,0.2423,Medio,1,51.2
Azcapotzalco,Noche (18-23),Lunes,9,0,0,3,0.1678,0.5451,0.2871,Medio,1,56.0
Azcapotzalco,Noche (18-23),Lunes,9,1,0,3,0.1641,0.5707,0.2651,Medio,1,55.1
Azcapotzalco,Tarde (12-17),Lunes,9,0,0,3,0.1121,0.4936,0.3943,Medio,1,64.1
Azcapotzalco,Tarde (12-17),Lunes,9,1,0,3,0.1092,0.5345,0.3563,Medio,1,62.4
Azcapotzalco,Madrugada (00-05),Martes,9,0,0,3,0.8457,0.1408,0.0135,Bajo,0,8.4
Azcapotzalco,Madrugada (00-05),Martes,9,1,0,3,0.8371,0.1506,0.0123,Bajo,0,8.8
Azcapotzalco,Mañana (06-11),Martes,9,0,0,3,0.1697,0.4784,0.3519,Medio,1,59.1
Azcapotzalco,Mañana (06-11),Martes,9,1,0,3,0.1967,0.5057,0.2975,Medio,1,55.0
Azcapotzalco,Noche (18-23),Martes,9,0,0,3,0.1807,0.5113,0.308,Medio,1,56.4
Azcapotzalco,Noche (18-23),Martes,9,1,0,3,0.1707,0.5468,0.2825,Medio,1,55.6
Azcapotzalco,Tarde (12-17),Martes,9,0,0,3,0.1407,0.4213,0.438,Alto,2,64.9
Azcapotzalco,Tarde (12-17),Martes,9,1,0,3,0.1398,0.4631,0.3971,Medio,1,62.9
Azcapotzalco,Madrugada (00-05),Miércoles,9,0,0,3,0.833,0.1529,0.014,Bajo,0,9.1
Azcapotzalco,Madrugada (00-05),Miércoles,9,1,0,3,0.8324,0.1555,0.0121,Bajo,0,9.0
Azcapotzalco,Mañana (06-11),Miércoles,9,0,0,3,0.2268,0.4262,0.347,Medio,1,56.0
Azcapotzalco,Mañana (06-11),Miércoles,9,1,0,3,0.2628,0.4491,0.2881,Medio,1,51.3
Azcapotzalco,Noche (18-23),Miércoles,9,0,0,3,0.1553,0.523,0.3218,Medio,1,58.3
Azcapotzalco,Noche (18-23),Miércoles,9,1,0,3,0.1629,0.5473,0.2897,Medio,1,56.3
Azcapotzalco,Tarde (12-17),Miércoles,9,0,0,3,0.1489,0.4099,0.4413,Alto,2,64.6
Azcapotzalco,Tarde (12-17),Miércoles,9,1,0,3,0.1461,0.4536,0.4003,Medio,1,62.7
Azcapotzalco,Madrugada (00-05),Sábado,9,0,1,3,0.3453,0.4871,0.1676,Medio,1,41.1
Azcapotzalco,Madrugada (00-05),Sábado,9,1,1,3,0.3447,0.5018,0.1535,Medio,1,40.4
Azcapotzalco,Mañana (06-11),Sábado,9,0,1,3,0.3067,0.5181,0.1753,Medio,1,43.4
Azcapotzalco,Mañana (06-11),Sábado,9,1,1,3,0.3095,0.5554,0.1351,Medio,1,41.3
Azcapotzalco,Noche (18-23),Sábado,9,0,1,3,0.1661,0.4897,0.3442,Medio,1,58.9
Azcapotzalco,Noche (18-23),Sábado,9,1,1,3,0.1435,0.5431,0.3133,Medio,1,58.5
Azcapotzalco,Tarde (12-17),Sábado,9,0,1,3,0.1393,0.4062,0.4545,Alto,2,65.8
Azcapotzalco,Tarde (12-17),Sábado,9,1,1,3,0.1407,0.4302,0.4291,Medio,1,64.4
Azcapotzalco,Madrugada (00-05),Viernes,9,0,0,3,0.6968,0.2772,0.026,Bajo,0,16.5
Azcapotzalco,Madrugada (00-05),Viernes,9,1,0,3,0.6831,0.294,0.0229,Bajo,0,17.0
Azcapotzalco,Mañana (06-11),Viernes,9,0,0,3,0.1961,0.5265,0.2773,Medio,1,54.1
Azcapotzalco,Mañana (06-11),Viernes,9,1,0,3,0.2229,0.5666,0.2105,Medio,1,49.4
Azcapotzalco,Noche (18-23),Viernes,9,0,0,3,0.0714,0.4621,0.4666,Alto,2,69.8
Azcapotzalco,Noche (18-23),Viernes,9,1,0,3,0.0886,0.4972,0.4142,Medio,1,66.3
Azcapotzalco,Tarde (12-17),Viernes,9,0,0,3,0.1014,0.4096,0.489,Alto,2,69.4
Azcapotzalco,Tarde (12-17),Viernes,9,1,0,3,0.1029,0.4442,0.4529,Alto,2,67.5
Azcapotzalco,Madrugada (00-05),Domingo,10,0,1,4,0.2841,0.5382,0.1778,Medio,1,44.7
Azcapotzalco,Madrugada (00-05),Domingo,10,1,1,4,0.2783,0.5355,0.1862,Medio,1,45.4
Azcapotzalco,Mañana (06-11),Domingo,10,0,1,4,0.3886,0.5062,0.1052,Medio,1,35.8
Azcapotzalco,Mañana (06-11),Domingo,10,1,1,4,0.3824,0.5091,0.1086,Medio,1,36.3
Azcapotzalco,Noche (18-23),Domingo,10,0,1,4,0.1277,0.5534,0.319,Medio,1,59.6
Azcapotzalco,Noche (18-23),Domingo,10,1,1,4,0.116,0.5635,0.3205,Medio,1,60.2
Azcapotzalco,Tarde (12-17),Domingo,10,0,1,4,0.1519,0.5337,0.3143,Medio,1,58.1
Azcapotzalco,Tarde (12-17),Domingo,10,1,1,4,0.1471,0.5261,0.3269,Medio,1,59.0
Azcapotzalco,Madrugada (00-05),Jueves,10,0,0,4,0.7535,0.2274,0.0191,Bajo,0,13.3
Azcapotzalco,Madrugada (00-05),Jueves,10,1,0,4,0.744,0.2363,0.0197,Bajo,0,13.8
Azcapotzalco,Mañana (06-11),Jueves,10,0,0,4,0.1795,0.5223,0.2982,Medio,1,55.9
Azcapotzalco,Mañana (06-11),Jueves,10,1,0,4,0.1985,0.5211,0.2804,Medio,1,54.1
Azcapotzalco,Noche (18-23),Jueves,10,0,0,4,0.1393,0.5188,0.3419,Medio,1,60.1
Azcapotzalco,Noche (18-23),Jueves,10,1,0,4,0.133,0.5289,0.3381,Medio,1,60.3
Azcapotzalco,Tarde (12-17),Jueves,10,0,0,4,0.0984,0.4529,0.4487,Medio,1,67.5
Azcapotzalco,Tarde (12-17),Jueves,10,1,0,4,0.1032,0.4447,0.4521,Alto,2,67.4
Azcapotzalco,Madrugada (00-05),Lunes,10,0,0,4,0.7204,0.2564,0.0232,Bajo,0,15.1
Azcapotzalco,Madrugada (00-05),Lunes,10,1,0,4,0.6946,0.2823,0.0231,Bajo,0,16.4
Azcapotzalco,Mañana (06-11),Lunes,10,0,0,4,0.1938,0.5242,0.282,Medio,1,54.4
Azcapotzalco,Mañana (06-11),Lunes,10,1,0,4,0.2167,0.539,0.2443,Medio,1,51.4
Azcapotzalco,Noche (18-23),Lunes,10,0,0,4,0.1427,0.538,0.3193,Medio,1,58.8
Azcapotzalco,Noche (18-23),Lunes,10,1,0,4,0.132,0.5607,0.3074,Medio,1,58.8
Azcapotzalco,Tarde (12-17),Lunes,10,0,0,4,0.0903,0.4616,0.4481,Medio,1,67.9
Azcapotzalco,Tarde (12-17),Lunes,10,1,0,4,0.0844,0.4966,0.419,Medio,1,66.7
Azcapotzalco,Madrugada (00-05),Martes,10,0,0,4,0.8434,0.1414,0.0152,Bajo,0,8.6
Azcapotzalco,Madrugada (00-05),Martes,10,1,0,4,0.8284,0.1555,0.0161,Bajo,0,9.4
Azcapotzalco,Mañana (06-11),Martes,10,0,0,4,0.1539,0.4676,0.3785,Medio,1,61.2
Azcapotzalco,Mañana (06-11),Martes,10,1,0,4,0.1724,0.4703,0.3573,Medio,1,59.2
Azcapotzalco,Noche (18-23),Martes,10,0,0,4,0.1634,0.4876,0.3491,Medio,1,59.3
Azcapotzalco,Noche (18-23),Martes,10,1,0,4,0.144,0.5086,0.3473,Medio,1,60.2
Azcapotzalco,Tarde (12-17),Martes,10,0,0,4,0.1108,0.373,0.5161,Alto,2,70.3
Azcapotzalco,Tarde (12-17),Martes,10,1,0,4,0.1121,0.3928,0.4951,Alto,2,69.2
Azcapotzalco,Madrugada (00-05),Miércoles,10,0,0,4,0.807,0.1768,0.0163,Bajo,0,10.5
Azcapotzalco,Madrugada (00-05),Miércoles,10,1,0,4,0.7994,0.1845,0.0161,Bajo,0,10.8
Azcapotzalco,Mañana (06-11),Miércoles,10,0,0,4,0.2342,0.4456,0.3202,Medio,1,54.3
Azcapotzalco,Mañana (06-11),Miércoles,10,1,0,4,0.2443,0.4338,0.3219,Medio,1,53.9
Azcapotzalco,Noche (18-23),Miércoles,10,0,0,4,0.1246,0.5281,0.3473,Medio,1,61.1
Azcapotzalco,Noche (18-23),Miércoles,10,1,0,4,0.1227,0.5422,0.335,Medio,1,60.6
Azcapotzalco,Tarde (12-17),Miércoles,10,0,0,4,0.1174,0.3887,0.4939,Alto,2,68.8
Azcapotzalco,Tarde (12-17),Miércoles,10,1,0,4,0.1058,0.4244,0.4698,Alto,2,68.2
Azcapotzalco,Madrugada (00-05),Sábado,10,0,1,4,0.3191,0.5029,0.178,Medio,1,42.9
Azcapotzalco,Madrugada (00-05),Sábado,10,1,1,4,0.2943,0.5287,0.177,Medio,1,44.1
Azcapotzalco,Mañana (06-11),Sábado,10,0,1,4,0.3153,0.5049,0.1798,Medio,1,43.2
Azcapotzalco,Mañana (06-11),Sábado,10,1,1,4,0.292,0.5533,0.1547,Medio,1,43.1
Azcapotzalco,Noche (18-23),Sábado,10,0,1,4,0.1307,0.4951,0.3742,Medio,1,62.2
Azcapotzalco,Noche (18-23),Sábado,10,1,1,4,0.1072,0.5325,0.3603,Medio,1,62.7
Azcapotzalco,Tarde (12-17),Sábado,10,0,1,4,0.1074,0.3955,0.4971,Alto,2,69.5
Azcapotzalco,Tarde (12-17),Sábado,10,1,1,4,0.0987,0.4165,0.4848,Alto,2,69.3
Azcapotzalco,Madrugada (00-05),Viernes,10,0,0,4,0.6869,0.282,0.0311,Bajo,0,17.2
Azcapotzalco,Madrugada (00-05),Viernes,10,1,0,4,0.6653,0.3042,0.0305,Bajo,0,18.3
Azcapotzalco,Mañana (06-11),Viernes,10,0,0,4,0.1994,0.5039,0.2967,Medio,1,54.9
Azcapotzalco,Mañana (06-11),Viernes,10,1,0,4,0.2164,0.5283,0.2552,Medio,1,51.9
Azcapotzalco,Noche (18-23),Viernes,10,0,0,4,0.0481,0.3436,0.6083,Alto,2,78.0
Azcapotzalco,Noche (18-23),Viernes,10,1,0,4,0.0571,0.3672,0.5757,Alto,2,75.9
Azcapotzalco,Tarde (12-17),Viernes,10,0,0,4,0.0759,0.3578,0.5663,Alto,2,74.5
Azcapotzalco,Tarde (12-17),Viernes,10,1,0,4,0.0743,0.3824,0.5433,Alto,2,73.5
Azcapotzalco,Madrugada (00-05),Domingo,11,0,1,4,0.3697,0.5039,0.1264,Medio,1,37.8
Azcapotzalco,Madrugada (00-05),Domingo,11,1,1,4,0.3824,0.4788,0.1388,Medio,1,37.8
Azcapotzalco,Mañana (06-11),Domingo,11,0,1,4,0.3533,0.5446,0.1021,Medio,1,37.4
Azcapotzalco,Mañana (06-11),Domingo,11,1,1,4,0.3887,0.5027,0.1085,Medio,1,36.0
Azcapotzalco,Noche (18-23),Domingo,11,0,1,4,0.1816,0.5619,0.2565,Medio,1,53.7
Azcapotzalco,Noche (18-23),Domingo,11,1,1,4,0.1558,0.5672,0.277,Medio,1,56.1
Azcapotzalco,Tarde (12-17),Domingo,11,0,1,4,0.1914,0.5298,0.2788,Medio,1,54.4
Azcapotzalco,Tarde (12-17),Domingo,11,1,1,4,0.1959,0.5085,0.2957,Medio,1,55.0
Azcapotzalco,Madrugada (00-05),Jueves,11,0,0,4,0.8056,0.1801,0.0142,Bajo,0,10.4
Azcapotzalco,Madrugada (00-05),Jueves,11,1,0,4,0.7985,0.1862,0.0153,Bajo,0,10.8
Azcapotzalco,Mañana (06-11),Jueves,11,0,0,4,0.1946,0.5299,0.2755,Medio,1,54.0
Azcapotzalco,Mañana (06-11),Jueves,11,1,0,4,0.2261,0.5013,0.2727,Medio,1,52.3
Azcapotzalco,Noche (18-23),Jueves,11,0,0,4,0.184,0.5137,0.3023,Medio,1,55.9
Azcapotzalco,Noche (18-23),Jueves,11,1,0,4,0.1617,0.5173,0.321,Medio,1,58.0
Azcapotzalco,Tarde (12-17),Jueves,11,0,0,4,0.1227,0.4829,0.3944,Medio,1,63.6
Azcapotzalco,Tarde (12-17),Jueves,11,1,0,4,0.1291,0.4679,0.403,Medio,1,63.7
Azcapotzalco,Madrugada (00-05),Lunes,11,0,0,4,0.7953,0.1892,0.0155,Bajo,0,11.0
Azcapotzalco,Madrugada (00-05),Lunes,11,1,0,4,0.7775,0.2063,0.0162,Bajo,0,11.9
Azcapotzalco,Mañana (06-11),Lunes,11,0,0,4,0.1968,0.534,0.2692,Medio,1,53.6
Azcapotzalco,Mañana (06-11),Lunes,11,1,0,4,0.2291,0.5487,0.2222,Medio,1,49.7
Azcapotzalco,Noche (18-23),Lunes,11,0,0,4,0.21,0.5287,0.2613,Medio,1,52.6
Azcapotzalco,Noche (18-23),Lunes,11,1,0,4,0.1813,0.5461,0.2727,Medio,1,54.6
Azcapotzalco,Tarde (12-17),Lunes,11,0,0,4,0.1262,0.4919,0.3818,Medio,1,62.8
Azcapotzalco,Tarde (12-17),Lunes,11,1,0,4,0.117,0.5268,0.3562,Medio,1,62.0
Azcapotzalco,Madrugada (00-05),Martes,11,0,0,4,0.8811,0.1069,0.012,Bajo,0,6.5
Azcapotzalco,Madrugada (00-05),Martes,11,1,0,4,0.8846,0.1029,0.0125,Bajo,0,6.4
Azcapotzalco,Mañana (06-11),Martes,11,0,0,4,0.1629,0.4399,0.3972,Medio,1,61.7
Azcapotzalco,Mañana (06-11),Martes,11,1,0,4,0.2004,0.3986,0.4009,Alto,2,60.0
Azcapotzalco,Noche (18-23),Martes,11,0,0,4,0.2155,0.4689,0.3157,Medio,1,55.0
Azcapotzalco,Noche (18-23),Martes,11,1,0,4,0.1975,0.4619,0.3406,Medio,1,57.2
Azcapotzalco,Tarde (12-17),Martes,11,0,0,4,0.1376,0.3509,0.5115,Alto,2,68.7
Azcapotzalco,Tarde (12-17),Martes,11,1,0,4,0.1449,0.3524,0.5027,Alto,2,67.9
Azcapotzalco,Madrugada (00-05),Miércoles,11,0,0,4,0.8445,0.1442,0.0113,Bajo,0,8.3
Azcapotzalco,Madrugada (00-05),Miércoles,11,1,0,4,0.8468,0.1413,0.0118,Bajo,0,8.2
Azcapotzalco,Mañana (06-11),Miércoles,11,0,0,4,0.2445,0.4778,0.2777,Medio,1,51.7
Azcapotzalco,Mañana (06-11),Miércoles,11,1,0,4,0.2618,0.4216,0.3166,Medio,1,52.7
Azcapotzalco,Noche (18-23),Miércoles,11,0,0,4,0.1754,0.5337,0.2909,Medio,1,55.8
Azcapotzalco,Noche (18-23),Miércoles,11,1,0,4,0.1644,0.5293,0.3063,Medio,1,57.1
Azcapotzalco,Tarde (12-17),Miércoles,11,0,0,4,0.157,0.4382,0.4048,Medio,1,62.4
Azcapotzalco,Tarde (12-17),Miércoles,11,1,0,4,0.1459,0.4491,0.405,Medio,1,63.0
Azcapotzalco,Madrugada (00-05),Sábado,11,0,1,4,0.4037,0.4577,0.1386,Medio,1,36.7
Azcapotzalco,Madrugada (00-05),Sábado,11,1,1,4,0.3762,0.4742,0.1496,Medio,1,38.7
Azcapotzalco,Mañana (06-11),Sábado,11,0,1,4,0.3025,0.5267,0.1707,Medio,1,43.4
Azcapotzalco,Mañana (06-11),Sábado,11,1,1,4,0.2952,0.5478,0.1569,Medio,1,43.1
Azcapotzalco,Noche (18-23),Sábado,11,0,1,4,0.1925,0.5049,0.3027,Medio,1,55.5
Azcapotzalco,Noche (18-23),Sábado,11,1,1,4,0.1451,0.5401,0.3148,Medio,1,58.5
Azcapotzalco,Tarde (12-17),Sábado,11,0,1,4,0.1533,0.4233,0.4233,Medio,1,63.5
Azcapotzalco,Tarde (12-17),Sábado,11,1,1,4,0.1386,0.4237,0.4377,Alto,2,65.0
Azcapotzalco,Madrugada (00-05),Viernes,11,0,0,4,0.7521,0.2254,0.0225,Bajo,0,13.5
Azcapotzalco,Madrugada (00-05),Viernes,11,1,0,4,0.7457,0.2315,0.0228,Bajo,0,13.9
Azcapotzalco,Mañana (06-11),Viernes,11,0,0,4,0.1729,0.5462,0.2808,Medio,1,55.4
Azcapotzalco,Mañana (06-11),Viernes,11,1,0,4,0.2045,0.5361,0.2594,Medio,1,52.7
Azcapotzalco,Noche (18-23),Viernes,11,0,0,4,0.0859,0.4294,0.4847,Alto,2,69.9
Azcapotzalco,Noche (18-23),Viernes,11,1,0,4,0.1071,0.4333,0.4596,Alto,2,67.6
Azcapotzalco,Tarde (12-17),Viernes,11,0,0,4,0.1102,0.3801,0.5097,Alto,2,70.0
Azcapotzalco,Tarde (12-17),Viernes,11,1,0,4,0.1117,0.3917,0.4965,Alto,2,69.2
Azcapotzalco,Madrugada (00-05),Domingo,12,0,1,4,0.311,0.5692,0.1198,Medio,1,40.4
Azcapotzalco,Madrugada (00-05),Domingo,12,1,1,4,0.3656,0.5078,0.1266,Medio,1,38.1
Azcapotzalco,Mañana (06-11),Domingo,12,0,1,4,0.3123,0.5817,0.106,Medio,1,39.7
Azcapotzalco,Mañana (06-11),Domingo,12,1,1,4,0.4318,0.4819,0.0862,Medio,1,32.7
Azcapotzalco,Noche (18-23),Domingo,12,0,1,4,0.1523,0.5997,0.248,Medio,1,54.8
Azcapotzalco,Noche (18-23),Domingo,12,1,1,4,0.159,0.5516,0.2894,Medio,1,56.5
Azcapotzalco,Tarde (12-17),Domingo,12,0,1,4,0.1428,0.5222,0.335,Medio,1,59.6
Azcapotzalco,Tarde (12-17),Domingo,12,1,1,4,0.1773,0.4888,0.3339,Medio,1,57.8
Azcapotzalco,Madrugada (00-05),Jueves,12,0,0,4,0.7559,0.2259,0.0182,Bajo,0,13.1
Azcapotzalco,Madrugada (00-05),Jueves,12,1,0,4,0.7865,0.1962,0.0174,Bajo,0,11.5
Azcapotzalco,Mañana (06-11),Jueves,12,0,0,4,0.1922,0.5142,0.2936,Medio,1,55.1
Azcapotzalco,Mañana (06-11),Jueves,12,1,0,4,0.3182,0.4601,0.2217,Medio,1,45.2
Azcapotzalco,Noche (18-23),Jueves,12,0,0,4,0.1651,0.5259,0.3089,Medio,1,57.2
Azcapotzalco,Noche (18-23),Jueves,12,1,0,4,0.1702,0.4757,0.3541,Medio,1,59.2
Azcapotzalco,Tarde (12-17),Jueves,12,0,0,4,0.1062,0.4497,0.4441,Medio,1,66.9
Azcapotzalco,Tarde (12-17),Jueves,12,1,0,4,0.1467,0.403,0.4503,Alto,2,65.2
Azcapotzalco,Madrugada (00-05),Lunes,12,0,0,4,0.7405,0.2408,0.0187,Bajo,0,13.9
Azcapotzalco,Madrugada (00-05),Lunes,12,1,0,4,0.7562,0.2264,0.0174,Bajo,0,13.1
Azcapotzalco,Mañana (06-11),Lunes,12,0,0,4,0.1884,0.5372,0.2744,Medio,1,54.3
Azcapotzalco,Mañana (06-11),Lunes,12,1,0,4,0.3159,0.4891,0.1951,Medio,1,44.0
Azcapotzalco,Noche (18-23),Lunes,12,0,0,4,0.2661,0.4948,0.2391,Medio,1,48.6
Azcapotzalco,Noche (18-23),Lunes,12,1,0,4,0.1788,0.544,0.2772,Medio,1,54.9
Azcapotzalco,Tarde (12-17),Lunes,12,0,0,4,0.0913,0.5332,0.3755,Medio,1,64.2
Azcapotzalco,Tarde (12-17),Lunes,12,1,0,4,0.1072,0.5454,0.3474,Medio,1,62.0
Azcapotzalco,Madrugada (00-05),Martes,12,0,0,4,0.7258,0.2591,0.0151,Bajo,0,14.5
Azcapotzalco,Madrugada (00-05),Martes,12,1,0,4,0.8092,0.1775,0.0132,Bajo,0,10.2
Azcapotzalco,Mañana (06-11),Martes,12,0,0,4,0.1174,0.6378,0.2448,Medio,1,56.4
Azcapotzalco,Mañana (06-11),Martes,12,1,0,4,0.2685,0.5333,0.1982,Medio,1,46.5
Azcapotzalco,Noche (18-23),Martes,12,0,0,4,0.1333,0.6271,0.2396,Medio,1,55.3
Azcapotzalco,Noche (18-23),Martes,12,1,0,4,0.176,0.5278,0.2963,Medio,1,56.0
Azcapotzalco,Tarde (12-17),Martes,12,0,0,4,0.0837,0.5162,0.4001,Medio,1,65.8
Azcapotzalco,Tarde (12-17),Martes,12,1,0,4,0.1288,0.4569,0.4143,Medio,1,64.3
Azcapotzalco,Madrugada (00-05),Miércoles,12,0,0,4,0.7957,0.1901,0.0142,Bajo,0,10.9
Azcapotzalco,Madrugada (00-05),Miércoles,12,1,0,4,0.8342,0.1528,0.013,Bajo,0,8.9
Azcapotzalco,Mañana (06-11),Miércoles,12,0,0,4,0.2167,0.4864,0.2969,Medio,1,54.0
Azcapotzalco,Mañana (06-11),Miércoles,12,1,0,4,0.3642,0.3885,0.2473,Medio,1,44.2
Azcapotzalco,Noche (18-23),Miércoles,12,0,0,4,0.1567,0.5606,0.2827,Medio,1,56.3
Azcapotzalco,Noche (18-23),Miércoles,12,1,0,4,0.1837,0.4895,0.3268,Medio,1,57.2
Azcapotzalco,Tarde (12-17),Miércoles,12,0,0,4,0.1292,0.4364,0.4345,Medio,1,65.3
Azcapotzalco,Tarde (12-17),Miércoles,12,1,0,4,0.1547,0.4127,0.4326,Alto,2,63.9
Azcapotzalco,Madrugada (00-05),Sábado,12,0,1,4,0.3068,0.522,0.1712,Medio,1,43.2
Azcapotzalco,Madrugada (00-05),Sábado,12,1,1,4,0.3131,0.5188,0.1681,Medio,1,42.7
Azcapotzalco,Mañana (06-11),Sábado,12,0,1,4,0.2912,0.5205,0.1883,Medio,1,44.9
Azcapotzalco,Mañana (06-11),Sábado,12,1,1,4,0.3263,0.5455,0.1282,Medio,1,40.1
Azcapotzalco,Noche (18-23),Sábado,12,0,1,4,0.1636,0.5286,0.3078,Medio,1,57.2
Azcapotzalco,Noche (18-23),Sábado,12,1,1,4,0.1457,0.5246,0.3297,Medio,1,59.2
Azcapotzalco,Tarde (12-17),Sábado,12,0,1,4,0.0905,0.3694,0.5401,Alto,2,72.5
Azcapotzalco,Tarde (12-17),Sábado,12,1,1,4,0.1048,0.4039,0.4913,Alto,2,69.3
Azcapotzalco,Madrugada (00-05),Viernes,12,0,0,4,0.6419,0.3276,0.0305,Bajo,0,19.4
Azcapotzalco,Madrugada (00-05),Viernes,12,1,0,4,0.683,0.2876,0.0294,Bajo,0,17.3
Azcapotzalco,Mañana (06-11),Viernes,12,0,0,4,0.1648,0.5685,0.2667,Medio,1,55.1
Azcapotzalco,Mañana (06-11),Viernes,12,1,0,4,0.2878,0.4977,0.2145,Medio,1,46.3
Azcapotzalco,Noche (18-23),Viernes,12,0,0,4,0.0699,0.4951,0.435,Medio,1,68.3
Azcapotzalco,Noche (18-23),Viernes,12,1,0,4,0.1156,0.4511,0.4334,Medio,1,65.9
Azcapotzalco,Tarde (12-17),Viernes,12,0,0,4,0.0718,0.4419,0.4862,Alto,2,70.7
Azcapotzalco,Tarde (12-17),Viernes,12,1,0,4,0.0916,0.408,0.5004,Alto,2,70.4
Benito Juárez,Madrugada (00-05),Domingo,1,0,1,1,0.4832,0.4088,0.108,Bajo,0,31.2
Benito Juárez,Madrugada (00-05),Domingo,1,1,1,1,0.2513,0.5896,0.1591,Medio,1,45.4
Benito Juárez,Mañana (06-11),Domingo,1,0,1,1,0.4769,0.4114,0.1117,Bajo,0,31.7
Benito Juárez,Mañana (06-11),Domingo,1,1,1,1,0.285,0.594,0.121,Medio,1,41.8
Benito Juárez,Noche (18-23),Domingo,1,0,1,1,0.1556,0.6271,0.2173,Medio,1,53.1
Benito Juárez,Noche (18-23),Domingo,1,1,1,1,0.0872,0.6485,0.2643,Medio,1,58.9
Benito Juárez,Tarde (12-17),Domingo,1,0,1,1,0.1621,0.4656,0.3723,Medio,1,60.5
Benito Juárez,Tarde (12-17),Domingo,1,1,1,1,0.056,0.3844,0.5596,Alto,2,75.2
Benito Juárez,Madrugada (00-05),Jueves,1,0,0,1,0.7009,0.2777,0.0214,Bajo,0,16.0
Benito Juárez,Madrugada (00-05),Jueves,1,1,0,1,0.6391,0.3333,0.0276,Bajo,0,19.4
Benito Juárez,Mañana (06-11),Jueves,1,0,0,1,0.1101,0.4265,0.4634,Alto,2,67.7
Benito Juárez,Mañana (06-11),Jueves,1,1,0,1,0.0838,0.4551,0.461,Alto,2,68.9
Benito Juárez,Noche (18-23),Jueves,1,0,0,1,0.0496,0.3994,0.551,Alto,2,75.1
Benito Juárez,Noche (18-23),Jueves,1,1,0,1,0.0449,0.3488,0.6063,Alto,2,78.1
Benito Juárez,Tarde (12-17),Jueves,1,0,0,1,0.0308,0.4859,0.4833,Medio,1,72.6
Benito Juárez,Tarde (12-17),Jueves,1,1,0,1,0.0294,0.3769,0.5937,Alto,2,78.2
Benito Juárez,Madrugada (00-05),Lunes,1,0,0,1,0.811,0.1776,0.0114,Bajo,0,10.0
Benito Juárez,Madrugada (00-05),Lunes,1,1,0,1,0.7638,0.2204,0.0158,Bajo,0,12.6
Benito Juárez,Mañana (06-11),Lunes,1,0,0,1,0.1252,0.4759,0.3988,Medio,1,63.7
Benito Juárez,Mañana (06-11),Lunes,1,1,0,1,0.1009,0.5099,0.3892,Medio,1,64.4
Benito Juárez,Noche (18-23),Lunes,1,0,0,1,0.1523,0.5357,0.312,Medio,1,58.0
Benito Juárez,Noche (18-23),Lunes,1,1,0,1,0.1116,0.5174,0.3711,Medio,1,63.0
Benito Juárez,Tarde (12-17),Lunes,1,0,0,1,0.0978,0.4663,0.4359,Medio,1,66.9
Benito Juárez,Tarde (12-17),Lunes,1,1,0,1,0.0693,0.3198,0.6109,Alto,2,77.1
Benito Juárez,Madrugada (00-05),Martes,1,0,0,1,0.9426,0.0491,0.0083,Bajo,0,3.3
Benito Juárez,Madrugada (00-05),Martes,1,1,0,1,0.8683,0.1064,0.0253,Bajo,0,7.8
Benito Juárez,Mañana (06-11),Martes,1,0,0,1,0.224,0.2074,0.5685,Alto,2,67.2
Benito Juárez,Mañana (06-11),Martes,1,1,0,1,0.0985,0.187,0.7145,Alto,2,80.8
Benito Juárez,Noche (18-23),Martes,1,0,0,1,0.1423,0.2792,0.5786,Alto,2,71.8
Benito Juárez,Noche (18-23),Martes,1,1,0,1,0.0804,0.1938,0.7258,Alto,2,82.3
Benito Juárez,Tarde (12-17),Martes,1,0,0,1,0.0767,0.2508,0.6724,Alto,2,79.8
Benito Juárez,Tarde (12-17),Martes,1,1,0,1,0.0235,0.1618,0.8147,Alto,2,89.6
Benito Juárez,Madrugada (00-05),Miércoles,1,0,0,1,0.8387,0.1465,0.0148,Bajo,0,8.8
Benito Juárez,Madrugada (00-05),Miércoles,1,1,0,1,0.7427,0.2415,0.0159,Bajo,0,13.7
Benito Juárez,Mañana (06-11),Miércoles,1,0,0,1,0.0675,0.2925,0.64,Alto,2,78.6
Benito Juárez,Mañana (06-11),Miércoles,1,1,0,1,0.0521,0.3957,0.5522,Alto,2,75.0
Benito Juárez,Noche (18-23),Miércoles,1,0,0,1,0.0805,0.3735,0.5461,Alto,2,73.3
Benito Juárez,Noche (18-23),Miércoles,1,1,0,1,0.085,0.4748,0.4403,Medio,1,67.8
Benito Juárez,Tarde (12-17),Miércoles,1,0,0,1,0.0266,0.3241,0.6493,Alto,2,81.1
Benito Juárez,Tarde (12-17),Miércoles,1,1,0,1,0.0191,0.4053,0.5757,Alto,2,77.8
Benito Juárez,Madrugada (00-05),Sábado,1,0,1,1,0.2477,0.512,0.2402,Medio,1,49.6
Benito Juárez,Madrugada (00-05),Sábado,1,1,1,1,0.2151,0.5101,0.2748,Medio,1,53.0
Benito Juárez,Mañana (06-11),Sábado,1,0,1,1,0.155,0.4723,0.3727,Medio,1,60.9
Benito Juárez,Mañana (06-11),Sábado,1,1,1,1,0.1481,0.5601,0.2919,Medio,1,57.2
Benito Juárez,Noche (18-23),Sábado,1,0,1,1,0.0777,0.5871,0.3352,Medio,1,62.9
Benito Juárez,Noche (18-23),Sábado,1,1,1,1,0.0809,0.5207,0.3983,Medio,1,65.9
Benito Juárez,Tarde (12-17),Sábado,1,0,1,1,0.0187,0.1948,0.7866,Alto,2,88.4
Benito Juárez,Tarde (12-17),Sábado,1,1,1,1,0.0128,0.1191,0.8682,Alto,2,92.8
Benito Juárez,Madrugada (00-05),Viernes,1,0,0,1,0.6943,0.2815,0.0242,Bajo,0,16.5
Benito Juárez,Madrugada (00-05),Viernes,1,1,0,1,0.4117,0.5553,0.033,Medio,1,31.1
Benito Juárez,Mañana (06-11),Viernes,1,0,0,1,0.1934,0.2967,0.5099,Alto,2,65.8
Benito Juárez,Mañana (06-11),Viernes,1,1,0,1,0.0685,0.5401,0.3913,Medio,1,66.1
Benito Juárez,Noche (18-23),Viernes,1,0,0,1,0.0368,0.2521,0.7111,Alto,2,83.7
Benito Juárez,Noche (18-23),Viernes,1,1,0,1,0.0223,0.2779,0.6998,Alto,2,83.9
Benito Juárez,Tarde (12-17),Viernes,1,0,0,1,0.0384,0.2207,0.7409,Alto,2,85.1
Benito Juárez,Tarde (12-17),Viernes,1,1,0,1,0.0177,0.2005,0.7818,Alto,2,88.2
Benito Juárez,Madrugada (00-05),Domingo,2,0,1,1,0.254,0.5969,0.1491,Medio,1,44.8
Benito Juárez,Madrugada (00-05),Domingo,2,1,1,1,0.154,0.6802,0.1658,Medio,1,50.6
Benito Juárez,Mañana (06-11),Domingo,2,0,1,1,0.2647,0.6074,0.1278,Medio,1,43.2
Benito Juárez,Mañana (06-11),Domingo,2,1,1,1,0.1862,0.6962,0.1176,Medio,1,46.6
Benito Juárez,Noche (18-23),Domingo,2,0,1,1,0.1485,0.5869,0.2646,Medio,1,55.8
Benito Juárez,Noche (18-23),Domingo,2,1,1,1,0.0803,0.6335,0.2862,Medio,1,60.3
Benito Juárez,Tarde (12-17),Domingo,2,0,1,1,0.0945,0.5453,0.3601,Medio,1,63.3
Benito Juárez,Tarde (12-17),Domingo,2,1,1,1,0.0427,0.4943,0.463,Medio,1,71.0
Benito Juárez,Madrugada (00-05),Jueves,2,0,0,1,0.4921,0.4688,0.0392,Bajo,0,27.4
Benito Juárez,Madrugada (00-05),Jueves,2,1,0,1,0.4938,0.4619,0.0443,Bajo,0,27.5
Benito Juárez,Mañana (06-11),Jueves,2,0,0,1,0.052,0.438,0.5101,Alto,2,72.9
Benito Juárez,Mañana (06-11),Jueves,2,1,0,1,0.0508,0.4233,0.526,Alto,2,73.8
Benito Juárez,Noche (18-23),Jueves,2,0,0,1,0.0333,0.3829,0.5838,Alto,2,77.5
Benito Juárez,Noche (18-23),Jueves,2,1,0,1,0.0281,0.3031,0.6688,Alto,2,82.0
Benito Juárez,Tarde (12-17),Jueves,2,0,0,1,0.0169,0.3942,0.5888,Alto,2,78.6
Benito Juárez,Tarde (12-17),Jueves,2,1,0,1,0.019,0.2946,0.6865,Alto,2,83.4
Benito Juárez,Madrugada (00-05),Lunes,2,0,0,1,0.7571,0.2286,0.0142,Bajo,0,12.9
Benito Juárez,Madrugada (00-05),Lunes,2,1,0,1,0.7121,0.2673,0.0206,Bajo,0,15.4
Benito Juárez,Mañana (06-11),Lunes,2,0,0,1,0.0921,0.5563,0.3516,Medio,1,63.0
Benito Juárez,Mañana (06-11),Lunes,2,1,0,1,0.0766,0.5549,0.3685,Medio,1,64.6
Benito Juárez,Noche (18-23),Lunes,2,0,0,1,0.1489,0.5198,0.3313,Medio,1,59.1
Benito Juárez,Noche (18-23),Lunes,2,1,0,1,0.11,0.4599,0.4302,Medio,1,66.0
Benito Juárez,Tarde (12-17),Lunes,2,0,0,1,0.0865,0.4573,0.4562,Medio,1,68.5
Benito Juárez,Tarde (12-17),Lunes,2,1,0,1,0.0629,0.3199,0.6172,Alto,2,77.7
Benito Juárez,Madrugada (00-05),Martes,2,0,0,1,0.8621,0.1264,0.0115,Bajo,0,7.5
Benito Juárez,Madrugada (00-05),Martes,2,1,0,1,0.7792,0.1972,0.0236,Bajo,0,12.2
Benito Juárez,Mañana (06-11),Martes,2,0,0,1,0.0785,0.4212,0.5003,Alto,2,71.1
Benito Juárez,Mañana (06-11),Martes,2,1,0,1,0.0484,0.3744,0.5771,Alto,2,76.4
Benito Juárez,Noche (18-23),Martes,2,0,0,1,0.1594,0.4369,0.4036,Medio,1,62.2
Benito Juárez,Noche (18-23),Martes,2,1,0,1,0.0877,0.3187,0.5936,Alto,2,75.3
Benito Juárez,Tarde (12-17),Martes,2,0,0,1,0.0526,0.3504,0.5971,Alto,2,77.2
Benito Juárez,Tarde (12-17),Martes,2,1,0,1,0.0221,0.2677,0.7102,Alto,2,84.4
Benito Juárez,Madrugada (00-05),Miércoles,2,0,0,1,0.7639,0.2145,0.0216,Bajo,0,12.9
Benito Juárez,Madrugada (00-05),Miércoles,2,1,0,1,0.6714,0.3019,0.0268,Bajo,0,17.8
Benito Juárez,Mañana (06-11),Miércoles,2,0,0,1,0.0505,0.2757,0.6737,Alto,2,81.2
Benito Juárez,Mañana (06-11),Miércoles,2,1,0,1,0.0437,0.3135,0.6428,Alto,2,80.0
Benito Juárez,Noche (18-23),Miércoles,2,0,0,1,0.0993,0.3636,0.5371,Alto,2,71.9
Benito Juárez,Noche (18-23),Miércoles,2,1,0,1,0.066,0.3784,0.5555,Alto,2,74.5
Benito Juárez,Tarde (12-17),Miércoles,2,0,0,1,0.0217,0.3424,0.6359,Alto,2,80.7
Benito Juárez,Tarde (12-17),Miércoles,2,1,0,1,0.0147,0.3348,0.6506,Alto,2,81.8
Benito Juárez,Madrugada (00-05),Sábado,2,0,1,1,0.1629,0.5771,0.26,Medio,1,54.9
Benito Juárez,Madrugada (00-05),Sábado,2,1,1,1,0.1674,0.5637,0.269,Medio,1,55.1
Benito Juárez,Mañana (06-11),Sábado,2,0,1,1,0.1166,0.5296,0.3538,Medio,1,61.9
Benito Juárez,Mañana (06-11),Sábado,2,1,1,1,0.1308,0.5923,0.2769,Medio,1,57.3
Benito Juárez,Noche (18-23),Sábado,2,0,1,1,0.075,0.5199,0.4051,Medio,1,66.5
Benito Juárez,Noche (18-23),Sábado,2,1,1,1,0.0788,0.4957,0.4254,Medio,1,67.3
Benito Juárez,Tarde (12-17),Sábado,2,0,1,1,0.0182,0.2437,0.7381,Alto,2,86.0
Benito Juárez,Tarde (12-17),Sábado,2,1,1,1,0.0163,0.1803,0.8034,Alto,2,89.4
Benito Juárez,Madrugada (00-05),Viernes,2,0,0,1,0.6426,0.3231,0.0343,Bajo,0,19.6
Benito Juárez,Madrugada (00-05),Viernes,2,1,0,1,0.4227,0.5348,0.0425,Medio,1,31.0
Benito Juárez,Mañana (06-11),Viernes,2,0,0,1,0.1478,0.2986,0.5536,Alto,2,70.3
Benito Juárez,Mañana (06-11),Viernes,2,1,0,1,0.0637,0.498,0.4384,Medio,1,68.7
Benito Juárez,Noche (18-23),Viernes,2,0,0,1,0.0366,0.238,0.7254,Alto,2,84.4
Benito Juárez,Noche (18-23),Viernes,2,1,0,1,0.0191,0.2427,0.7382,Alto,2,86.0
Benito Juárez,Tarde (12-17),Viernes,2,0,0,1,0.0299,0.2065,0.7636,Alto,2,86.7
Benito Juárez,Tarde (12-17),Viernes,2,1,0,1,0.016,0.1919,0.7921,Alto,2,88.8
Benito Juárez,Madrugada (00-05),Domingo,3,0,1,1,0.2566,0.5798,0.1636,Medio,1,45.3
Benito Juárez,Madrugada (00-05),Domingo,3,1,1,1,0.1519,0.7053,0.1429,Medio,1,49.6
Benito Juárez,Mañana (06-11),Domingo,3,0,1,1,0.2626,0.5942,0.1433,Medio,1,44.0
Benito Juárez,Mañana (06-11),Domingo,3,1,1,1,0.1864,0.7095,0.1042,Medio,1,45.9
Benito Juárez,Noche (18-23),Domingo,3,0,1,1,0.143,0.5622,0.2948,Medio,1,57.6
Benito Juárez,Noche (18-23),Domingo,3,1,1,1,0.0777,0.6623,0.26,Medio,1,59.1
Benito Juárez,Tarde (12-17),Domingo,3,0,1,1,0.1058,0.4985,0.3957,Medio,1,64.5
Benito Juárez,Tarde (12-17),Domingo,3,1,1,1,0.0525,0.5652,0.3823,Medio,1,66.5
Benito Juárez,Madrugada (00-05),Jueves,3,0,0,1,0.4888,0.4689,0.0424,Bajo,0,27.7
Benito Juárez,Madrugada (00-05),Jueves,3,1,0,1,0.4685,0.4954,0.0361,Medio,1,28.4
Benito Juárez,Mañana (06-11),Jueves,3,0,0,1,0.0487,0.4159,0.5353,Alto,2,74.3
Benito Juárez,Mañana (06-11),Jueves,3,1,0,1,0.0532,0.4724,0.4743,Alto,2,71.1
Benito Juárez,Noche (18-23),Jueves,3,0,0,1,0.0335,0.3761,0.5905,Alto,2,77.9
Benito Juárez,Noche (18-23),Jueves,3,1,0,1,0.0319,0.3728,0.5953,Alto,2,78.2
Benito Juárez,Tarde (12-17),Jueves,3,0,0,1,0.0159,0.3619,0.6221,Alto,2,80.3
Benito Juárez,Tarde (12-17),Jueves,3,1,0,1,0.0229,0.3493,0.6277,Alto,2,80.2
Benito Juárez,Madrugada (00-05),Lunes,3,0,0,1,0.7797,0.2068,0.0135,Bajo,0,11.7
Benito Juárez,Madrugada (00-05),Lunes,3,1,0,1,0.7203,0.2629,0.0169,Bajo,0,14.8
Benito Juárez,Mañana (06-11),Lunes,3,0,0,1,0.1003,0.5355,0.3642,Medio,1,63.2
Benito Juárez,Mañana (06-11),Lunes,3,1,0,1,0.0862,0.5773,0.3365,Medio,1,62.5
Benito Juárez,Noche (18-23),Lunes,3,0,0,1,0.1825,0.4967,0.3208,Medio,1,56.9
Benito Juárez,Noche (18-23),Lunes,3,1,0,1,0.1501,0.4856,0.3643,Medio,1,60.7
Benito Juárez,Tarde (12-17),Lunes,3,0,0,1,0.0716,0.4479,0.4805,Alto,2,70.4
Benito Juárez,Tarde (12-17),Lunes,3,1,0,1,0.067,0.3779,0.5552,Alto,2,74.4
Benito Juárez,Madrugada (00-05),Martes,3,0,0,1,0.8745,0.1128,0.0126,Bajo,0,6.9
Benito Juárez,Madrugada (00-05),Martes,3,1,0,1,0.7653,0.2098,0.0248,Bajo,0,13.0
Benito Juárez,Mañana (06-11),Martes,3,0,0,1,0.0672,0.3458,0.587,Alto,2,76.0
Benito Juárez,Mañana (06-11),Martes,3,1,0,1,0.0413,0.3462,0.6125,Alto,2,78.6
Benito Juárez,Noche (18-23),Martes,3,0,0,1,0.1717,0.4002,0.428,Alto,2,62.8
Benito Juárez,Noche (18-23),Martes,3,1,0,1,0.0852,0.3516,0.5631,Alto,2,73.9
Benito Juárez,Tarde (12-17),Martes,3,0,0,1,0.0519,0.2927,0.6554,Alto,2,80.2
Benito Juárez,Tarde (12-17),Martes,3,1,0,1,0.0229,0.2649,0.7121,Alto,2,84.5
Benito Juárez,Madrugada (00-05),Miércoles,3,0,0,1,0.6998,0.2717,0.0285,Bajo,0,16.4
Benito Juárez,Madrugada (00-05),Miércoles,3,1,0,1,0.6246,0.3479,0.0275,Bajo,0,20.1
Benito Juárez,Mañana (06-11),Miércoles,3,0,0,1,0.0481,0.2556,0.6963,Alto,2,82.4
Benito Juárez,Mañana (06-11),Miércoles,3,1,0,1,0.0486,0.318,0.6335,Alto,2,79.2
Benito Juárez,Noche (18-23),Miércoles,3,0,0,1,0.0582,0.393,0.5488,Alto,2,74.5
Benito Juárez,Noche (18-23),Miércoles,3,1,0,1,0.0452,0.42,0.5348,Alto,2,74.5
Benito Juárez,Tarde (12-17),Miércoles,3,0,0,1,0.0158,0.338,0.6462,Alto,2,81.5
Benito Juárez,Tarde (12-17),Miércoles,3,1,0,1,0.0153,0.3717,0.613,Alto,2,79.9
Benito Juárez,Madrugada (00-05),Sábado,3,0,1,1,0.1992,0.5262,0.2746,Medio,1,53.8
Benito Juárez,Madrugada (00-05),Sábado,3,1,1,1,0.1765,0.5984,0.2251,Medio,1,52.4
Benito Juárez,Mañana (06-11),Sábado,3,0,1,1,0.1389,0.4825,0.3786,Medio,1,62.0
Benito Juárez,Mañana (06-11),Sábado,3,1,1,1,0.1375,0.6283,0.2341,Medio,1,54.8
Benito Juárez,Noche (18-23),Sábado,3,0,1,1,0.0857,0.4688,0.4456,Medio,1,68.0
Benito Juárez,Noche (18-23),Sábado,3,1,1,1,0.0801,0.5338,0.3862,Medio,1,65.3
Benito Juárez,Tarde (12-17),Sábado,3,0,1,1,0.0289,0.299,0.6721,Alto,2,82.2
Benito Juárez,Tarde (12-17),Sábado,3,1,1,1,0.0304,0.3423,0.6273,Alto,2,79.8
Benito Juárez,Madrugada (00-05),Viernes,3,0,0,1,0.6397,0.3209,0.0393,Bajo,0,20.0
Benito Juárez,Madrugada (00-05),Viernes,3,1,0,1,0.4041,0.5616,0.0343,Medio,1,31.5
Benito Juárez,Mañana (06-11),Viernes,3,0,0,1,0.1373,0.2807,0.5821,Alto,2,72.2
Benito Juárez,Mañana (06-11),Viernes,3,1,0,1,0.0687,0.5652,0.3661,Medio,1,64.9
Benito Juárez,Noche (18-23),Viernes,3,0,0,1,0.0358,0.2339,0.7303,Alto,2,84.7
Benito Juárez,Noche (18-23),Viernes,3,1,0,1,0.0224,0.3182,0.6593,Alto,2,81.8
Benito Juárez,Tarde (12-17),Viernes,3,0,0,1,0.0274,0.1758,0.7968,Alto,2,88.5
Benito Juárez,Tarde (12-17),Viernes,3,1,0,1,0.0228,0.2572,0.72,Alto,2,84.9
Benito Juárez,Madrugada (00-05),Domingo,4,0,1,2,0.2403,0.6276,0.1321,Medio,1,44.6
Benito Juárez,Madrugada (00-05),Domingo,4,1,1,2,0.1691,0.6736,0.1574,Medio,1,49.4
Benito Juárez,Mañana (06-11),Domingo,4,0,1,2,0.2362,0.6246,0.1393,Medio,1,45.2
Benito Juárez,Mañana (06-11),Domingo,4,1,1,2,0.1937,0.6641,0.1422,Medio,1,47.4
Benito Juárez,Noche (18-23),Domingo,4,0,1,2,0.1163,0.5996,0.2841,Medio,1,58.4
Benito Juárez,Noche (18-23),Domingo,4,1,1,2,0.0767,0.5812,0.3421,Medio,1,63.3
Benito Juárez,Tarde (12-17),Domingo,4,0,1,2,0.1193,0.5433,0.3375,Medio,1,60.9
Benito Juárez,Tarde (12-17),Domingo,4,1,1,2,0.0538,0.5103,0.4359,Medio,1,69.1
Benito Juárez,Madrugada (00-05),Jueves,4,0,0,2,0.469,0.4927,0.0383,Medio,1,28.5
Benito Juárez,Madrugada (00-05),Jueves,4,1,0,2,0.4755,0.4766,0.0479,Medio,1,28.6
Benito Juárez,Mañana (06-11),Jueves,4,0,0,2,0.0548,0.4725,0.4727,Alto,2,70.9
Benito Juárez,Mañana (06-11),Jueves,4,1,0,2,0.0486,0.4254,0.5261,Alto,2,73.9
Benito Juárez,Noche (18-23),Jueves,4,0,0,2,0.0282,0.4254,0.5464,Alto,2,75.9
Benito Juárez,Noche (18-23),Jueves,4,1,0,2,0.0232,0.2926,0.6841,Alto,2,83.0
Benito Juárez,Tarde (12-17),Jueves,4,0,0,2,0.0124,0.3873,0.6004,Alto,2,79.4
Benito Juárez,Tarde (12-17),Jueves,4,1,0,2,0.0132,0.2583,0.7285,Alto,2,85.8
Benito Juárez,Madrugada (00-05),Lunes,4,0,0,2,0.7893,0.196,0.0148,Bajo,0,11.3
Benito Juárez,Madrugada (00-05),Lunes,4,1,0,2,0.7602,0.2179,0.0219,Bajo,0,13.1
Benito Juárez,Mañana (06-11),Lunes,4,0,0,2,0.0961,0.5538,0.3501,Medio,1,62.7
Benito Juárez,Mañana (06-11),Lunes,4,1,0,2,0.0835,0.5235,0.3929,Medio,1,65.5
Benito Juárez,Noche (18-23),Lunes,4,0,0,2,0.1624,0.4976,0.34,Medio,1,58.9
Benito Juárez,Noche (18-23),Lunes,4,1,0,2,0.1426,0.3841,0.4733,Alto,2,66.5
Benito Juárez,Tarde (12-17),Lunes,4,0,0,2,0.0484,0.3999,0.5518,Alto,2,75.2
Benito Juárez,Tarde (12-17),Lunes,4,1,0,2,0.0381,0.2594,0.7025,Alto,2,83.2
Benito Juárez,Madrugada (00-05),Martes,4,0,0,2,0.8587,0.131,0.0103,Bajo,0,7.6
Benito Juárez,Madrugada (00-05),Martes,4,1,0,2,0.7823,0.1945,0.0232,Bajo,0,12.0
Benito Juárez,Mañana (06-11),Martes,4,0,0,2,0.0754,0.4598,0.4649,Alto,2,69.5
Benito Juárez,Mañana (06-11),Martes,4,1,0,2,0.049,0.3909,0.5601,Alto,2,75.6
Benito Juárez,Noche (18-23),Martes,4,0,0,2,0.1371,0.4789,0.3839,Medio,1,62.3
Benito Juárez,Noche (18-23),Martes,4,1,0,2,0.0761,0.3446,0.5793,Alto,2,75.2
Benito Juárez,Tarde (12-17),Martes,4,0,0,2,0.0392,0.409,0.5518,Alto,2,75.6
Benito Juárez,Tarde (12-17),Martes,4,1,0,2,0.0165,0.2655,0.718,Alto,2,85.1
Benito Juárez,Madrugada (00-05),Miércoles,4,0,0,2,0.6803,0.2942,0.0256,Bajo,0,17.3
Benito Juárez,Madrugada (00-05),Miércoles,4,1,0,2,0.643,0.3225,0.0345,Bajo,0,19.6
Benito Juárez,Mañana (06-11),Miércoles,4,0,0,2,0.0545,0.318,0.6275,Alto,2,78.6
Benito Juárez,Mañana (06-11),Miércoles,4,1,0,2,0.0489,0.296,0.6551,Alto,2,80.3
Benito Juárez,Noche (18-23),Miércoles,4,0,0,2,0.0453,0.4447,0.51,Alto,2,73.2
Benito Juárez,Noche (18-23),Miércoles,4,1,0,2,0.0332,0.3357,0.6311,Alto,2,79.9
Benito Juárez,Tarde (12-17),Miércoles,4,0,0,2,0.0122,0.3324,0.6554,Alto,2,82.2
Benito Juárez,Tarde (12-17),Miércoles,4,1,0,2,0.0094,0.2391,0.7515,Alto,2,87.1
Benito Juárez,Madrugada (00-05),Sábado,4,0,1,2,0.2195,0.5655,0.215,Medio,1,49.8
Benito Juárez,Madrugada (00-05),Sábado,4,1,1,2,0.1936,0.5485,0.2579,Medio,1,53.2
Benito Juárez,Mañana (06-11),Sábado,4,0,1,2,0.1413,0.4818,0.3769,Medio,1,61.8
Benito Juárez,Mañana (06-11),Sábado,4,1,1,2,0.1373,0.5156,0.347,Medio,1,60.5
Benito Juárez,Noche (18-23),Sábado,4,0,1,2,0.083,0.5043,0.4127,Medio,1,66.5
Benito Juárez,Noche (18-23),Sábado,4,1,1,2,0.0787,0.4227,0.4985,Alto,2,71.0
Benito Juárez,Tarde (12-17),Sábado,4,0,1,2,0.0357,0.3039,0.6604,Alto,2,81.2
Benito Juárez,Tarde (12-17),Sábado,4,1,1,2,0.0265,0.2301,0.7434,Alto,2,85.8
Benito Juárez,Madrugada (00-05),Viernes,4,0,0,2,0.5968,0.3694,0.0338,Bajo,0,21.8
Benito Juárez,Madrugada (00-05),Viernes,4,1,0,2,0.4405,0.5147,0.0448,Medio,1,30.2
Benito Juárez,Mañana (06-11),Viernes,4,0,0,2,0.131,0.3727,0.4964,Alto,2,68.3
Benito Juárez,Mañana (06-11),Viernes,4,1,0,2,0.0689,0.517,0.4142,Medio,1,67.3
Benito Juárez,Noche (18-23),Viernes,4,0,0,2,0.0342,0.3159,0.6499,Alto,2,80.8
Benito Juárez,Noche (18-23),Viernes,4,1,0,2,0.0197,0.2466,0.7337,Alto,2,85.7
Benito Juárez,Tarde (12-17),Viernes,4,0,0,2,0.0207,0.2575,0.7218,Alto,2,85.1
Benito Juárez,Tarde (12-17),Viernes,4,1,0,2,0.0113,0.1751,0.8136,Alto,2,90.1
Benito Juárez,Madrugada (00-05),Domingo,5,0,1,2,0.214,0.6181,0.1679,Medio,1,47.7
Benito Juárez,Madrugada (00-05),Domingo,5,1,1,2,0.174,0.6344,0.1916,Medio,1,50.9
Benito Juárez,Mañana (06-11),Domingo,5,0,1,2,0.2013,0.6321,0.1666,Medio,1,48.3
Benito Juárez,Mañana (06-11),Domingo,5,1,1,2,0.1994,0.6392,0.1613,Medio,1,48.1
Benito Juárez,Noche (18-23),Domingo,5,0,1,2,0.1109,0.5435,0.3456,Medio,1,61.7
Benito Juárez,Noche (18-23),Domingo,5,1,1,2,0.0878,0.5102,0.402,Medio,1,65.7
Benito Juárez,Tarde (12-17),Domingo,5,0,1,2,0.095,0.4813,0.4237,Medio,1,66.4
Benito Juárez,Tarde (12-17),Domingo,5,1,1,2,0.049,0.4444,0.5066,Alto,2,72.9
Benito Juárez,Madrugada (00-05),Jueves,5,0,0,2,0.4233,0.5334,0.0433,Medio,1,31.0
Benito Juárez,Madrugada (00-05),Jueves,5,1,0,2,0.4677,0.4802,0.0521,Medio,1,29.2
Benito Juárez,Mañana (06-11),Jueves,5,0,0,2,0.041,0.4482,0.5108,Alto,2,73.5
Benito Juárez,Mañana (06-11),Jueves,5,1,0,2,0.0427,0.3849,0.5723,Alto,2,76.5
Benito Juárez,Noche (18-23),Jueves,5,0,0,2,0.0218,0.4366,0.5416,Alto,2,76.0
Benito Juárez,Noche (18-23),Jueves,5,1,0,2,0.0225,0.2629,0.7145,Alto,2,84.6
Benito Juárez,Tarde (12-17),Jueves,5,0,0,2,0.0088,0.3591,0.6321,Alto,2,81.2
Benito Juárez,Tarde (12-17),Jueves,5,1,0,2,0.0106,0.25,0.7394,Alto,2,86.4
Benito Juárez,Madrugada (00-05),Lunes,5,0,0,2,0.7523,0.2302,0.0175,Bajo,0,13.3
Benito Juárez,Madrugada (00-05),Lunes,5,1,0,2,0.7522,0.2249,0.0229,Bajo,0,13.5
Benito Juárez,Mañana (06-11),Lunes,5,0,0,2,0.0715,0.5495,0.379,Medio,1,65.4
Benito Juárez,Mañana (06-11),Lunes,5,1,0,2,0.0748,0.5034,0.4219,Medio,1,67.4
Benito Juárez,Noche (18-23),Lunes,5,0,0,2,0.136,0.5159,0.348,Medio,1,60.6
Benito Juárez,Noche (18-23),Lunes,5,1,0,2,0.1531,0.3474,0.4995,Alto,2,67.3
Benito Juárez,Tarde (12-17),Lunes,5,0,0,2,0.0377,0.4494,0.5129,Alto,2,73.8
Benito Juárez,Tarde (12-17),Lunes,5,1,0,2,0.0366,0.3169,0.6466,Alto,2,80.5
Benito Juárez,Madrugada (00-05),Martes,5,0,0,2,0.8403,0.146,0.0137,Bajo,0,8.7
Benito Juárez,Madrugada (00-05),Martes,5,1,0,2,0.7977,0.1796,0.0228,Bajo,0,11.3
Benito Juárez,Mañana (06-11),Martes,5,0,0,2,0.0525,0.4143,0.5332,Alto,2,74.0
Benito Juárez,Mañana (06-11),Martes,5,1,0,2,0.0439,0.3606,0.5955,Alto,2,77.6
Benito Juárez,Noche (18-23),Martes,5,0,0,2,0.1117,0.4736,0.4148,Medio,1,65.2
Benito Juárez,Noche (18-23),Martes,5,1,0,2,0.0928,0.2877,0.6195,Alto,2,76.3
Benito Juárez,Tarde (12-17),Martes,5,0,0,2,0.0309,0.3252,0.6439,Alto,2,80.6
Benito Juárez,Tarde (12-17),Martes,5,1,0,2,0.0154,0.2603,0.7244,Alto,2,85.4
Benito Juárez,Madrugada (00-05),Miércoles,5,0,0,2,0.6327,0.3389,0.0285,Bajo,0,19.8
Benito Juárez,Madrugada (00-05),Miércoles,5,1,0,2,0.6256,0.3398,0.0346,Bajo,0,20.4
Benito Juárez,Mañana (06-11),Miércoles,5,0,0,2,0.0388,0.2821,0.6791,Alto,2,82.0
Benito Juárez,Mañana (06-11),Miércoles,5,1,0,2,0.0416,0.2585,0.6999,Alto,2,82.9
Benito Juárez,Noche (18-23),Miércoles,5,0,0,2,0.0375,0.4819,0.4806,Medio,1,72.2
Benito Juárez,Noche (18-23),Miércoles,5,1,0,2,0.0359,0.3158,0.6482,Alto,2,80.6
Benito Juárez,Tarde (12-17),Miércoles,5,0,0,2,0.0094,0.3129,0.6776,Alto,2,83.4
Benito Juárez,Tarde (12-17),Miércoles,5,1,0,2,0.0082,0.2612,0.7305,Alto,2,86.1
Benito Juárez,Madrugada (00-05),Sábado,5,0,1,2,0.1862,0.5575,0.2563,Medio,1,53.5
Benito Juárez,Madrugada (00-05),Sábado,5,1,1,2,0.1786,0.5178,0.3036,Medio,1,56.2
Benito Juárez,Mañana (06-11),Sábado,5,0,1,2,0.1167,0.4906,0.3927,Medio,1,63.8
Benito Juárez,Mañana (06-11),Sábado,5,1,1,2,0.127,0.4939,0.3791,Medio,1,62.6
Benito Juárez,Noche (18-23),Sábado,5,0,1,2,0.075,0.4383,0.4867,Alto,2,70.6
Benito Juárez,Noche (18-23),Sábado,5,1,1,2,0.0712,0.3537,0.5751,Alto,2,75.2
Benito Juárez,Tarde (12-17),Sábado,5,0,1,2,0.0254,0.2341,0.7404,Alto,2,85.8
Benito Juárez,Tarde (12-17),Sábado,5,1,1,2,0.0197,0.1694,0.8109,Alto,2,89.6
Benito Juárez,Madrugada (00-05),Viernes,5,0,0,2,0.5573,0.4041,0.0387,Bajo,0,24.1
Benito Juárez,Madrugada (00-05),Viernes,5,1,0,2,0.4373,0.5178,0.0449,Medio,1,30.4
Benito Juárez,Mañana (06-11),Viernes,5,0,0,2,0.0974,0.3673,0.5354,Alto,2,71.9
Benito Juárez,Mañana (06-11),Viernes,5,1,0,2,0.0612,0.508,0.4308,Medio,1,68.5
Benito Juárez,Noche (18-23),Viernes,5,0,0,2,0.0276,0.3383,0.6341,Alto,2,80.3
Benito Juárez,Noche (18-23),Viernes,5,1,0,2,0.0215,0.2228,0.7557,Alto,2,86.7
Benito Juárez,Tarde (12-17),Viernes,5,0,0,2,0.0171,0.204,0.7789,Alto,2,88.1
Benito Juárez,Tarde (12-17),Viernes,5,1,0,2,0.0111,0.1575,0.8314,Alto,2,91.0
Benito Juárez,Madrugada (00-05),Domingo,6,0,1,2,0.2349,0.5009,0.2642,Medio,1,51.5
Benito Juárez,Madrugada (00-05),Domingo,6,1,1,2,0.222,0.496,0.282,Medio,1,53.0
Benito Juárez,Mañana (06-11),Domingo,6,0,1,2,0.2325,0.5558,0.2116,Medio,1,49.0
Benito Juárez,Mañana (06-11),Domingo,6,1,1,2,0.2837,0.5124,0.2039,Medio,1,46.0
Benito Juárez,Noche (18-23),Domingo,6,0,1,2,0.1097,0.4193,0.471,Alto,2,68.1
Benito Juárez,Noche (18-23),Domingo,6,1,1,2,0.0998,0.3915,0.5087,Alto,2,70.4
Benito Juárez,Tarde (12-17),Domingo,6,0,1,2,0.1106,0.389,0.5004,Alto,2,69.5
Benito Juárez,Tarde (12-17),Domingo,6,1,1,2,0.0671,0.3583,0.5746,Alto,2,75.4
Benito Juárez,Madrugada (00-05),Jueves,6,0,0,2,0.5931,0.3738,0.0331,Bajo,0,22.0
Benito Juárez,Madrugada (00-05),Jueves,6,1,0,2,0.6422,0.3232,0.0346,Bajo,0,19.6
Benito Juárez,Mañana (06-11),Jueves,6,0,0,2,0.074,0.4666,0.4593,Medio,1,69.3
Benito Juárez,Mañana (06-11),Jueves,6,1,0,2,0.0889,0.4098,0.5013,Alto,2,70.6
Benito Juárez,Noche (18-23),Jueves,6,0,0,2,0.0422,0.4321,0.5257,Alto,2,74.2
Benito Juárez,Noche (18-23),Jueves,6,1,0,2,0.0474,0.3067,0.6459,Alto,2,79.9
Benito Juárez,Tarde (12-17),Jueves,6,0,0,2,0.0155,0.3532,0.6313,Alto,2,80.8
Benito Juárez,Tarde (12-17),Jueves,6,1,0,2,0.0185,0.2781,0.7033,Alto,2,84.2
Benito Juárez,Madrugada (00-05),Lunes,6,0,0,2,0.7664,0.2191,0.0145,Bajo,0,12.4
Benito Juárez,Madrugada (00-05),Lunes,6,1,0,2,0.8105,0.1754,0.0141,Bajo,0,10.2
Benito Juárez,Mañana (06-11),Lunes,6,0,0,2,0.0889,0.6035,0.3075,Medio,1,60.9
Benito Juárez,Mañana (06-11),Lunes,6,1,0,2,0.1325,0.5394,0.3281,Medio,1,59.8
Benito Juárez,Noche (18-23),Lunes,6,0,0,2,0.145,0.5437,0.3112,Medio,1,58.3
Benito Juárez,Noche (18-23),Lunes,6,1,0,2,0.2027,0.4108,0.3865,Medio,1,59.2
Benito Juárez,Tarde (12-17),Lunes,6,0,0,2,0.071,0.5115,0.4175,Medio,1,67.3
Benito Juárez,Tarde (12-17),Lunes,6,1,0,2,0.0943,0.4111,0.4946,Alto,2,70.0
Benito Juárez,Madrugada (00-05),Martes,6,0,0,2,0.8579,0.1281,0.014,Bajo,0,7.8
Benito Juárez,Madrugada (00-05),Martes,6,1,0,2,0.833,0.148,0.0189,Bajo,0,9.3
Benito Juárez,Mañana (06-11),Martes,6,0,0,2,0.0636,0.3848,0.5516,Alto,2,74.4
Benito Juárez,Mañana (06-11),Martes,6,1,0,2,0.0642,0.3479,0.5879,Alto,2,76.2
Benito Juárez,Noche (18-23),Martes,6,0,0,2,0.1219,0.4289,0.4492,Alto,2,66.4
Benito Juárez,Noche (18-23),Martes,6,1,0,2,0.1113,0.3117,0.5771,Alto,2,73.3
Benito Juárez,Tarde (12-17),Martes,6,0,0,2,0.0414,0.2957,0.6628,Alto,2,81.1
Benito Juárez,Tarde (12-17),Martes,6,1,0,2,0.0265,0.2779,0.6956,Alto,2,83.5
Benito Juárez,Madrugada (00-05),Miércoles,6,0,0,2,0.7374,0.2382,0.0244,Bajo,0,14.3
Benito Juárez,Madrugada (00-05),Miércoles,6,1,0,2,0.7376,0.2359,0.0265,Bajo,0,14.4
Benito Juárez,Mañana (06-11),Miércoles,6,0,0,2,0.0753,0.3235,0.6012,Alto,2,76.3
Benito Juárez,Mañana (06-11),Miércoles,6,1,0,2,0.0962,0.2879,0.6159,Alto,2,76.0
Benito Juárez,Noche (18-23),Miércoles,6,0,0,2,0.0507,0.4185,0.5308,Alto,2,74.0
Benito Juárez,Noche (18-23),Miércoles,6,1,0,2,0.0479,0.3206,0.6314,Alto,2,79.2
Benito Juárez,Tarde (12-17),Miércoles,6,0,0,2,0.0175,0.2621,0.7203,Alto,2,85.1
Benito Juárez,Tarde (12-17),Miércoles,6,1,0,2,0.0166,0.2528,0.7306,Alto,2,85.7
Benito Juárez,Madrugada (00-05),Sábado,6,0,1,2,0.2455,0.4409,0.3136,Medio,1,53.4
Benito Juárez,Madrugada (00-05),Sábado,6,1,1,2,0.2863,0.3711,0.3426,Medio,1,52.8
Benito Juárez,Mañana (06-11),Sábado,6,0,1,2,0.1657,0.4464,0.3879,Medio,1,61.1
Benito Juárez,Mañana (06-11),Sábado,6,1,1,2,0.2391,0.3829,0.378,Medio,1,56.9
Benito Juárez,Noche (18-23),Sábado,6,0,1,2,0.093,0.3316,0.5754,Alto,2,74.1
Benito Juárez,Noche (18-23),Sábado,6,1,1,2,0.0974,0.2879,0.6147,Alto,2,75.9
Benito Juárez,Tarde (12-17),Sábado,6,0,1,2,0.029,0.1604,0.8106,Alto,2,89.1
Benito Juárez,Tarde (12-17),Sábado,6,1,1,2,0.0285,0.1074,0.8641,Alto,2,91.8
Benito Juárez,Madrugada (00-05),Viernes,6,0,0,2,0.5784,0.3802,0.0414,Bajo,0,23.2
Benito Juárez,Madrugada (00-05),Viernes,6,1,0,2,0.5119,0.446,0.0421,Bajo,0,26.5
Benito Juárez,Mañana (06-11),Viernes,6,0,0,2,0.1097,0.3809,0.5094,Alto,2,70.0
Benito Juárez,Mañana (06-11),Viernes,6,1,0,2,0.0916,0.4991,0.4093,Medio,1,65.9
Benito Juárez,Noche (18-23),Viernes,6,0,0,2,0.0285,0.2964,0.6751,Alto,2,82.3
Benito Juárez,Noche (18-23),Viernes,6,1,0,2,0.0267,0.2329,0.7404,Alto,2,85.7
Benito Juárez,Tarde (12-17),Viernes,6,0,0,2,0.0204,0.1934,0.7863,Alto,2,88.3
Benito Juárez,Tarde (12-17),Viernes,6,1,0,2,0.017,0.167,0.816,Alto,2,90.0
Benito Juárez,Madrugada (00-05),Domingo,7,0,1,3,0.1902,0.5655,0.2443,Medio,1,52.7
Benito Juárez,Madrugada (00-05),Domingo,7,1,1,3,0.1749,0.564,0.2611,Medio,1,54.3
Benito Juárez,Mañana (06-11),Domingo,7,0,1,3,0.2086,0.6083,0.1831,Medio,1,48.7
Benito Juárez,Mañana (06-11),Domingo,7,1,1,3,0.2337,0.5859,0.1803,Medio,1,47.3
Benito Juárez,Noche (18-23),Domingo,7,0,1,3,0.0933,0.4966,0.4101,Medio,1,65.8
Benito Juárez,Noche (18-23),Domingo,7,1,1,3,0.0748,0.5183,0.4068,Medio,1,66.6
Benito Juárez,Tarde (12-17),Domingo,7,0,1,3,0.0793,0.4126,0.5081,Alto,2,71.4
Benito Juárez,Tarde (12-17),Domingo,7,1,1,3,0.0456,0.3852,0.5692,Alto,2,76.2
Benito Juárez,Madrugada (00-05),Jueves,7,0,0,3,0.6756,0.2958,0.0286,Bajo,0,17.6
Benito Juárez,Madrugada (00-05),Jueves,7,1,0,3,0.6723,0.2969,0.0308,Bajo,0,17.9
Benito Juárez,Mañana (06-11),Jueves,7,0,0,3,0.1304,0.4485,0.4211,Medio,1,64.5
Benito Juárez,Mañana (06-11),Jueves,7,1,0,3,0.1348,0.4257,0.4395,Alto,2,65.2
Benito Juárez,Noche (18-23),Jueves,7,0,0,3,0.0453,0.4229,0.5318,Alto,2,74.3
Benito Juárez,Noche (18-23),Jueves,7,1,0,3,0.0412,0.3705,0.5883,Alto,2,77.4
Benito Juárez,Tarde (12-17),Jueves,7,0,0,3,0.0126,0.2832,0.7042,Alto,2,84.6
Benito Juárez,Tarde (12-17),Jueves,7,1,0,3,0.0126,0.267,0.7205,Alto,2,85.4
Benito Juárez,Madrugada (00-05),Lunes,7,0,0,3,0.6791,0.3037,0.0172,Bajo,0,16.9
Benito Juárez,Madrugada (00-05),Lunes,7,1,0,3,0.6516,0.33,0.0184,Bajo,0,18.3
Benito Juárez,Mañana (06-11),Lunes,7,0,0,3,0.0762,0.658,0.2658,Medio,1,59.5
Benito Juárez,Mañana (06-11),Lunes,7,1,0,3,0.0768,0.6742,0.2489,Medio,1,58.6
Benito Juárez,Noche (18-23),Lunes,7,0,0,3,0.0982,0.6077,0.2941,Medio,1,59.8
Benito Juárez,Noche (18-23),Lunes,7,1,0,3,0.0956,0.5758,0.3285,Medio,1,61.6
Benito Juárez,Tarde (12-17),Lunes,7,0,0,3,0.0315,0.5656,0.4029,Medio,1,68.6
Benito Juárez,Tarde (12-17),Lunes,7,1,0,3,0.0291,0.5378,0.4331,Medio,1,70.2
Benito Juárez,Madrugada (00-05),Martes,7,0,0,3,0.8471,0.1394,0.0135,Bajo,0,8.3
Benito Juárez,Madrugada (00-05),Martes,7,1,0,3,0.8022,0.1792,0.0186,Bajo,0,10.8
Benito Juárez,Mañana (06-11),Martes,7,0,0,3,0.0768,0.4333,0.49,Alto,2,70.7
Benito Juárez,Mañana (06-11),Martes,7,1,0,3,0.0656,0.4131,0.5213,Alto,2,72.8
Benito Juárez,Noche (18-23),Martes,7,0,0,3,0.1252,0.4478,0.427,Medio,1,65.1
Benito Juárez,Noche (18-23),Martes,7,1,0,3,0.0969,0.4152,0.4879,Alto,2,69.5
Benito Juárez,Tarde (12-17),Martes,7,0,0,3,0.0314,0.32,0.6487,Alto,2,80.9
Benito Juárez,Tarde (12-17),Martes,7,1,0,3,0.019,0.3244,0.6567,Alto,2,81.9
Benito Juárez,Madrugada (00-05),Miércoles,7,0,0,3,0.7178,0.2577,0.0244,Bajo,0,15.3
Benito Juárez,Madrugada (00-05),Miércoles,7,1,0,3,0.7046,0.2677,0.0277,Bajo,0,16.2
Benito Juárez,Mañana (06-11),Miércoles,7,0,0,3,0.1077,0.358,0.5343,Alto,2,71.3
Benito Juárez,Mañana (06-11),Miércoles,7,1,0,3,0.0874,0.3386,0.574,Alto,2,74.3
Benito Juárez,Noche (18-23),Miércoles,7,0,0,3,0.0462,0.4486,0.5052,Alto,2,72.9
Benito Juárez,Noche (18-23),Miércoles,7,1,0,3,0.0389,0.3958,0.5653,Alto,2,76.3
Benito Juárez,Tarde (12-17),Miércoles,7,0,0,3,0.0135,0.2736,0.7129,Alto,2,85.0
Benito Juárez,Tarde (12-17),Miércoles,7,1,0,3,0.0113,0.2685,0.7203,Alto,2,85.4
Benito Juárez,Madrugada (00-05),Sábado,7,0,1,3,0.2062,0.4743,0.3195,Medio,1,55.7
Benito Juárez,Madrugada (00-05),Sábado,7,1,1,3,0.2599,0.4025,0.3376,Medio,1,53.9
Benito Juárez,Mañana (06-11),Sábado,7,0,1,3,0.153,0.4829,0.3642,Medio,1,60.6
Benito Juárez,Mañana (06-11),Sábado,7,1,1,3,0.2237,0.4354,0.3409,Medio,1,55.9
Benito Juárez,Noche (18-23),Sábado,7,0,1,3,0.0833,0.3686,0.5481,Alto,2,73.2
Benito Juárez,Noche (18-23),Sábado,7,1,1,3,0.0801,0.3777,0.5422,Alto,2,73.1
Benito Juárez,Tarde (12-17),Sábado,7,0,1,3,0.0198,0.1405,0.8397,Alto,2,91.0
Benito Juárez,Tarde (12-17),Sábado,7,1,1,3,0.0207,0.0994,0.8799,Alto,2,93.0
Benito Juárez,Madrugada (00-05),Viernes,7,0,0,3,0.5763,0.3871,0.0366,Bajo,0,23.0
Benito Juárez,Madrugada (00-05),Viernes,7,1,0,3,0.4984,0.4649,0.0367,Bajo,0,26.9
Benito Juárez,Mañana (06-11),Viernes,7,0,0,3,0.1347,0.4429,0.4224,Medio,1,64.4
Benito Juárez,Mañana (06-11),Viernes,7,1,0,3,0.1072,0.5628,0.33,Medio,1,61.1
Benito Juárez,Noche (18-23),Viernes,7,0,0,3,0.0367,0.3339,0.6294,Alto,2,79.6
Benito Juárez,Noche (18-23),Viernes,7,1,0,3,0.0345,0.3179,0.6476,Alto,2,80.7
Benito Juárez,Tarde (12-17),Viernes,7,0,0,3,0.018,0.2102,0.7718,Alto,2,87.7
Benito Juárez,Tarde (12-17),Viernes,7,1,0,3,0.0135,0.2005,0.786,Alto,2,88.6
Benito Juárez,Madrugada (00-05),Domingo,8,0,1,3,0.1884,0.5444,0.2672,Medio,1,53.9
Benito Juárez,Madrugada (00-05),Domingo,8,1,1,3,0.1796,0.5342,0.2861,Medio,1,55.3
Benito Juárez,Mañana (06-11),Domingo,8,0,1,3,0.2065,0.5907,0.2028,Medio,1,49.8
Benito Juárez,Mañana (06-11),Domingo,8,1,1,3,0.239,0.5652,0.1958,Medio,1,47.8
Benito Juárez,Noche (18-23),Domingo,8,0,1,3,0.1135,0.4789,0.4077,Medio,1,64.7
Benito Juárez,Noche (18-23),Domingo,8,1,1,3,0.0859,0.4973,0.4168,Medio,1,66.5
Benito Juárez,Tarde (12-17),Domingo,8,0,1,3,0.0673,0.3864,0.5463,Alto,2,74.0
Benito Juárez,Tarde (12-17),Domingo,8,1,1,3,0.0446,0.3572,0.5982,Alto,2,77.7
Benito Juárez,Madrugada (00-05),Jueves,8,0,0,3,0.6864,0.2811,0.0325,Bajo,0,17.3
Benito Juárez,Madrugada (00-05),Jueves,8,1,0,3,0.6849,0.2798,0.0353,Bajo,0,17.5
Benito Juárez,Mañana (06-11),Jueves,8,0,0,3,0.0979,0.2644,0.6377,Alto,2,77.0
Benito Juárez,Mañana (06-11),Jueves,8,1,0,3,0.1021,0.2578,0.64,Alto,2,76.9
Benito Juárez,Noche (18-23),Jueves,8,0,0,3,0.0441,0.4192,0.5367,Alto,2,74.6
Benito Juárez,Noche (18-23),Jueves,8,1,0,3,0.0424,0.3693,0.5883,Alto,2,77.3
Benito Juárez,Tarde (12-17),Jueves,8,0,0,3,0.0111,0.2088,0.7801,Alto,2,88.5
Benito Juárez,Tarde (12-17),Jueves,8,1,0,3,0.0119,0.212,0.7762,Alto,2,88.2
Benito Juárez,Madrugada (00-05),Lunes,8,0,0,3,0.6804,0.2887,0.0309,Bajo,0,17.5
Benito Juárez,Madrugada (00-05),Lunes,8,1,0,3,0.6569,0.3128,0.0303,Bajo,0,18.7
Benito Juárez,Mañana (06-11),Lunes,8,0,0,3,0.0656,0.3808,0.5536,Alto,2,74.4
Benito Juárez,Mañana (06-11),Lunes,8,1,0,3,0.0715,0.4491,0.4794,Alto,2,70.4
Benito Juárez,Noche (18-23),Lunes,8,0,0,3,0.1013,0.5329,0.3658,Medio,1,63.2
Benito Juárez,Noche (18-23),Lunes,8,1,0,3,0.1006,0.5254,0.3741,Medio,1,63.7
Benito Juárez,Tarde (12-17),Lunes,8,0,0,3,0.0263,0.2997,0.674,Alto,2,82.4
Benito Juárez,Tarde (12-17),Lunes,8,1,0,3,0.0233,0.3411,0.6355,Alto,2,80.6
Benito Juárez,Madrugada (00-05),Martes,8,0,0,3,0.8505,0.133,0.0164,Bajo,0,8.3
Benito Juárez,Madrugada (00-05),Martes,8,1,0,3,0.814,0.1649,0.0211,Bajo,0,10.4
Benito Juárez,Mañana (06-11),Martes,8,0,0,3,0.0591,0.232,0.7088,Alto,2,82.5
Benito Juárez,Mañana (06-11),Martes,8,1,0,3,0.0533,0.2257,0.7209,Alto,2,83.4
Benito Juárez,Noche (18-23),Martes,8,0,0,3,0.1331,0.4163,0.4505,Alto,2,65.9
Benito Juárez,Noche (18-23),Martes,8,1,0,3,0.1158,0.3951,0.4891,Alto,2,68.7
Benito Juárez,Tarde (12-17),Martes,8,0,0,3,0.0279,0.2479,0.7242,Alto,2,84.8
Benito Juárez,Tarde (12-17),Martes,8,1,0,3,0.0175,0.259,0.7235,Alto,2,85.3
Benito Juárez,Madrugada (00-05),Miércoles,8,0,0,3,0.7103,0.2611,0.0286,Bajo,0,15.9
Benito Juárez,Madrugada (00-05),Miércoles,8,1,0,3,0.7079,0.2602,0.0319,Bajo,0,16.2
Benito Juárez,Mañana (06-11),Miércoles,8,0,0,3,0.0534,0.2051,0.7414,Alto,2,84.4
Benito Juárez,Mañana (06-11),Miércoles,8,1,0,3,0.0544,0.1898,0.7557,Alto,2,85.1
Benito Juárez,Noche (18-23),Miércoles,8,0,0,3,0.0447,0.4711,0.4843,Alto,2,72.0
Benito Juárez,Noche (18-23),Miércoles,8,1,0,3,0.0397,0.4194,0.5409,Alto,2,75.1
Benito Juárez,Tarde (12-17),Miércoles,8,0,0,3,0.0122,0.2234,0.7644,Alto,2,87.6
Benito Juárez,Tarde (12-17),Miércoles,8,1,0,3,0.0102,0.2143,0.7755,Alto,2,88.3
Benito Juárez,Madrugada (00-05),Sábado,8,0,1,3,0.1807,0.4207,0.3986,Medio,1,60.9
Benito Juárez,Madrugada (00-05),Sábado,8,1,1,3,0.1947,0.3932,0.4121,Alto,2,60.9
Benito Juárez,Mañana (06-11),Sábado,8,0,1,3,0.1309,0.4364,0.4327,Medio,1,65.1
Benito Juárez,Mañana (06-11),Sábado,8,1,1,3,0.1656,0.4403,0.3941,Medio,1,61.4
Benito Juárez,Noche (18-23),Sábado,8,0,1,3,0.0982,0.3609,0.541,Alto,2,72.1
Benito Juárez,Noche (18-23),Sábado,8,1,1,3,0.0728,0.3757,0.5515,Alto,2,73.9
Benito Juárez,Tarde (12-17),Sábado,8,0,1,3,0.0182,0.1281,0.8537,Alto,2,91.8
Benito Juárez,Tarde (12-17),Sábado,8,1,1,3,0.0166,0.1026,0.8808,Alto,2,93.2
Benito Juárez,Madrugada (00-05),Viernes,8,0,0,3,0.6095,0.3505,0.04,Bajo,0,21.5
Benito Juárez,Madrugada (00-05),Viernes,8,1,0,3,0.5454,0.4142,0.0404,Bajo,0,24.8
Benito Juárez,Mañana (06-11),Viernes,8,0,0,3,0.1255,0.2579,0.6166,Alto,2,74.6
Benito Juárez,Mañana (06-11),Viernes,8,1,0,3,0.1162,0.3655,0.5183,Alto,2,70.1
Benito Juárez,Noche (18-23),Viernes,8,0,0,3,0.031,0.3337,0.6353,Alto,2,80.2
Benito Juárez,Noche (18-23),Viernes,8,1,0,3,0.0339,0.3156,0.6505,Alto,2,80.8
Benito Juárez,Tarde (12-17),Viernes,8,0,0,3,0.0195,0.1693,0.8113,Alto,2,89.6
Benito Juárez,Tarde (12-17),Viernes,8,1,0,3,0.0144,0.1521,0.8335,Alto,2,91.0
Benito Juárez,Madrugada (00-05),Domingo,9,0,1,3,0.1424,0.5248,0.3328,Medio,1,59.5
Benito Juárez,Madrugada (00-05),Domingo,9,1,1,3,0.1657,0.5623,0.272,Medio,1,55.3
Benito Juárez,Mañana (06-11),Domingo,9,0,1,3,0.1649,0.567,0.2681,Medio,1,55.2
Benito Juárez,Mañana (06-11),Domingo,9,1,1,3,0.2316,0.5741,0.1943,Medio,1,48.1
Benito Juárez,Noche (18-23),Domingo,9,0,1,3,0.0841,0.4709,0.445,Medio,1,68.0
Benito Juárez,Noche (18-23),Domingo,9,1,1,3,0.0741,0.5369,0.389,Medio,1,65.7
Benito Juárez,Tarde (12-17),Domingo,9,0,1,3,0.0509,0.2865,0.6626,Alto,2,80.6
Benito Juárez,Tarde (12-17),Domingo,9,1,1,3,0.047,0.3668,0.5861,Alto,2,77.0
Benito Juárez,Madrugada (00-05),Jueves,9,0,0,3,0.6166,0.3296,0.0537,Bajo,0,21.9
Benito Juárez,Madrugada (00-05),Jueves,9,1,0,3,0.6433,0.3184,0.0382,Bajo,0,19.7
Benito Juárez,Mañana (06-11),Jueves,9,0,0,3,0.0371,0.175,0.7879,Alto,2,87.5
Benito Juárez,Mañana (06-11),Jueves,9,1,0,3,0.0653,0.2218,0.7129,Alto,2,82.4
Benito Juárez,Noche (18-23),Jueves,9,0,0,3,0.0348,0.3951,0.5701,Alto,2,76.8
Benito Juárez,Noche (18-23),Jueves,9,1,0,3,0.0398,0.4052,0.5551,Alto,2,75.8
Benito Juárez,Tarde (12-17),Jueves,9,0,0,3,0.0064,0.1293,0.8643,Alto,2,92.9
Benito Juárez,Tarde (12-17),Jueves,9,1,0,3,0.0101,0.2071,0.7828,Alto,2,88.6
Benito Juárez,Madrugada (00-05),Lunes,9,0,0,3,0.5599,0.3835,0.0567,Bajo,0,24.8
Benito Juárez,Madrugada (00-05),Lunes,9,1,0,3,0.5571,0.4066,0.0363,Bajo,0,24.0
Benito Juárez,Mañana (06-11),Lunes,9,0,0,3,0.0214,0.2803,0.6983,Alto,2,83.8
Benito Juárez,Mañana (06-11),Lunes,9,1,0,3,0.0398,0.4369,0.5233,Alto,2,74.2
Benito Juárez,Noche (18-23),Lunes,9,0,0,3,0.0692,0.4946,0.4361,Medio,1,68.3
Benito Juárez,Noche (18-23),Lunes,9,1,0,3,0.0759,0.5392,0.3849,Medio,1,65.5
Benito Juárez,Tarde (12-17),Lunes,9,0,0,3,0.0127,0.2037,0.7836,Alto,2,88.5
Benito Juárez,Tarde (12-17),Lunes,9,1,0,3,0.016,0.3688,0.6152,Alto,2,80.0
Benito Juárez,Madrugada (00-05),Martes,9,0,0,3,0.7814,0.1873,0.0313,Bajo,0,12.5
Benito Juárez,Madrugada (00-05),Martes,9,1,0,3,0.7646,0.2108,0.0246,Bajo,0,13.0
Benito Juárez,Mañana (06-11),Martes,9,0,0,3,0.0165,0.1402,0.8433,Alto,2,91.3
Benito Juárez,Mañana (06-11),Martes,9,1,0,3,0.0293,0.195,0.7757,Alto,2,87.3
Benito Juárez,Noche (18-23),Martes,9,0,0,3,0.0971,0.4083,0.4946,Alto,2,69.9
Benito Juárez,Noche (18-23),Martes,9,1,0,3,0.0923,0.4423,0.4655,Alto,2,68.7
Benito Juárez,Tarde (12-17),Martes,9,0,0,3,0.0141,0.1608,0.8251,Alto,2,90.6
Benito Juárez,Tarde (12-17),Martes,9,1,0,3,0.0146,0.2684,0.7169,Alto,2,85.1
Benito Juárez,Madrugada (00-05),Miércoles,9,0,0,3,0.6624,0.2979,0.0397,Bajo,0,18.9
Benito Juárez,Madrugada (00-05),Miércoles,9,1,0,3,0.6784,0.2913,0.0303,Bajo,0,17.6
Benito Juárez,Mañana (06-11),Miércoles,9,0,0,3,0.0264,0.2143,0.7593,Alto,2,86.6
Benito Juárez,Mañana (06-11),Miércoles,9,1,0,3,0.0439,0.2508,0.7053,Alto,2,83.1
Benito Juárez,Noche (18-23),Miércoles,9,0,0,3,0.0418,0.4682,0.49,Alto,2,72.4
Benito Juárez,Noche (18-23),Miércoles,9,1,0,3,0.0428,0.4738,0.4834,Alto,2,72.0
Benito Juárez,Tarde (12-17),Miércoles,9,0,0,3,0.0082,0.1608,0.8309,Alto,2,91.1
Benito Juárez,Tarde (12-17),Miércoles,9,1,0,3,0.01,0.2243,0.7657,Alto,2,87.8
Benito Juárez,Madrugada (00-05),Sábado,9,0,1,3,0.1206,0.4164,0.463,Alto,2,67.1
Benito Juárez,Madrugada (00-05),Sábado,9,1,1,3,0.1707,0.4462,0.3832,Medio,1,60.6
Benito Juárez,Mañana (06-11),Sábado,9,0,1,3,0.0739,0.4069,0.5192,Alto,2,72.3
Benito Juárez,Mañana (06-11),Sábado,9,1,1,3,0.1285,0.4801,0.3914,Medio,1,63.1
Benito Juárez,Noche (18-23),Sábado,9,0,1,3,0.0775,0.357,0.5654,Alto,2,74.4
Benito Juárez,Noche (18-23),Sábado,9,1,1,3,0.0619,0.4253,0.5128,Alto,2,72.5
Benito Juárez,Tarde (12-17),Sábado,9,0,1,3,0.0113,0.1016,0.8871,Alto,2,93.8
Benito Juárez,Tarde (12-17),Sábado,9,1,1,3,0.0172,0.1264,0.8563,Alto,2,92.0
Benito Juárez,Madrugada (00-05),Viernes,9,0,0,3,0.5466,0.3888,0.0646,Bajo,0,25.9
Benito Juárez,Madrugada (00-05),Viernes,9,1,0,3,0.5074,0.4482,0.0444,Bajo,0,26.8
Benito Juárez,Mañana (06-11),Viernes,9,0,0,3,0.0549,0.1808,0.7643,Alto,2,85.5
Benito Juárez,Mañana (06-11),Viernes,9,1,0,3,0.0873,0.3497,0.563,Alto,2,73.8
Benito Juárez,Noche (18-23),Viernes,9,0,0,3,0.026,0.2933,0.6807,Alto,2,82.7
Benito Juárez,Noche (18-23),Viernes,9,1,0,3,0.0312,0.3243,0.6444,Alto,2,80.7
Benito Juárez,Tarde (12-17),Viernes,9,0,0,3,0.0084,0.083,0.9087,Alto,2,95.0
Benito Juárez,Tarde (12-17),Viernes,9,1,0,3,0.0102,0.1213,0.8685,Alto,2,92.9
Benito Juárez,Madrugada (00-05),Domingo,10,0,1,4,0.1833,0.5382,0.2785,Medio,1,54.8
Benito Juárez,Madrugada (00-05),Domingo,10,1,1,4,0.228,0.5445,0.2275,Medio,1,50.0
Benito Juárez,Mañana (06-11),Domingo,10,0,1,4,0.2604,0.5215,0.2181,Medio,1,47.9
Benito Juárez,Mañana (06-11),Domingo,10,1,1,4,0.3678,0.4711,0.1611,Medio,1,39.7
Benito Juárez,Noche (18-23),Domingo,10,0,1,4,0.0885,0.5423,0.3693,Medio,1,64.0
Benito Juárez,Noche (18-23),Domingo,10,1,1,4,0.0916,0.5869,0.3215,Medio,1,61.5
Benito Juárez,Tarde (12-17),Domingo,10,0,1,4,0.0715,0.3155,0.613,Alto,2,77.1
Benito Juárez,Tarde (12-17),Domingo,10,1,1,4,0.0808,0.3896,0.5296,Alto,2,72.4
Benito Juárez,Madrugada (00-05),Jueves,10,0,0,4,0.6392,0.3073,0.0535,Bajo,0,20.7
Benito Juárez,Madrugada (00-05),Jueves,10,1,0,4,0.6945,0.2672,0.0383,Bajo,0,17.2
Benito Juárez,Mañana (06-11),Jueves,10,0,0,4,0.0359,0.1559,0.8082,Alto,2,88.6
Benito Juárez,Mañana (06-11),Jueves,10,1,0,4,0.0668,0.1744,0.7587,Alto,2,84.6
Benito Juárez,Noche (18-23),Jueves,10,0,0,4,0.0423,0.3842,0.5735,Alto,2,76.6
Benito Juárez,Noche (18-23),Jueves,10,1,0,4,0.0537,0.3655,0.5808,Alto,2,76.4
Benito Juárez,Tarde (12-17),Jueves,10,0,0,4,0.0077,0.1153,0.877,Alto,2,93.5
Benito Juárez,Tarde (12-17),Jueves,10,1,0,4,0.0124,0.181,0.8066,Alto,2,89.7
Benito Juárez,Madrugada (00-05),Lunes,10,0,0,4,0.6159,0.3465,0.0376,Bajo,0,21.1
Benito Juárez,Madrugada (00-05),Lunes,10,1,0,4,0.6591,0.3181,0.0228,Bajo,0,18.2
Benito Juárez,Mañana (06-11),Lunes,10,0,0,4,0.0536,0.3717,0.5746,Alto,2,76.0
Benito Juárez,Mañana (06-11),Lunes,10,1,0,4,0.1111,0.4777,0.4112,Medio,1,65.0
Benito Juárez,Noche (18-23),Lunes,10,0,0,4,0.0702,0.4648,0.4649,Alto,2,69.7
Benito Juárez,Noche (18-23),Lunes,10,1,0,4,0.0786,0.459,0.4624,Alto,2,69.2
Benito Juárez,Tarde (12-17),Lunes,10,0,0,4,0.0206,0.2728,0.7065,Alto,2,84.3
Benito Juárez,Tarde (12-17),Lunes,10,1,0,4,0.0288,0.452,0.5192,Alto,2,74.5
Benito Juárez,Madrugada (00-05),Martes,10,0,0,4,0.8131,0.1562,0.0306,Bajo,0,10.9
Benito Juárez,Madrugada (00-05),Martes,10,1,0,4,0.8166,0.1589,0.0246,Bajo,0,10.4
Benito Juárez,Mañana (06-11),Martes,10,0,0,4,0.0183,0.1126,0.8691,Alto,2,92.5
Benito Juárez,Mañana (06-11),Martes,10,1,0,4,0.0345,0.1396,0.8259,Alto,2,89.6
Benito Juárez,Noche (18-23),Martes,10,0,0,4,0.0975,0.3882,0.5143,Alto,2,70.8
Benito Juárez,Noche (18-23),Martes,10,1,0,4,0.1026,0.3898,0.5076,Alto,2,70.2
Benito Juárez,Tarde (12-17),Martes,10,0,0,4,0.0144,0.1164,0.8691,Alto,2,92.7
Benito Juárez,Tarde (12-17),Martes,10,1,0,4,0.0182,0.1875,0.7943,Alto,2,88.8
Benito Juárez,Madrugada (00-05),Miércoles,10,0,0,4,0.6943,0.2654,0.0404,Bajo,0,17.3
Benito Juárez,Madrugada (00-05),Miércoles,10,1,0,4,0.7048,0.2612,0.0341,Bajo,0,16.5
Benito Juárez,Mañana (06-11),Miércoles,10,0,0,4,0.0389,0.1747,0.7864,Alto,2,87.4
Benito Juárez,Mañana (06-11),Miércoles,10,1,0,4,0.0521,0.1701,0.7778,Alto,2,86.3
Benito Juárez,Noche (18-23),Miércoles,10,0,0,4,0.0364,0.4342,0.5295,Alto,2,74.7
Benito Juárez,Noche (18-23),Miércoles,10,1,0,4,0.0367,0.4176,0.5457,Alto,2,75.5
Benito Juárez,Tarde (12-17),Miércoles,10,0,0,4,0.0101,0.1446,0.8452,Alto,2,91.8
Benito Juárez,Tarde (12-17),Miércoles,10,1,0,4,0.0114,0.2042,0.7843,Alto,2,88.6
Benito Juárez,Madrugada (00-05),Sábado,10,0,1,4,0.1249,0.3684,0.5067,Alto,2,69.1
Benito Juárez,Madrugada (00-05),Sábado,10,1,1,4,0.1852,0.3938,0.421,Alto,2,61.8
Benito Juárez,Mañana (06-11),Sábado,10,0,1,4,0.0898,0.3124,0.5979,Alto,2,75.4
Benito Juárez,Mañana (06-11),Sábado,10,1,1,4,0.1547,0.3718,0.4735,Alto,2,65.9
Benito Juárez,Noche (18-23),Sábado,10,0,1,4,0.0704,0.3531,0.5765,Alto,2,75.3
Benito Juárez,Noche (18-23),Sábado,10,1,1,4,0.062,0.4122,0.5259,Alto,2,73.2
Benito Juárez,Tarde (12-17),Sábado,10,0,1,4,0.013,0.085,0.902,Alto,2,94.5
Benito Juárez,Tarde (12-17),Sábado,10,1,1,4,0.0247,0.1124,0.8629,Alto,2,91.9
Benito Juárez,Madrugada (00-05),Viernes,10,0,0,4,0.5393,0.3792,0.0815,Bajo,0,27.1
Benito Juárez,Madrugada (00-05),Viernes,10,1,0,4,0.5209,0.4178,0.0613,Bajo,0,27.0
Benito Juárez,Mañana (06-11),Viernes,10,0,0,4,0.0571,0.1378,0.8052,Alto,2,87.4
Benito Juárez,Mañana (06-11),Viernes,10,1,0,4,0.1077,0.2424,0.6499,Alto,2,77.1
Benito Juárez,Noche (18-23),Viernes,10,0,0,4,0.0133,0.1656,0.8211,Alto,2,90.4
Benito Juárez,Noche (18-23),Viernes,10,1,0,4,0.0186,0.1769,0.8045,Alto,2,89.3
Benito Juárez,Tarde (12-17),Viernes,10,0,0,4,0.0069,0.0644,0.9288,Alto,2,96.1
Benito Juárez,Tarde (12-17),Viernes,10,1,0,4,0.0089,0.0947,0.8964,Alto,2,94.4
Benito Juárez,Madrugada (00-05),Domingo,11,0,1,4,0.2396,0.5884,0.172,Medio,1,46.6
Benito Juárez,Madrugada (00-05),Domingo,11,1,1,4,0.3123,0.5156,0.1721,Medio,1,43.0
Benito Juárez,Mañana (06-11),Domingo,11,0,1,4,0.2028,0.6467,0.1506,Medio,1,47.4
Benito Juárez,Mañana (06-11),Domingo,11,1,1,4,0.3431,0.5126,0.1443,Medio,1,40.1
Benito Juárez,Noche (18-23),Domingo,11,0,1,4,0.1229,0.5695,0.3075,Medio,1,59.2
Benito Juárez,Noche (18-23),Domingo,11,1,1,4,0.1217,0.5655,0.3128,Medio,1,59.6
Benito Juárez,Tarde (12-17),Domingo,11,0,1,4,0.0979,0.4206,0.4815,Alto,2,69.2
Benito Juárez,Tarde (12-17),Domingo,11,1,1,4,0.1082,0.4071,0.4847,Alto,2,68.8
Benito Juárez,Madrugada (00-05),Jueves,11,0,0,4,0.6783,0.2845,0.0373,Bajo,0,18.0
Benito Juárez,Madrugada (00-05),Jueves,11,1,0,4,0.7413,0.2285,0.0303,Bajo,0,14.5
Benito Juárez,Mañana (06-11),Jueves,11,0,0,4,0.0457,0.2424,0.7119,Alto,2,83.3
Benito Juárez,Mañana (06-11),Jueves,11,1,0,4,0.0829,0.2155,0.7017,Alto,2,80.9
Benito Juárez,Noche (18-23),Jueves,11,0,0,4,0.0666,0.3972,0.5362,Alto,2,73.5
Benito Juárez,Noche (18-23),Jueves,11,1,0,4,0.0851,0.3433,0.5716,Alto,2,74.3
Benito Juárez,Tarde (12-17),Jueves,11,0,0,4,0.0116,0.1678,0.8205,Alto,2,90.4
Benito Juárez,Tarde (12-17),Jueves,11,1,0,4,0.0174,0.2184,0.7642,Alto,2,87.3
Benito Juárez,Madrugada (00-05),Lunes,11,0,0,4,0.6925,0.2894,0.0181,Bajo,0,16.3
Benito Juárez,Madrugada (00-05),Lunes,11,1,0,4,0.7776,0.2079,0.0145,Bajo,0,11.8
Benito Juárez,Mañana (06-11),Lunes,11,0,0,4,0.059,0.5176,0.4234,Medio,1,68.2
Benito Juárez,Mañana (06-11),Lunes,11,1,0,4,0.131,0.507,0.362,Medio,1,61.5
Benito Juárez,Noche (18-23),Lunes,11,0,0,4,0.1073,0.557,0.3357,Medio,1,61.4
Benito Juárez,Noche (18-23),Lunes,11,1,0,4,0.1311,0.4419,0.4269,Medio,1,64.8
Benito Juárez,Tarde (12-17),Lunes,11,0,0,4,0.0432,0.3905,0.5664,Alto,2,76.2
Benito Juárez,Tarde (12-17),Lunes,11,1,0,4,0.0532,0.4735,0.4733,Medio,1,71.0
Benito Juárez,Madrugada (00-05),Martes,11,0,0,4,0.847,0.132,0.021,Bajo,0,8.7
Benito Juárez,Madrugada (00-05),Martes,11,1,0,4,0.8682,0.1123,0.0196,Bajo,0,7.6
Benito Juárez,Mañana (06-11),Martes,11,0,0,4,0.0215,0.1462,0.8323,Alto,2,90.5
Benito Juárez,Mañana (06-11),Martes,11,1,0,4,0.0372,0.1271,0.8357,Alto,2,89.9
Benito Juárez,Noche (18-23),Martes,11,0,0,4,0.1391,0.3833,0.4776,Alto,2,66.9
Benito Juárez,Noche (18-23),Martes,11,1,0,4,0.1572,0.3254,0.5174,Alto,2,68.0
Benito Juárez,Tarde (12-17),Martes,11,0,0,4,0.0216,0.1311,0.8472,Alto,2,91.3
Benito Juárez,Tarde (12-17),Martes,11,1,0,4,0.0236,0.156,0.8204,Alto,2,89.8
Benito Juárez,Madrugada (00-05),Miércoles,11,0,0,4,0.7117,0.2628,0.0255,Bajo,0,15.7
Benito Juárez,Madrugada (00-05),Miércoles,11,1,0,4,0.7412,0.2327,0.0261,Bajo,0,14.2
Benito Juárez,Mañana (06-11),Miércoles,11,0,0,4,0.0453,0.2869,0.6678,Alto,2,81.1
Benito Juárez,Mañana (06-11),Miércoles,11,1,0,4,0.0536,0.2008,0.7456,Alto,2,84.6
Benito Juárez,Noche (18-23),Miércoles,11,0,0,4,0.0516,0.4901,0.4583,Medio,1,70.3
Benito Juárez,Noche (18-23),Miércoles,11,1,0,4,0.0539,0.4245,0.5216,Alto,2,73.4
Benito Juárez,Tarde (12-17),Miércoles,11,0,0,4,0.0163,0.2457,0.738,Alto,2,86.1
Benito Juárez,Tarde (12-17),Miércoles,11,1,0,4,0.0152,0.3055,0.6794,Alto,2,83.2
Benito Juárez,Madrugada (00-05),Sábado,11,0,1,4,0.1929,0.5191,0.288,Medio,1,54.8
Benito Juárez,Madrugada (00-05),Sábado,11,1,1,4,0.2516,0.4406,0.3078,Medio,1,52.8
Benito Juárez,Mañana (06-11),Sábado,11,0,1,4,0.0956,0.5337,0.3707,Medio,1,63.8
Benito Juárez,Mañana (06-11),Sábado,11,1,1,4,0.1516,0.4757,0.3727,Medio,1,61.1
Benito Juárez,Noche (18-23),Sábado,11,0,1,4,0.1168,0.5066,0.3766,Medio,1,63.0
Benito Juárez,Noche (18-23),Sábado,11,1,1,4,0.0846,0.4871,0.4283,Medio,1,67.2
Benito Juárez,Tarde (12-17),Sábado,11,0,1,4,0.0298,0.2055,0.7647,Alto,2,86.7
Benito Juárez,Tarde (12-17),Sábado,11,1,1,4,0.0402,0.1636,0.7962,Alto,2,87.8
Benito Juárez,Madrugada (00-05),Viernes,11,0,0,4,0.5417,0.3973,0.061,Bajo,0,26.0
Benito Juárez,Madrugada (00-05),Viernes,11,1,0,4,0.4939,0.4449,0.0612,Bajo,0,28.4
Benito Juárez,Mañana (06-11),Viernes,11,0,0,4,0.0522,0.2137,0.7341,Alto,2,84.1
Benito Juárez,Mañana (06-11),Viernes,11,1,0,4,0.08,0.2838,0.6362,Alto,2,77.8
Benito Juárez,Noche (18-23),Viernes,11,0,0,4,0.0227,0.245,0.7324,Alto,2,85.5
Benito Juárez,Noche (18-23),Viernes,11,1,0,4,0.0295,0.2303,0.7402,Alto,2,85.5
Benito Juárez,Tarde (12-17),Viernes,11,0,0,4,0.0104,0.1056,0.884,Alto,2,93.7
Benito Juárez,Tarde (12-17),Viernes,11,1,0,4,0.01,0.1199,0.8702,Alto,2,93.0
Benito Juárez,Madrugada (00-05),Domingo,12,0,1,4,0.1625,0.6318,0.2057,Medio,1,52.2
Benito Juárez,Madrugada (00-05),Domingo,12,1,1,4,0.2545,0.586,0.1594,Medio,1,45.2
Benito Juárez,Mañana (06-11),Domingo,12,0,1,4,0.1124,0.7475,0.1401,Medio,1,51.4
Benito Juárez,Mañana (06-11),Domingo,12,1,1,4,0.285,0.6146,0.1004,Medio,1,40.8
Benito Juárez,Noche (18-23),Domingo,12,0,1,4,0.0761,0.5436,0.3803,Medio,1,65.2
Benito Juárez,Noche (18-23),Domingo,12,1,1,4,0.1065,0.5561,0.3374,Medio,1,61.5
Benito Juárez,Tarde (12-17),Domingo,12,0,1,4,0.0441,0.3404,0.6155,Alto,2,78.6
Benito Juárez,Tarde (12-17),Domingo,12,1,1,4,0.0586,0.4886,0.4527,Medio,1,69.7
Benito Juárez,Madrugada (00-05),Jueves,12,0,0,4,0.5132,0.422,0.0647,Bajo,0,27.6
Benito Juárez,Madrugada (00-05),Jueves,12,1,0,4,0.7129,0.2487,0.0384,Bajo,0,16.3
Benito Juárez,Mañana (06-11),Jueves,12,0,0,4,0.0294,0.3635,0.6071,Alto,2,78.9
Benito Juárez,Mañana (06-11),Jueves,12,1,0,4,0.1181,0.3427,0.5391,Alto,2,71.0
Benito Juárez,Noche (18-23),Jueves,12,0,0,4,0.0424,0.3496,0.6081,Alto,2,78.3
Benito Juárez,Noche (18-23),Jueves,12,1,0,4,0.094,0.2646,0.6414,Alto,2,77.4
Benito Juárez,Tarde (12-17),Jueves,12,0,0,4,0.0058,0.1426,0.8516,Alto,2,92.3
Benito Juárez,Tarde (12-17),Jueves,12,1,0,4,0.0153,0.2435,0.7412,Alto,2,86.3
Benito Juárez,Madrugada (00-05),Lunes,12,0,0,4,0.55,0.4113,0.0387,Bajo,0,24.4
Benito Juárez,Madrugada (00-05),Lunes,12,1,0,4,0.7017,0.2781,0.0202,Bajo,0,15.9
Benito Juárez,Mañana (06-11),Lunes,12,0,0,4,0.0276,0.6737,0.2987,Medio,1,63.6
Benito Juárez,Mañana (06-11),Lunes,12,1,0,4,0.1131,0.6748,0.2121,Medio,1,54.9
Benito Juárez,Noche (18-23),Lunes,12,0,0,4,0.0881,0.5394,0.3724,Medio,1,64.2
Benito Juárez,Noche (18-23),Lunes,12,1,0,4,0.1008,0.5096,0.3896,Medio,1,64.4
Benito Juárez,Tarde (12-17),Lunes,12,0,0,4,0.0172,0.2622,0.7207,Alto,2,85.2
Benito Juárez,Tarde (12-17),Lunes,12,1,0,4,0.0359,0.4108,0.5533,Alto,2,75.9
Benito Juárez,Madrugada (00-05),Martes,12,0,0,4,0.5596,0.3928,0.0476,Bajo,0,24.4
Benito Juárez,Madrugada (00-05),Martes,12,1,0,4,0.6454,0.33,0.0245,Bajo,0,19.0
Benito Juárez,Mañana (06-11),Martes,12,0,0,4,0.0125,0.507,0.4805,Medio,1,73.4
Benito Juárez,Mañana (06-11),Martes,12,1,0,4,0.047,0.5859,0.3671,Medio,1,66.0
Benito Juárez,Noche (18-23),Martes,12,0,0,4,0.0559,0.4071,0.537,Alto,2,74.1
Benito Juárez,Noche (18-23),Martes,12,1,0,4,0.1057,0.4358,0.4585,Alto,2,67.6
Benito Juárez,Tarde (12-17),Martes,12,0,0,4,0.0082,0.1734,0.8185,Alto,2,90.5
Benito Juárez,Tarde (12-17),Martes,12,1,0,4,0.0142,0.382,0.6039,Alto,2,79.5
Benito Juárez,Madrugada (00-05),Miércoles,12,0,0,4,0.6372,0.3194,0.0434,Bajo,0,20.3
Benito Juárez,Madrugada (00-05),Miércoles,12,1,0,4,0.6531,0.3157,0.0312,Bajo,0,18.9
Benito Juárez,Mañana (06-11),Miércoles,12,0,0,4,0.0301,0.417,0.5529,Alto,2,76.1
Benito Juárez,Mañana (06-11),Miércoles,12,1,0,4,0.0672,0.4137,0.5191,Alto,2,72.6
Benito Juárez,Noche (18-23),Miércoles,12,0,0,4,0.0421,0.409,0.5489,Alto,2,75.3
Benito Juárez,Noche (18-23),Miércoles,12,1,0,4,0.0548,0.3958,0.5494,Alto,2,74.7
Benito Juárez,Tarde (12-17),Miércoles,12,0,0,4,0.0105,0.1977,0.7918,Alto,2,89.1
Benito Juárez,Tarde (12-17),Miércoles,12,1,0,4,0.0113,0.4164,0.5723,Alto,2,78.0
Benito Juárez,Madrugada (00-05),Sábado,12,0,1,4,0.105,0.3953,0.4997,Alto,2,69.7
Benito Juárez,Madrugada (00-05),Sábado,12,1,1,4,0.2121,0.4134,0.3745,Medio,1,58.1
Benito Juárez,Mañana (06-11),Sábado,12,0,1,4,0.0661,0.3972,0.5366,Alto,2,73.5
Benito Juárez,Mañana (06-11),Sábado,12,1,1,4,0.1802,0.4448,0.375,Medio,1,59.7
Benito Juárez,Noche (18-23),Sábado,12,0,1,4,0.0711,0.3831,0.5457,Alto,2,73.7
Benito Juárez,Noche (18-23),Sábado,12,1,1,4,0.0899,0.4288,0.4813,Alto,2,69.6
Benito Juárez,Tarde (12-17),Sábado,12,0,1,4,0.0083,0.0903,0.9014,Alto,2,94.7
Benito Juárez,Tarde (12-17),Sábado,12,1,1,4,0.0245,0.1819,0.7936,Alto,2,88.5
Benito Juárez,Madrugada (00-05),Viernes,12,0,0,4,0.4056,0.4764,0.118,Medio,1,35.6
Benito Juárez,Madrugada (00-05),Viernes,12,1,0,4,0.4149,0.5024,0.0827,Medio,1,33.4
Benito Juárez,Mañana (06-11),Viernes,12,0,0,4,0.0386,0.286,0.6754,Alto,2,81.8
Benito Juárez,Mañana (06-11),Viernes,12,1,0,4,0.104,0.3993,0.4966,Alto,2,69.6
Benito Juárez,Noche (18-23),Viernes,12,0,0,4,0.0144,0.1868,0.7988,Alto,2,89.2
Benito Juárez,Noche (18-23),Viernes,12,1,0,4,0.0344,0.2143,0.7513,Alto,2,85.8
Benito Juárez,Tarde (12-17),Viernes,12,0,0,4,0.0051,0.1444,0.8505,Alto,2,92.3
Benito Juárez,Tarde (12-17),Viernes,12,1,0,4,0.0075,0.2528,0.7396,Alto,2,86.6
Coyoacán,Madrugada (00-05),Domingo,1,0,1,1,0.2841,0.5286,0.1873,Medio,1,45.2
Coyoacán,Madrugada (00-05),Domingo,1,1,1,1,0.2041,0.602,0.194,Medio,1,49.5
Coyoacán,Mañana (06-11),Domingo,1,0,1,1,0.4307,0.46,0.1093,Medio,1,33.9
Coyoacán,Mañana (06-11),Domingo,1,1,1,1,0.2613,0.6,0.1387,Medio,1,43.9
Coyoacán,Noche (18-23),Domingo,1,0,1,1,0.0626,0.5944,0.343,Medio,1,64.0
Coyoacán,Noche (18-23),Domingo,1,1,1,1,0.0338,0.6671,0.2991,Medio,1,63.3
Coyoacán,Tarde (12-17),Domingo,1,0,1,1,0.1399,0.4155,0.4446,Alto,2,65.2
Coyoacán,Tarde (12-17),Domingo,1,1,1,1,0.0931,0.4369,0.47,Alto,2,68.8
Coyoacán,Madrugada (00-05),Jueves,1,0,0,1,0.6581,0.3166,0.0253,Bajo,0,18.4
Coyoacán,Madrugada (00-05),Jueves,1,1,0,1,0.7145,0.2657,0.0198,Bajo,0,15.3
Coyoacán,Mañana (06-11),Jueves,1,0,0,1,0.1214,0.5392,0.3394,Medio,1,60.9
Coyoacán,Mañana (06-11),Jueves,1,1,0,1,0.0924,0.5011,0.4065,Medio,1,65.7
Coyoacán,Noche (18-23),Jueves,1,0,0,1,0.0551,0.4637,0.4812,Alto,2,71.3
Coyoacán,Noche (18-23),Jueves,1,1,0,1,0.0565,0.5473,0.3962,Medio,1,67.0
Coyoacán,Tarde (12-17),Jueves,1,0,0,1,0.025,0.6007,0.3743,Medio,1,67.5
Coyoacán,Tarde (12-17),Jueves,1,1,0,1,0.0364,0.6196,0.3441,Medio,1,65.4
Coyoacán,Madrugada (00-05),Lunes,1,0,0,1,0.7151,0.2629,0.0221,Bajo,0,15.4
Coyoacán,Madrugada (00-05),Lunes,1,1,0,1,0.7193,0.2629,0.0178,Bajo,0,14.9
Coyoacán,Mañana (06-11),Lunes,1,0,0,1,0.2217,0.5059,0.2724,Medio,1,52.5
Coyoacán,Mañana (06-11),Lunes,1,1,0,1,0.2101,0.5301,0.2598,Medio,1,52.5
Coyoacán,Noche (18-23),Lunes,1,0,0,1,0.0737,0.5653,0.361,Medio,1,64.4
Coyoacán,Noche (18-23),Lunes,1,1,0,1,0.0497,0.6626,0.2877,Medio,1,61.9
Coyoacán,Tarde (12-17),Lunes,1,0,0,1,0.046,0.3163,0.6377,Alto,2,79.6
Coyoacán,Tarde (12-17),Lunes,1,1,0,1,0.0543,0.3536,0.5921,Alto,2,76.9
Coyoacán,Madrugada (00-05),Martes,1,0,0,1,0.7751,0.2104,0.0145,Bajo,0,12.0
Coyoacán,Madrugada (00-05),Martes,1,1,0,1,0.8069,0.1827,0.0104,Bajo,0,10.2
Coyoacán,Mañana (06-11),Martes,1,0,0,1,0.1207,0.5816,0.2977,Medio,1,58.9
Coyoacán,Mañana (06-11),Martes,1,1,0,1,0.1206,0.5658,0.3135,Medio,1,59.6
Coyoacán,Noche (18-23),Martes,1,0,0,1,0.0872,0.5893,0.3235,Medio,1,61.8
Coyoacán,Noche (18-23),Martes,1,1,0,1,0.1138,0.6528,0.2335,Medio,1,56.0
Coyoacán,Tarde (12-17),Martes,1,0,0,1,0.0481,0.3945,0.5574,Alto,2,75.5
Coyoacán,Tarde (12-17),Martes,1,1,0,1,0.0565,0.4746,0.4689,Medio,1,70.6
Coyoacán,Madrugada (00-05),Miércoles,1,0,0,1,0.7151,0.2603,0.0246,Bajo,0,15.5
Coyoacán,Madrugada (00-05),Miércoles,1,1,0,1,0.765,0.2115,0.0235,Bajo,0,12.9
Coyoacán,Mañana (06-11),Miércoles,1,0,0,1,0.0996,0.4877,0.4128,Medio,1,65.7
Coyoacán,Mañana (06-11),Miércoles,1,1,0,1,0.0983,0.4441,0.4576,Alto,2,68.0
Coyoacán,Noche (18-23),Miércoles,1,0,0,1,0.0331,0.5529,0.414,Medio,1,69.0
Coyoacán,Noche (18-23),Miércoles,1,1,0,1,0.045,0.5934,0.3615,Medio,1,65.8
Coyoacán,Tarde (12-17),Miércoles,1,0,0,1,0.0192,0.2698,0.711,Alto,2,84.6
Coyoacán,Tarde (12-17),Miércoles,1,1,0,1,0.0228,0.2327,0.7444,Alto,2,86.1
Coyoacán,Madrugada (00-05),Sábado,1,0,1,1,0.3212,0.4941,0.1847,Medio,1,43.2
Coyoacán,Madrugada (00-05),Sábado,1,1,1,1,0.254,0.5634,0.1826,Medio,1,46.4
Coyoacán,Mañana (06-11),Sábado,1,0,1,1,0.3197,0.4972,0.1831,Medio,1,43.2
Coyoacán,Mañana (06-11),Sábado,1,1,1,1,0.1628,0.6614,0.1758,Medio,1,50.7
Coyoacán,Noche (18-23),Sábado,1,0,1,1,0.0743,0.5236,0.4021,Medio,1,66.4
Coyoacán,Noche (18-23),Sábado,1,1,1,1,0.0457,0.5391,0.4152,Medio,1,68.5
Coyoacán,Tarde (12-17),Sábado,1,0,1,1,0.0578,0.2479,0.6943,Alto,2,81.8
Coyoacán,Tarde (12-17),Sábado,1,1,1,1,0.039,0.2863,0.6747,Alto,2,81.8
Coyoacán,Madrugada (00-05),Viernes,1,0,0,1,0.4746,0.4788,0.0465,Medio,1,28.6
Coyoacán,Madrugada (00-05),Viernes,1,1,0,1,0.583,0.3753,0.0417,Bajo,0,22.9
Coyoacán,Mañana (06-11),Viernes,1,0,0,1,0.0845,0.4378,0.4777,Alto,2,69.7
Coyoacán,Mañana (06-11),Viernes,1,1,0,1,0.0631,0.4325,0.5044,Alto,2,72.1
Coyoacán,Noche (18-23),Viernes,1,0,0,1,0.0175,0.293,0.6895,Alto,2,83.6
Coyoacán,Noche (18-23),Viernes,1,1,0,1,0.0276,0.3307,0.6418,Alto,2,80.7
Coyoacán,Tarde (12-17),Viernes,1,0,0,1,0.0164,0.2817,0.7019,Alto,2,84.3
Coyoacán,Tarde (12-17),Viernes,1,1,0,1,0.0272,0.2787,0.6941,Alto,2,83.3
Coyoacán,Madrugada (00-05),Domingo,2,0,1,1,0.1661,0.5316,0.3023,Medio,1,56.8
Coyoacán,Madrugada (00-05),Domingo,2,1,1,1,0.1834,0.5158,0.3007,Medio,1,55.9
Coyoacán,Mañana (06-11),Domingo,2,0,1,1,0.2075,0.6205,0.172,Medio,1,48.2
Coyoacán,Mañana (06-11),Domingo,2,1,1,1,0.151,0.6538,0.1951,Medio,1,52.2
Coyoacán,Noche (18-23),Domingo,2,0,1,1,0.0492,0.4036,0.5472,Alto,2,74.9
Coyoacán,Noche (18-23),Domingo,2,1,1,1,0.0395,0.439,0.5215,Alto,2,74.1
Coyoacán,Tarde (12-17),Domingo,2,0,1,1,0.0882,0.3624,0.5494,Alto,2,73.1
Coyoacán,Tarde (12-17),Domingo,2,1,1,1,0.0901,0.3611,0.5488,Alto,2,72.9
Coyoacán,Madrugada (00-05),Jueves,2,0,0,1,0.6863,0.2844,0.0293,Bajo,0,17.2
Coyoacán,Madrugada (00-05),Jueves,2,1,0,1,0.7648,0.2086,0.0266,Bajo,0,13.1
Coyoacán,Mañana (06-11),Jueves,2,0,0,1,0.1426,0.4113,0.4461,Alto,2,65.2
Coyoacán,Mañana (06-11),Jueves,2,1,0,1,0.0895,0.3458,0.5647,Alto,2,73.8
Coyoacán,Noche (18-23),Jueves,2,0,0,1,0.071,0.3787,0.5503,Alto,2,74.0
Coyoacán,Noche (18-23),Jueves,2,1,0,1,0.0675,0.3964,0.5361,Alto,2,73.4
Coyoacán,Tarde (12-17),Jueves,2,0,0,1,0.0305,0.481,0.4885,Alto,2,72.9
Coyoacán,Tarde (12-17),Jueves,2,1,0,1,0.047,0.4292,0.5239,Alto,2,73.8
Coyoacán,Madrugada (00-05),Lunes,2,0,0,1,0.7049,0.262,0.0331,Bajo,0,16.4
Coyoacán,Madrugada (00-05),Lunes,2,1,0,1,0.7471,0.2218,0.0312,Bajo,0,14.2
Coyoacán,Mañana (06-11),Lunes,2,0,0,1,0.136,0.4839,0.3801,Medio,1,62.2
Coyoacán,Mañana (06-11),Lunes,2,1,0,1,0.1185,0.4649,0.4166,Medio,1,64.9
Coyoacán,Noche (18-23),Lunes,2,0,0,1,0.0778,0.3747,0.5475,Alto,2,73.5
Coyoacán,Noche (18-23),Lunes,2,1,0,1,0.0635,0.3728,0.5637,Alto,2,75.0
Coyoacán,Tarde (12-17),Lunes,2,0,0,1,0.0379,0.2367,0.7253,Alto,2,84.4
Coyoacán,Tarde (12-17),Lunes,2,1,0,1,0.0456,0.2271,0.7273,Alto,2,84.1
Coyoacán,Madrugada (00-05),Martes,2,0,0,1,0.7437,0.2274,0.0288,Bajo,0,14.3
Coyoacán,Madrugada (00-05),Martes,2,1,0,1,0.8036,0.1749,0.0216,Bajo,0,10.9
Coyoacán,Mañana (06-11),Martes,2,0,0,1,0.0622,0.4859,0.4519,Medio,1,69.5
Coyoacán,Mañana (06-11),Martes,2,1,0,1,0.0586,0.4636,0.4778,Alto,2,71.0
Coyoacán,Noche (18-23),Martes,2,0,0,1,0.0929,0.3667,0.5404,Alto,2,72.4
Coyoacán,Noche (18-23),Martes,2,1,0,1,0.1164,0.3918,0.4918,Alto,2,68.8
Coyoacán,Tarde (12-17),Martes,2,0,0,1,0.0282,0.2754,0.6963,Alto,2,83.4
Coyoacán,Tarde (12-17),Martes,2,1,0,1,0.0366,0.3218,0.6417,Alto,2,80.3
Coyoacán,Madrugada (00-05),Miércoles,2,0,0,1,0.7229,0.2508,0.0263,Bajo,0,15.2
Coyoacán,Madrugada (00-05),Miércoles,2,1,0,1,0.71,0.2641,0.0259,Bajo,0,15.8
Coyoacán,Mañana (06-11),Miércoles,2,0,0,1,0.0786,0.4547,0.4667,Alto,2,69.4
Coyoacán,Mañana (06-11),Miércoles,2,1,0,1,0.0547,0.4896,0.4558,Medio,1,70.1
Coyoacán,Noche (18-23),Miércoles,2,0,0,1,0.0556,0.4568,0.4876,Alto,2,71.6
Coyoacán,Noche (18-23),Miércoles,2,1,0,1,0.0454,0.5082,0.4464,Medio,1,70.1
Coyoacán,Tarde (12-17),Miércoles,2,0,0,1,0.0208,0.2688,0.7104,Alto,2,84.5
Coyoacán,Tarde (12-17),Miércoles,2,1,0,1,0.0213,0.3076,0.6711,Alto,2,82.5
Coyoacán,Madrugada (00-05),Sábado,2,0,1,1,0.2011,0.5201,0.2788,Medio,1,53.9
Coyoacán,Madrugada (00-05),Sábado,2,1,1,1,0.2301,0.5006,0.2694,Medio,1,52.0
Coyoacán,Mañana (06-11),Sábado,2,0,1,1,0.1708,0.5594,0.2698,Medio,1,54.9
Coyoacán,Mañana (06-11),Sábado,2,1,1,1,0.1196,0.6254,0.255,Medio,1,56.8
Coyoacán,Noche (18-23),Sábado,2,0,1,1,0.0459,0.4381,0.516,Alto,2,73.5
Coyoacán,Noche (18-23),Sábado,2,1,1,1,0.0452,0.5261,0.4287,Medio,1,69.2
Coyoacán,Tarde (12-17),Sábado,2,0,1,1,0.0387,0.2123,0.749,Alto,2,85.5
Coyoacán,Tarde (12-17),Sábado,2,1,1,1,0.0381,0.2151,0.7468,Alto,2,85.4
Coyoacán,Madrugada (00-05),Viernes,2,0,0,1,0.6242,0.3244,0.0514,Bajo,0,21.4
Coyoacán,Madrugada (00-05),Viernes,2,1,0,1,0.6635,0.2781,0.0584,Bajo,0,19.7
Coyoacán,Mañana (06-11),Viernes,2,0,0,1,0.1056,0.3411,0.5533,Alto,2,72.4
Coyoacán,Mañana (06-11),Viernes,2,1,0,1,0.0521,0.3219,0.626,Alto,2,78.7
Coyoacán,Noche (18-23),Viernes,2,0,0,1,0.0237,0.1782,0.7981,Alto,2,88.7
Coyoacán,Noche (18-23),Viernes,2,1,0,1,0.0229,0.1727,0.8045,Alto,2,89.1
Coyoacán,Tarde (12-17),Viernes,2,0,0,1,0.0205,0.2241,0.7554,Alto,2,86.7
Coyoacán,Tarde (12-17),Viernes,2,1,0,1,0.0251,0.2,0.7749,Alto,2,87.5
Coyoacán,Madrugada (00-05),Domingo,3,0,1,1,0.1898,0.5025,0.3078,Medio,1,55.9
Coyoacán,Madrugada (00-05),Domingo,3,1,1,1,0.2162,0.478,0.3058,Medio,1,54.5
Coyoacán,Mañana (06-11),Domingo,3,0,1,1,0.2522,0.5794,0.1685,Medio,1,45.8
Coyoacán,Mañana (06-11),Domingo,3,1,1,1,0.1937,0.6125,0.1938,Medio,1,50.0
Coyoacán,Noche (18-23),Domingo,3,0,1,1,0.0587,0.378,0.5633,Alto,2,75.2
Coyoacán,Noche (18-23),Domingo,3,1,1,1,0.0549,0.4019,0.5432,Alto,2,74.4
Coyoacán,Tarde (12-17),Domingo,3,0,1,1,0.1341,0.3145,0.5514,Alto,2,70.9
Coyoacán,Tarde (12-17),Domingo,3,1,1,1,0.1465,0.3052,0.5483,Alto,2,70.1
Coyoacán,Madrugada (00-05),Jueves,3,0,0,1,0.712,0.2591,0.0288,Bajo,0,15.8
Coyoacán,Madrugada (00-05),Jueves,3,1,0,1,0.7888,0.1848,0.0264,Bajo,0,11.9
Coyoacán,Mañana (06-11),Jueves,3,0,0,1,0.1535,0.3809,0.4656,Alto,2,65.6
Coyoacán,Mañana (06-11),Jueves,3,1,0,1,0.0983,0.3172,0.5845,Alto,2,74.3
Coyoacán,Noche (18-23),Jueves,3,0,0,1,0.0781,0.3952,0.5268,Alto,2,72.4
Coyoacán,Noche (18-23),Jueves,3,1,0,1,0.0819,0.3962,0.5218,Alto,2,72.0
Coyoacán,Tarde (12-17),Jueves,3,0,0,1,0.0547,0.4403,0.505,Alto,2,72.5
Coyoacán,Tarde (12-17),Jueves,3,1,0,1,0.0838,0.378,0.5382,Alto,2,72.7
Coyoacán,Madrugada (00-05),Lunes,3,0,0,1,0.7211,0.2461,0.0327,Bajo,0,15.6
Coyoacán,Madrugada (00-05),Lunes,3,1,0,1,0.7646,0.2049,0.0305,Bajo,0,13.3
Coyoacán,Mañana (06-11),Lunes,3,0,0,1,0.1437,0.4594,0.3969,Medio,1,62.7
Coyoacán,Mañana (06-11),Lunes,3,1,0,1,0.127,0.4401,0.4329,Medio,1,65.3
Coyoacán,Noche (18-23),Lunes,3,0,0,1,0.0981,0.3804,0.5216,Alto,2,71.2
Coyoacán,Noche (18-23),Lunes,3,1,0,1,0.095,0.3799,0.5251,Alto,2,71.5
Coyoacán,Tarde (12-17),Lunes,3,0,0,1,0.0545,0.2252,0.7203,Alto,2,83.3
Coyoacán,Tarde (12-17),Lunes,3,1,0,1,0.0728,0.2126,0.7146,Alto,2,82.1
Coyoacán,Madrugada (00-05),Martes,3,0,0,1,0.7841,0.1909,0.025,Bajo,0,12.0
Coyoacán,Madrugada (00-05),Martes,3,1,0,1,0.8375,0.1422,0.0203,Bajo,0,9.1
Coyoacán,Mañana (06-11),Martes,3,0,0,1,0.0686,0.4229,0.5086,Alto,2,72.0
Coyoacán,Mañana (06-11),Martes,3,1,0,1,0.0594,0.3602,0.5805,Alto,2,76.1
Coyoacán,Noche (18-23),Martes,3,0,0,1,0.1199,0.4167,0.4634,Alto,2,67.2
Coyoacán,Noche (18-23),Martes,3,1,0,1,0.1457,0.4137,0.4406,Alto,2,64.7
Coyoacán,Tarde (12-17),Martes,3,0,0,1,0.0409,0.2543,0.7047,Alto,2,83.2
Coyoacán,Tarde (12-17),Martes,3,1,0,1,0.0496,0.2936,0.6568,Alto,2,80.4
Coyoacán,Madrugada (00-05),Miércoles,3,0,0,1,0.7595,0.2178,0.0227,Bajo,0,13.2
Coyoacán,Madrugada (00-05),Miércoles,3,1,0,1,0.7491,0.2285,0.0224,Bajo,0,13.7
Coyoacán,Mañana (06-11),Miércoles,3,0,0,1,0.0973,0.4287,0.474,Alto,2,68.8
Coyoacán,Mañana (06-11),Miércoles,3,1,0,1,0.0692,0.4606,0.4702,Alto,2,70.0
Coyoacán,Noche (18-23),Miércoles,3,0,0,1,0.072,0.4957,0.4322,Medio,1,68.0
Coyoacán,Noche (18-23),Miércoles,3,1,0,1,0.063,0.5383,0.3987,Medio,1,66.8
Coyoacán,Tarde (12-17),Miércoles,3,0,0,1,0.0361,0.2447,0.7193,Alto,2,84.2
Coyoacán,Tarde (12-17),Miércoles,3,1,0,1,0.038,0.2714,0.6906,Alto,2,82.6
Coyoacán,Madrugada (00-05),Sábado,3,0,1,1,0.2302,0.4908,0.2791,Medio,1,52.4
Coyoacán,Madrugada (00-05),Sábado,3,1,1,1,0.2717,0.4588,0.2695,Medio,1,49.9
Coyoacán,Mañana (06-11),Sábado,3,0,1,1,0.2123,0.5338,0.2539,Medio,1,52.1
Coyoacán,Mañana (06-11),Sábado,3,1,1,1,0.1548,0.6052,0.24,Medio,1,54.3
Coyoacán,Noche (18-23),Sábado,3,0,1,1,0.0562,0.4025,0.5412,Alto,2,74.3
Coyoacán,Noche (18-23),Sábado,3,1,1,1,0.0653,0.4739,0.4608,Medio,1,69.8
Coyoacán,Tarde (12-17),Sábado,3,0,1,1,0.0613,0.2033,0.7354,Alto,2,83.7
Coyoacán,Tarde (12-17),Sábado,3,1,1,1,0.0683,0.2122,0.7195,Alto,2,82.6
Coyoacán,Madrugada (00-05),Viernes,3,0,0,1,0.6407,0.3065,0.0528,Bajo,0,20.6
Coyoacán,Madrugada (00-05),Viernes,3,1,0,1,0.6863,0.2566,0.0571,Bajo,0,18.5
Coyoacán,Mañana (06-11),Viernes,3,0,0,1,0.1062,0.3282,0.5655,Alto,2,73.0
Coyoacán,Mañana (06-11),Viernes,3,1,0,1,0.0565,0.3236,0.6199,Alto,2,78.2
Coyoacán,Noche (18-23),Viernes,3,0,0,1,0.026,0.1875,0.7866,Alto,2,88.0
Coyoacán,Noche (18-23),Viernes,3,1,0,1,0.0273,0.1818,0.7909,Alto,2,88.2
Coyoacán,Tarde (12-17),Viernes,3,0,0,1,0.033,0.189,0.7779,Alto,2,87.2
Coyoacán,Tarde (12-17),Viernes,3,1,0,1,0.0441,0.1751,0.7807,Alto,2,86.8
Coyoacán,Madrugada (00-05),Domingo,4,0,1,2,0.1723,0.5363,0.2913,Medio,1,55.9
Coyoacán,Madrugada (00-05),Domingo,4,1,1,2,0.1902,0.4915,0.3183,Medio,1,56.4
Coyoacán,Mañana (06-11),Domingo,4,0,1,2,0.2456,0.5391,0.2153,Medio,1,48.5
Coyoacán,Mañana (06-11),Domingo,4,1,1,2,0.1857,0.549,0.2653,Medio,1,54.0
Coyoacán,Noche (18-23),Domingo,4,0,1,2,0.03,0.3926,0.5774,Alto,2,77.4
Coyoacán,Noche (18-23),Domingo,4,1,1,2,0.0266,0.375,0.5983,Alto,2,78.6
Coyoacán,Tarde (12-17),Domingo,4,0,1,2,0.1625,0.3879,0.4497,Alto,2,64.4
Coyoacán,Tarde (12-17),Domingo,4,1,1,2,0.1653,0.3449,0.4898,Alto,2,66.2
Coyoacán,Madrugada (00-05),Jueves,4,0,0,2,0.6984,0.2732,0.0284,Bajo,0,16.5
Coyoacán,Madrugada (00-05),Jueves,4,1,0,2,0.7769,0.195,0.0281,Bajo,0,12.6
Coyoacán,Mañana (06-11),Jueves,4,0,0,2,0.1651,0.4138,0.4212,Alto,2,62.8
Coyoacán,Mañana (06-11),Jueves,4,1,0,2,0.1034,0.3316,0.5649,Alto,2,73.1
Coyoacán,Noche (18-23),Jueves,4,0,0,2,0.0424,0.4535,0.5041,Alto,2,73.1
Coyoacán,Noche (18-23),Jueves,4,1,0,2,0.0442,0.4152,0.5405,Alto,2,74.8
Coyoacán,Tarde (12-17),Jueves,4,0,0,2,0.0595,0.4946,0.4459,Medio,1,69.3
Coyoacán,Tarde (12-17),Jueves,4,1,0,2,0.0876,0.406,0.5064,Alto,2,70.9
Coyoacán,Madrugada (00-05),Lunes,4,0,0,2,0.739,0.2259,0.0351,Bajo,0,14.8
Coyoacán,Madrugada (00-05),Lunes,4,1,0,2,0.7699,0.194,0.0362,Bajo,0,13.3
Coyoacán,Mañana (06-11),Lunes,4,0,0,2,0.1418,0.4578,0.4005,Medio,1,62.9
Coyoacán,Mañana (06-11),Lunes,4,1,0,2,0.1146,0.4311,0.4543,Alto,2,67.0
Coyoacán,Noche (18-23),Lunes,4,0,0,2,0.0532,0.3751,0.5718,Alto,2,75.9
Coyoacán,Noche (18-23),Lunes,4,1,0,2,0.0545,0.3289,0.6167,Alto,2,78.1
Coyoacán,Tarde (12-17),Lunes,4,0,0,2,0.0611,0.2588,0.6801,Alto,2,80.9
Coyoacán,Tarde (12-17),Lunes,4,1,0,2,0.0751,0.2303,0.6945,Alto,2,81.0
Coyoacán,Madrugada (00-05),Martes,4,0,0,2,0.7891,0.1894,0.0214,Bajo,0,11.6
Coyoacán,Madrugada (00-05),Martes,4,1,0,2,0.8165,0.1616,0.0219,Bajo,0,10.3
Coyoacán,Mañana (06-11),Martes,4,0,0,2,0.0905,0.4832,0.4263,Medio,1,66.8
Coyoacán,Mañana (06-11),Martes,4,1,0,2,0.0746,0.4205,0.5049,Alto,2,71.5
Coyoacán,Noche (18-23),Martes,4,0,0,2,0.0794,0.4829,0.4378,Medio,1,67.9
Coyoacán,Noche (18-23),Martes,4,1,0,2,0.0651,0.4908,0.4441,Medio,1,68.9
Coyoacán,Tarde (12-17),Martes,4,0,0,2,0.0518,0.3232,0.625,Alto,2,78.7
Coyoacán,Tarde (12-17),Martes,4,1,0,2,0.0507,0.3428,0.6065,Alto,2,77.8
Coyoacán,Madrugada (00-05),Miércoles,4,0,0,2,0.7423,0.2291,0.0285,Bajo,0,14.3
Coyoacán,Madrugada (00-05),Miércoles,4,1,0,2,0.698,0.2692,0.0328,Bajo,0,16.7
Coyoacán,Mañana (06-11),Miércoles,4,0,0,2,0.1032,0.4353,0.4615,Alto,2,67.9
Coyoacán,Mañana (06-11),Miércoles,4,1,0,2,0.0625,0.4646,0.4729,Alto,2,70.5
Coyoacán,Noche (18-23),Miércoles,4,0,0,2,0.0402,0.4442,0.5156,Alto,2,73.8
Coyoacán,Noche (18-23),Miércoles,4,1,0,2,0.0316,0.4636,0.5048,Alto,2,73.7
Coyoacán,Tarde (12-17),Miércoles,4,0,0,2,0.0386,0.3168,0.6446,Alto,2,80.3
Coyoacán,Tarde (12-17),Miércoles,4,1,0,2,0.0367,0.339,0.6244,Alto,2,79.4
Coyoacán,Madrugada (00-05),Sábado,4,0,1,2,0.1897,0.5391,0.2713,Medio,1,54.1
Coyoacán,Madrugada (00-05),Sábado,4,1,1,2,0.2203,0.4852,0.2945,Medio,1,53.7
Coyoacán,Mañana (06-11),Sábado,4,0,1,2,0.1989,0.4678,0.3333,Medio,1,56.7
Coyoacán,Mañana (06-11),Sábado,4,1,1,2,0.1474,0.5017,0.3509,Medio,1,60.2
Coyoacán,Noche (18-23),Sábado,4,0,1,2,0.0258,0.4092,0.5651,Alto,2,77.0
Coyoacán,Noche (18-23),Sábado,4,1,1,2,0.0286,0.4466,0.5247,Alto,2,74.8
Coyoacán,Tarde (12-17),Sábado,4,0,1,2,0.0666,0.2617,0.6717,Alto,2,80.3
Coyoacán,Tarde (12-17),Sábado,4,1,1,2,0.073,0.232,0.695,Alto,2,81.1
Coyoacán,Madrugada (00-05),Viernes,4,0,0,2,0.5726,0.3784,0.049,Bajo,0,23.8
Coyoacán,Madrugada (00-05),Viernes,4,1,0,2,0.4964,0.4278,0.0758,Bajo,0,29.0
Coyoacán,Mañana (06-11),Viernes,4,0,0,2,0.1554,0.4394,0.4051,Medio,1,62.5
Coyoacán,Mañana (06-11),Viernes,4,1,0,2,0.0744,0.4619,0.4638,Alto,2,69.5
Coyoacán,Noche (18-23),Viernes,4,0,0,2,0.0159,0.2442,0.7399,Alto,2,86.2
Coyoacán,Noche (18-23),Viernes,4,1,0,2,0.0106,0.2055,0.7839,Alto,2,88.7
Coyoacán,Tarde (12-17),Viernes,4,0,0,2,0.0354,0.3354,0.6292,Alto,2,79.7
Coyoacán,Tarde (12-17),Viernes,4,1,0,2,0.0267,0.2822,0.691,Alto,2,83.2
Coyoacán,Madrugada (00-05),Domingo,5,0,1,2,0.1459,0.5192,0.3349,Medio,1,59.5
Coyoacán,Madrugada (00-05),Domingo,5,1,1,2,0.1629,0.4936,0.3434,Medio,1,59.0
Coyoacán,Mañana (06-11),Domingo,5,0,1,2,0.2063,0.5627,0.2309,Medio,1,51.2
Coyoacán,Mañana (06-11),Domingo,5,1,1,2,0.1685,0.5784,0.2531,Medio,1,54.2
Coyoacán,Noche (18-23),Domingo,5,0,1,2,0.0248,0.3483,0.6269,Alto,2,80.1
Coyoacán,Noche (18-23),Domingo,5,1,1,2,0.0228,0.3641,0.6131,Alto,2,79.5
Coyoacán,Tarde (12-17),Domingo,5,0,1,2,0.0962,0.3715,0.5323,Alto,2,71.8
Coyoacán,Tarde (12-17),Domingo,5,1,1,2,0.1022,0.3521,0.5457,Alto,2,72.2
Coyoacán,Madrugada (00-05),Jueves,5,0,0,2,0.6927,0.27,0.0373,Bajo,0,17.2
Coyoacán,Madrugada (00-05),Jueves,5,1,0,2,0.767,0.1994,0.0336,Bajo,0,13.3
Coyoacán,Mañana (06-11),Jueves,5,0,0,2,0.1303,0.3695,0.5002,Alto,2,68.5
Coyoacán,Mañana (06-11),Jueves,5,1,0,2,0.0903,0.3036,0.606,Alto,2,75.8
Coyoacán,Noche (18-23),Jueves,5,0,0,2,0.0378,0.3958,0.5664,Alto,2,76.4
Coyoacán,Noche (18-23),Jueves,5,1,0,2,0.0409,0.3956,0.5635,Alto,2,76.1
Coyoacán,Tarde (12-17),Jueves,5,0,0,2,0.0402,0.3733,0.5865,Alto,2,77.3
Coyoacán,Tarde (12-17),Jueves,5,1,0,2,0.057,0.3203,0.6227,Alto,2,78.3
Coyoacán,Madrugada (00-05),Lunes,5,0,0,2,0.6886,0.2705,0.0409,Bajo,0,17.6
Coyoacán,Madrugada (00-05),Lunes,5,1,0,2,0.7127,0.2483,0.039,Bajo,0,16.3
Coyoacán,Mañana (06-11),Lunes,5,0,0,2,0.111,0.4741,0.4149,Medio,1,65.2
Coyoacán,Mañana (06-11),Lunes,5,1,0,2,0.0907,0.4843,0.425,Medio,1,66.7
Coyoacán,Noche (18-23),Lunes,5,0,0,2,0.0462,0.3638,0.5899,Alto,2,77.2
Coyoacán,Noche (18-23),Lunes,5,1,0,2,0.0482,0.3612,0.5905,Alto,2,77.1
Coyoacán,Tarde (12-17),Lunes,5,0,0,2,0.0443,0.2847,0.671,Alto,2,81.3
Coyoacán,Tarde (12-17),Lunes,5,1,0,2,0.0536,0.2825,0.6639,Alto,2,80.5
Coyoacán,Madrugada (00-05),Martes,5,0,0,2,0.7781,0.1981,0.0239,Bajo,0,12.3
Coyoacán,Madrugada (00-05),Martes,5,1,0,2,0.8081,0.1694,0.0224,Bajo,0,10.7
Coyoacán,Mañana (06-11),Martes,5,0,0,2,0.0744,0.499,0.4266,Medio,1,67.6
Coyoacán,Mañana (06-11),Martes,5,1,0,2,0.0688,0.4766,0.4546,Medio,1,69.3
Coyoacán,Noche (18-23),Martes,5,0,0,2,0.0677,0.4497,0.4826,Alto,2,70.7
Coyoacán,Noche (18-23),Martes,5,1,0,2,0.0596,0.442,0.4984,Alto,2,71.9
Coyoacán,Tarde (12-17),Martes,5,0,0,2,0.05,0.3334,0.6166,Alto,2,78.3
Coyoacán,Tarde (12-17),Martes,5,1,0,2,0.0489,0.3721,0.579,Alto,2,76.5
Coyoacán,Madrugada (00-05),Miércoles,5,0,0,2,0.6793,0.2875,0.0332,Bajo,0,17.7
Coyoacán,Madrugada (00-05),Miércoles,5,1,0,2,0.6388,0.3275,0.0338,Bajo,0,19.7
Coyoacán,Mañana (06-11),Miércoles,5,0,0,2,0.0691,0.4295,0.5013,Alto,2,71.6
Coyoacán,Mañana (06-11),Miércoles,5,1,0,2,0.05,0.4668,0.4831,Alto,2,71.7
Coyoacán,Noche (18-23),Miércoles,5,0,0,2,0.033,0.444,0.5229,Alto,2,74.5
Coyoacán,Noche (18-23),Miércoles,5,1,0,2,0.029,0.4809,0.4901,Alto,2,73.1
Coyoacán,Tarde (12-17),Miércoles,5,0,0,2,0.0271,0.378,0.5949,Alto,2,78.4
Coyoacán,Tarde (12-17),Miércoles,5,1,0,2,0.0258,0.434,0.5403,Alto,2,75.7
Coyoacán,Madrugada (00-05),Sábado,5,0,1,2,0.1611,0.5271,0.3118,Medio,1,57.5
Coyoacán,Madrugada (00-05),Sábado,5,1,1,2,0.2033,0.4647,0.3319,Medio,1,56.4
Coyoacán,Mañana (06-11),Sábado,5,0,1,2,0.1597,0.4872,0.3532,Medio,1,59.7
Coyoacán,Mañana (06-11),Sábado,5,1,1,2,0.1391,0.4909,0.3699,Medio,1,61.5
Coyoacán,Noche (18-23),Sábado,5,0,1,2,0.0202,0.3488,0.631,Alto,2,80.5
Coyoacán,Noche (18-23),Sábado,5,1,1,2,0.0208,0.366,0.6131,Alto,2,79.6
Coyoacán,Tarde (12-17),Sábado,5,0,1,2,0.0365,0.2067,0.7568,Alto,2,86.0
Coyoacán,Tarde (12-17),Sábado,5,1,1,2,0.0426,0.1875,0.77,Alto,2,86.4
Coyoacán,Madrugada (00-05),Viernes,5,0,0,2,0.4895,0.4495,0.061,Bajo,0,28.6
Coyoacán,Madrugada (00-05),Viernes,5,1,0,2,0.3673,0.5412,0.0915,Medio,1,36.2
Coyoacán,Mañana (06-11),Viernes,5,0,0,2,0.094,0.4628,0.4432,Medio,1,67.5
Coyoacán,Mañana (06-11),Viernes,5,1,0,2,0.0402,0.4936,0.4662,Medio,1,71.3
Coyoacán,Noche (18-23),Viernes,5,0,0,2,0.0121,0.2388,0.749,Alto,2,86.8
Coyoacán,Noche (18-23),Viernes,5,1,0,2,0.0077,0.2092,0.7831,Alto,2,88.8
Coyoacán,Tarde (12-17),Viernes,5,0,0,2,0.0249,0.3186,0.6564,Alto,2,81.6
Coyoacán,Tarde (12-17),Viernes,5,1,0,2,0.0154,0.2854,0.6992,Alto,2,84.2
Coyoacán,Madrugada (00-05),Domingo,6,0,1,2,0.1386,0.4596,0.4018,Medio,1,63.2
Coyoacán,Madrugada (00-05),Domingo,6,1,1,2,0.1633,0.4277,0.409,Medio,1,62.3
Coyoacán,Mañana (06-11),Domingo,6,0,1,2,0.1924,0.5665,0.2411,Medio,1,52.4
Coyoacán,Mañana (06-11),Domingo,6,1,1,2,0.1864,0.5452,0.2684,Medio,1,54.1
Coyoacán,Noche (18-23),Domingo,6,0,1,2,0.0252,0.2741,0.7008,Alto,2,83.8
Coyoacán,Noche (18-23),Domingo,6,1,1,2,0.0248,0.2927,0.6825,Alto,2,82.9
Coyoacán,Tarde (12-17),Domingo,6,0,1,2,0.1011,0.4523,0.4466,Medio,1,67.3
Coyoacán,Tarde (12-17),Domingo,6,1,1,2,0.1092,0.4525,0.4383,Medio,1,66.5
Coyoacán,Madrugada (00-05),Jueves,6,0,0,2,0.7012,0.2628,0.0359,Bajo,0,16.7
Coyoacán,Madrugada (00-05),Jueves,6,1,0,2,0.7756,0.1922,0.0322,Bajo,0,12.8
Coyoacán,Mañana (06-11),Jueves,6,0,0,2,0.127,0.4052,0.4678,Alto,2,67.0
Coyoacán,Mañana (06-11),Jueves,6,1,0,2,0.104,0.3261,0.5699,Alto,2,73.3
Coyoacán,Noche (18-23),Jueves,6,0,0,2,0.0436,0.35,0.6065,Alto,2,78.1
Coyoacán,Noche (18-23),Jueves,6,1,0,2,0.047,0.3554,0.5976,Alto,2,77.5
Coyoacán,Tarde (12-17),Jueves,6,0,0,2,0.049,0.4966,0.4544,Medio,1,70.3
Coyoacán,Tarde (12-17),Jueves,6,1,0,2,0.0694,0.4611,0.4695,Alto,2,70.0
Coyoacán,Madrugada (00-05),Lunes,6,0,0,2,0.6903,0.2657,0.044,Bajo,0,17.7
Coyoacán,Madrugada (00-05),Lunes,6,1,0,2,0.7141,0.2461,0.0398,Bajo,0,16.3
Coyoacán,Mañana (06-11),Lunes,6,0,0,2,0.109,0.4554,0.4356,Medio,1,66.3
Coyoacán,Mañana (06-11),Lunes,6,1,0,2,0.1041,0.466,0.4299,Medio,1,66.3
Coyoacán,Noche (18-23),Lunes,6,0,0,2,0.0445,0.3079,0.6476,Alto,2,80.2
Coyoacán,Noche (18-23),Lunes,6,1,0,2,0.0469,0.3313,0.6218,Alto,2,78.7
Coyoacán,Tarde (12-17),Lunes,6,0,0,2,0.0742,0.4279,0.4979,Alto,2,71.2
Coyoacán,Tarde (12-17),Lunes,6,1,0,2,0.0904,0.4653,0.4443,Medio,1,67.7
Coyoacán,Madrugada (00-05),Martes,6,0,0,2,0.7989,0.1813,0.0197,Bajo,0,11.0
Coyoacán,Madrugada (00-05),Martes,6,1,0,2,0.8286,0.1541,0.0174,Bajo,0,9.4
Coyoacán,Mañana (06-11),Martes,6,0,0,2,0.0871,0.559,0.3539,Medio,1,63.3
Coyoacán,Mañana (06-11),Martes,6,1,0,2,0.096,0.5317,0.3723,Medio,1,63.8
Coyoacán,Noche (18-23),Martes,6,0,0,2,0.0736,0.3759,0.5505,Alto,2,73.8
Coyoacán,Noche (18-23),Martes,6,1,0,2,0.0698,0.3948,0.5354,Alto,2,73.3
Coyoacán,Tarde (12-17),Martes,6,0,0,2,0.0764,0.4394,0.4842,Alto,2,70.4
Coyoacán,Tarde (12-17),Martes,6,1,0,2,0.0841,0.5062,0.4097,Medio,1,66.3
Coyoacán,Madrugada (00-05),Miércoles,6,0,0,2,0.7599,0.2072,0.0329,Bajo,0,13.7
Coyoacán,Madrugada (00-05),Miércoles,6,1,0,2,0.7668,0.2027,0.0305,Bajo,0,13.2
Coyoacán,Mañana (06-11),Miércoles,6,0,0,2,0.0817,0.385,0.5333,Alto,2,72.6
Coyoacán,Mañana (06-11),Miércoles,6,1,0,2,0.0787,0.385,0.5363,Alto,2,72.9
Coyoacán,Noche (18-23),Miércoles,6,0,0,2,0.0428,0.3102,0.647,Alto,2,80.2
Coyoacán,Noche (18-23),Miércoles,6,1,0,2,0.0458,0.3271,0.627,Alto,2,79.1
Coyoacán,Tarde (12-17),Miércoles,6,0,0,2,0.0428,0.4382,0.5189,Alto,2,73.8
Coyoacán,Tarde (12-17),Miércoles,6,1,0,2,0.044,0.5227,0.4333,Medio,1,69.5
Coyoacán,Madrugada (00-05),Sábado,6,0,1,2,0.1448,0.5033,0.3519,Medio,1,60.4
Coyoacán,Madrugada (00-05),Sábado,6,1,1,2,0.1859,0.451,0.3631,Medio,1,58.9
Coyoacán,Mañana (06-11),Sábado,6,0,1,2,0.1446,0.5161,0.3393,Medio,1,59.7
Coyoacán,Mañana (06-11),Sábado,6,1,1,2,0.1477,0.4996,0.3527,Medio,1,60.3
Coyoacán,Noche (18-23),Sábado,6,0,1,2,0.0217,0.2885,0.6898,Alto,2,83.4
Coyoacán,Noche (18-23),Sábado,6,1,1,2,0.022,0.3171,0.6608,Alto,2,81.9
Coyoacán,Tarde (12-17),Sábado,6,0,1,2,0.0393,0.3285,0.6322,Alto,2,79.6
Coyoacán,Tarde (12-17),Sábado,6,1,1,2,0.0463,0.3344,0.6193,Alto,2,78.6
Coyoacán,Madrugada (00-05),Viernes,6,0,0,2,0.482,0.4471,0.0709,Bajo,0,29.4
Coyoacán,Madrugada (00-05),Viernes,6,1,0,2,0.3754,0.5232,0.1014,Medio,1,36.3
Coyoacán,Mañana (06-11),Viernes,6,0,0,2,0.0812,0.4439,0.4749,Alto,2,69.7
Coyoacán,Mañana (06-11),Viernes,6,1,0,2,0.0398,0.4552,0.5051,Alto,2,73.3
Coyoacán,Noche (18-23),Viernes,6,0,0,2,0.0107,0.185,0.8042,Alto,2,89.7
Coyoacán,Noche (18-23),Viernes,6,1,0,2,0.0074,0.1742,0.8185,Alto,2,90.6
Coyoacán,Tarde (12-17),Viernes,6,0,0,2,0.0267,0.3976,0.5757,Alto,2,77.4
Coyoacán,Tarde (12-17),Viernes,6,1,0,2,0.0183,0.4169,0.5647,Alto,2,77.3
Coyoacán,Madrugada (00-05),Domingo,7,0,1,3,0.1577,0.4825,0.3598,Medio,1,60.1
Coyoacán,Madrugada (00-05),Domingo,7,1,1,3,0.1879,0.428,0.3841,Medio,1,59.8
Coyoacán,Mañana (06-11),Domingo,7,0,1,3,0.2313,0.592,0.1767,Medio,1,47.3
Coyoacán,Mañana (06-11),Domingo,7,1,1,3,0.2563,0.5541,0.1895,Medio,1,46.7
Coyoacán,Noche (18-23),Domingo,7,0,1,3,0.0431,0.3557,0.6012,Alto,2,77.9
Coyoacán,Noche (18-23),Domingo,7,1,1,3,0.0337,0.3792,0.5872,Alto,2,77.7
Coyoacán,Tarde (12-17),Domingo,7,0,1,3,0.1188,0.4891,0.3921,Medio,1,63.7
Coyoacán,Tarde (12-17),Domingo,7,1,1,3,0.1322,0.4562,0.4115,Medio,1,64.0
Coyoacán,Madrugada (00-05),Jueves,7,0,0,3,0.7266,0.2481,0.0253,Bajo,0,14.9
Coyoacán,Madrugada (00-05),Jueves,7,1,0,3,0.7986,0.1797,0.0216,Bajo,0,11.1
Coyoacán,Mañana (06-11),Jueves,7,0,0,3,0.2157,0.4774,0.3069,Medio,1,54.6
Coyoacán,Mañana (06-11),Jueves,7,1,0,3,0.1699,0.4257,0.4044,Medio,1,61.7
Coyoacán,Noche (18-23),Jueves,7,0,0,3,0.0737,0.3878,0.5386,Alto,2,73.2
Coyoacán,Noche (18-23),Jueves,7,1,0,3,0.0676,0.4239,0.5086,Alto,2,72.1
Coyoacán,Tarde (12-17),Jueves,7,0,0,3,0.0462,0.5713,0.3826,Medio,1,66.8
Coyoacán,Tarde (12-17),Jueves,7,1,0,3,0.0677,0.5567,0.3756,Medio,1,65.4
Coyoacán,Madrugada (00-05),Lunes,7,0,0,3,0.6115,0.3538,0.0347,Bajo,0,21.2
Coyoacán,Madrugada (00-05),Lunes,7,1,0,3,0.6331,0.3335,0.0334,Bajo,0,20.0
Coyoacán,Mañana (06-11),Lunes,7,0,0,3,0.0991,0.581,0.3199,Medio,1,61.0
Coyoacán,Mañana (06-11),Lunes,7,1,0,3,0.0916,0.6093,0.2991,Medio,1,60.4
Coyoacán,Noche (18-23),Lunes,7,0,0,3,0.0572,0.4133,0.5295,Alto,2,73.6
Coyoacán,Noche (18-23),Lunes,7,1,0,3,0.0468,0.449,0.5042,Alto,2,72.9
Coyoacán,Tarde (12-17),Lunes,7,0,0,3,0.0437,0.6357,0.3206,Medio,1,63.8
Coyoacán,Tarde (12-17),Lunes,7,1,0,3,0.0539,0.6491,0.297,Medio,1,62.2
Coyoacán,Madrugada (00-05),Martes,7,0,0,3,0.8124,0.1743,0.0133,Bajo,0,10.0
Coyoacán,Madrugada (00-05),Martes,7,1,0,3,0.8407,0.1467,0.0126,Bajo,0,8.6
Coyoacán,Mañana (06-11),Martes,7,0,0,3,0.1187,0.6269,0.2545,Medio,1,56.8
Coyoacán,Mañana (06-11),Martes,7,1,0,3,0.1295,0.6006,0.2699,Medio,1,57.0
Coyoacán,Noche (18-23),Martes,7,0,0,3,0.1379,0.3782,0.4839,Alto,2,67.3
Coyoacán,Noche (18-23),Martes,7,1,0,3,0.1063,0.4141,0.4796,Alto,2,68.7
Coyoacán,Tarde (12-17),Martes,7,0,0,3,0.0764,0.5902,0.3335,Medio,1,62.9
Coyoacán,Tarde (12-17),Martes,7,1,0,3,0.0884,0.6017,0.3099,Medio,1,61.1
Coyoacán,Madrugada (00-05),Miércoles,7,0,0,3,0.8226,0.1537,0.0237,Bajo,0,10.1
Coyoacán,Madrugada (00-05),Miércoles,7,1,0,3,0.8295,0.1473,0.0232,Bajo,0,9.7
Coyoacán,Mañana (06-11),Miércoles,7,0,0,3,0.1986,0.3567,0.4446,Alto,2,62.3
Coyoacán,Mañana (06-11),Miércoles,7,1,0,3,0.1433,0.3751,0.4816,Alto,2,66.9
Coyoacán,Noche (18-23),Miércoles,7,0,0,3,0.0683,0.3197,0.612,Alto,2,77.2
Coyoacán,Noche (18-23),Miércoles,7,1,0,3,0.0616,0.3456,0.5928,Alto,2,76.6
Coyoacán,Tarde (12-17),Miércoles,7,0,0,3,0.057,0.4855,0.4574,Medio,1,70.0
Coyoacán,Tarde (12-17),Miércoles,7,1,0,3,0.0614,0.5278,0.4108,Medio,1,67.5
Coyoacán,Madrugada (00-05),Sábado,7,0,1,3,0.1636,0.5147,0.3217,Medio,1,57.9
Coyoacán,Madrugada (00-05),Sábado,7,1,1,3,0.209,0.4484,0.3427,Medio,1,56.7
Coyoacán,Mañana (06-11),Sábado,7,0,1,3,0.1827,0.565,0.2523,Medio,1,53.5
Coyoacán,Mañana (06-11),Sábado,7,1,1,3,0.219,0.5411,0.2399,Medio,1,51.0
Coyoacán,Noche (18-23),Sábado,7,0,1,3,0.036,0.3592,0.6048,Alto,2,78.4
Coyoacán,Noche (18-23),Sábado,7,1,1,3,0.0283,0.4036,0.5681,Alto,2,77.0
Coyoacán,Tarde (12-17),Sábado,7,0,1,3,0.0456,0.3542,0.6002,Alto,2,77.7
Coyoacán,Tarde (12-17),Sábado,7,1,1,3,0.0544,0.3363,0.6094,Alto,2,77.7
Coyoacán,Madrugada (00-05),Viernes,7,0,0,3,0.5623,0.3962,0.0415,Bajo,0,24.0
Coyoacán,Madrugada (00-05),Viernes,7,1,0,3,0.6649,0.2971,0.038,Bajo,0,18.7
Coyoacán,Mañana (06-11),Viernes,7,0,0,3,0.1118,0.5499,0.3383,Medio,1,61.3
Coyoacán,Mañana (06-11),Viernes,7,1,0,3,0.1105,0.554,0.3355,Medio,1,61.3
Coyoacán,Noche (18-23),Viernes,7,0,0,3,0.0267,0.2576,0.7157,Alto,2,84.5
Coyoacán,Noche (18-23),Viernes,7,1,0,3,0.0437,0.2726,0.6837,Alto,2,82.0
Coyoacán,Tarde (12-17),Viernes,7,0,0,3,0.0367,0.5382,0.4251,Medio,1,69.4
Coyoacán,Tarde (12-17),Viernes,7,1,0,3,0.0576,0.5177,0.4247,Medio,1,68.4
Coyoacán,Madrugada (00-05),Domingo,8,0,1,3,0.1277,0.5375,0.3348,Medio,1,60.4
Coyoacán,Madrugada (00-05),Domingo,8,1,1,3,0.155,0.4776,0.3674,Medio,1,60.6
Coyoacán,Mañana (06-11),Domingo,8,0,1,3,0.2155,0.6317,0.1529,Medio,1,46.9
Coyoacán,Mañana (06-11),Domingo,8,1,1,3,0.2186,0.6087,0.1727,Medio,1,47.7
Coyoacán,Noche (18-23),Domingo,8,0,1,3,0.0338,0.3698,0.5964,Alto,2,78.1
Coyoacán,Noche (18-23),Domingo,8,1,1,3,0.0243,0.3824,0.5933,Alto,2,78.4
Coyoacán,Tarde (12-17),Domingo,8,0,1,3,0.106,0.5369,0.3571,Medio,1,62.6
Coyoacán,Tarde (12-17),Domingo,8,1,1,3,0.1192,0.4986,0.3822,Medio,1,63.1
Coyoacán,Madrugada (00-05),Jueves,8,0,0,3,0.6981,0.2717,0.0302,Bajo,0,16.6
Coyoacán,Madrugada (00-05),Jueves,8,1,0,3,0.7693,0.2033,0.0274,Bajo,0,12.9
Coyoacán,Mañana (06-11),Jueves,8,0,0,3,0.1921,0.4781,0.3298,Medio,1,56.9
Coyoacán,Mañana (06-11),Jueves,8,1,0,3,0.1334,0.4405,0.4261,Medio,1,64.6
Coyoacán,Noche (18-23),Jueves,8,0,0,3,0.0597,0.3608,0.5795,Alto,2,76.0
Coyoacán,Noche (18-23),Jueves,8,1,0,3,0.0469,0.3849,0.5682,Alto,2,76.1
Coyoacán,Tarde (12-17),Jueves,8,0,0,3,0.0393,0.5027,0.458,Medio,1,70.9
Coyoacán,Tarde (12-17),Jueves,8,1,0,3,0.0565,0.4863,0.4572,Medio,1,70.0
Coyoacán,Madrugada (00-05),Lunes,8,0,0,3,0.6242,0.3353,0.0405,Bajo,0,20.8
Coyoacán,Madrugada (00-05),Lunes,8,1,0,3,0.6493,0.3116,0.0391,Bajo,0,19.5
Coyoacán,Mañana (06-11),Lunes,8,0,0,3,0.1012,0.5215,0.3772,Medio,1,63.8
Coyoacán,Mañana (06-11),Lunes,8,1,0,3,0.087,0.5572,0.3557,Medio,1,63.4
Coyoacán,Noche (18-23),Lunes,8,0,0,3,0.057,0.3594,0.5835,Alto,2,76.3
Coyoacán,Noche (18-23),Lunes,8,1,0,3,0.0381,0.3899,0.572,Alto,2,76.7
Coyoacán,Tarde (12-17),Lunes,8,0,0,3,0.0415,0.5299,0.4286,Medio,1,69.4
Coyoacán,Tarde (12-17),Lunes,8,1,0,3,0.0518,0.5334,0.4147,Medio,1,68.1
Coyoacán,Madrugada (00-05),Martes,8,0,0,3,0.7978,0.1851,0.0171,Bajo,0,11.0
Coyoacán,Madrugada (00-05),Martes,8,1,0,3,0.8071,0.1758,0.017,Bajo,0,10.5
Coyoacán,Mañana (06-11),Martes,8,0,0,3,0.1185,0.5649,0.3166,Medio,1,59.9
Coyoacán,Mañana (06-11),Martes,8,1,0,3,0.103,0.5653,0.3317,Medio,1,61.4
Coyoacán,Noche (18-23),Martes,8,0,0,3,0.1157,0.3845,0.4999,Alto,2,69.2
Coyoacán,Noche (18-23),Martes,8,1,0,3,0.0711,0.4308,0.4981,Alto,2,71.4
Coyoacán,Tarde (12-17),Martes,8,0,0,3,0.0683,0.4757,0.456,Medio,1,69.4
Coyoacán,Tarde (12-17),Martes,8,1,0,3,0.0654,0.532,0.4026,Medio,1,66.9
Coyoacán,Madrugada (00-05),Miércoles,8,0,0,3,0.7911,0.1788,0.0301,Bajo,0,11.9
Coyoacán,Madrugada (00-05),Miércoles,8,1,0,3,0.8036,0.1673,0.0291,Bajo,0,11.3
Coyoacán,Mañana (06-11),Miércoles,8,0,0,3,0.145,0.343,0.5121,Alto,2,68.4
Coyoacán,Mañana (06-11),Miércoles,8,1,0,3,0.1123,0.3491,0.5386,Alto,2,71.3
Coyoacán,Noche (18-23),Miércoles,8,0,0,3,0.0553,0.3072,0.6375,Alto,2,79.1
Coyoacán,Noche (18-23),Miércoles,8,1,0,3,0.0435,0.3294,0.6271,Alto,2,79.2
Coyoacán,Tarde (12-17),Miércoles,8,0,0,3,0.0484,0.4099,0.5417,Alto,2,74.7
Coyoacán,Tarde (12-17),Miércoles,8,1,0,3,0.0513,0.4426,0.506,Alto,2,72.7
Coyoacán,Madrugada (00-05),Sábado,8,0,1,3,0.1364,0.5368,0.3268,Medio,1,59.5
Coyoacán,Madrugada (00-05),Sábado,8,1,1,3,0.1691,0.4833,0.3477,Medio,1,58.9
Coyoacán,Mañana (06-11),Sábado,8,0,1,3,0.1761,0.6144,0.2095,Medio,1,51.7
Coyoacán,Mañana (06-11),Sábado,8,1,1,3,0.1838,0.6181,0.1982,Medio,1,50.7
Coyoacán,Noche (18-23),Sábado,8,0,1,3,0.0323,0.3708,0.5968,Alto,2,78.2
Coyoacán,Noche (18-23),Sábado,8,1,1,3,0.022,0.4117,0.5663,Alto,2,77.2
Coyoacán,Tarde (12-17),Sábado,8,0,1,3,0.0435,0.3896,0.5669,Alto,2,76.2
Coyoacán,Tarde (12-17),Sábado,8,1,1,3,0.0501,0.3778,0.5721,Alto,2,76.1
Coyoacán,Madrugada (00-05),Viernes,8,0,0,3,0.4265,0.4964,0.0771,Medio,1,32.5
Coyoacán,Madrugada (00-05),Viernes,8,1,0,3,0.5491,0.3749,0.0761,Bajo,0,26.3
Coyoacán,Mañana (06-11),Viernes,8,0,0,3,0.0615,0.4904,0.4481,Medio,1,69.3
Coyoacán,Mañana (06-11),Viernes,8,1,0,3,0.059,0.4815,0.4595,Medio,1,70.0
Coyoacán,Noche (18-23),Viernes,8,0,0,3,0.0089,0.1888,0.8023,Alto,2,89.7
Coyoacán,Noche (18-23),Viernes,8,1,0,3,0.0153,0.186,0.7987,Alto,2,89.2
Coyoacán,Tarde (12-17),Viernes,8,0,0,3,0.0202,0.4091,0.5707,Alto,2,77.5
Coyoacán,Tarde (12-17),Viernes,8,1,0,3,0.0324,0.3703,0.5973,Alto,2,78.2
Coyoacán,Madrugada (00-05),Domingo,9,0,1,3,0.1177,0.4466,0.4357,Medio,1,65.9
Coyoacán,Madrugada (00-05),Domingo,9,1,1,3,0.1451,0.3937,0.4612,Alto,2,65.8
Coyoacán,Mañana (06-11),Domingo,9,0,1,3,0.2087,0.5282,0.2631,Medio,1,52.7
Coyoacán,Mañana (06-11),Domingo,9,1,1,3,0.2428,0.494,0.2633,Medio,1,51.0
Coyoacán,Noche (18-23),Domingo,9,0,1,3,0.0264,0.2721,0.7016,Alto,2,83.8
Coyoacán,Noche (18-23),Domingo,9,1,1,3,0.0188,0.282,0.6992,Alto,2,84.0
Coyoacán,Tarde (12-17),Domingo,9,0,1,3,0.0988,0.3257,0.5755,Alto,2,73.8
Coyoacán,Tarde (12-17),Domingo,9,1,1,3,0.1112,0.2898,0.599,Alto,2,74.4
Coyoacán,Madrugada (00-05),Jueves,9,0,0,3,0.6783,0.2754,0.0462,Bajo,0,18.4
Coyoacán,Madrugada (00-05),Jueves,9,1,0,3,0.7477,0.2144,0.0378,Bajo,0,14.5
Coyoacán,Mañana (06-11),Jueves,9,0,0,3,0.1101,0.4092,0.4807,Alto,2,68.5
Coyoacán,Mañana (06-11),Jueves,9,1,0,3,0.1091,0.4129,0.478,Alto,2,68.4
Coyoacán,Noche (18-23),Jueves,9,0,0,3,0.0527,0.2959,0.6514,Alto,2,79.9
Coyoacán,Noche (18-23),Jueves,9,1,0,3,0.0419,0.3314,0.6267,Alto,2,79.2
Coyoacán,Tarde (12-17),Jueves,9,0,0,3,0.0245,0.2498,0.7257,Alto,2,85.1
Coyoacán,Tarde (12-17),Jueves,9,1,0,3,0.0345,0.246,0.7194,Alto,2,84.2
Coyoacán,Madrugada (00-05),Lunes,9,0,0,3,0.6152,0.3053,0.0795,Bajo,0,23.2
Coyoacán,Madrugada (00-05),Lunes,9,1,0,3,0.6271,0.3009,0.072,Bajo,0,22.2
Coyoacán,Mañana (06-11),Lunes,9,0,0,3,0.0442,0.3308,0.6251,Alto,2,79.0
Coyoacán,Mañana (06-11),Lunes,9,1,0,3,0.0565,0.4135,0.53,Alto,2,73.7
Coyoacán,Noche (18-23),Lunes,9,0,0,3,0.0377,0.2196,0.7428,Alto,2,85.3
Coyoacán,Noche (18-23),Lunes,9,1,0,3,0.0243,0.2487,0.727,Alto,2,85.1
Coyoacán,Tarde (12-17),Lunes,9,0,0,3,0.023,0.1912,0.7858,Alto,2,88.1
Coyoacán,Tarde (12-17),Lunes,9,1,0,3,0.0274,0.202,0.7706,Alto,2,87.2
Coyoacán,Madrugada (00-05),Martes,9,0,0,3,0.7086,0.2532,0.0382,Bajo,0,16.5
Coyoacán,Madrugada (00-05),Martes,9,1,0,3,0.6751,0.2941,0.0308,Bajo,0,17.8
Coyoacán,Mañana (06-11),Martes,9,0,0,3,0.0432,0.4415,0.5153,Alto,2,73.6
Coyoacán,Mañana (06-11),Martes,9,1,0,3,0.05,0.5714,0.3786,Medio,1,66.4
Coyoacán,Noche (18-23),Martes,9,0,0,3,0.0593,0.3184,0.6223,Alto,2,78.2
Coyoacán,Noche (18-23),Martes,9,1,0,3,0.0329,0.3591,0.608,Alto,2,78.8
Coyoacán,Tarde (12-17),Martes,9,0,0,3,0.0286,0.2252,0.7462,Alto,2,85.9
Coyoacán,Tarde (12-17),Martes,9,1,0,3,0.0324,0.3322,0.6354,Alto,2,80.1
Coyoacán,Madrugada (00-05),Miércoles,9,0,0,3,0.763,0.1821,0.0548,Bajo,0,14.6
Coyoacán,Madrugada (00-05),Miércoles,9,1,0,3,0.7873,0.1669,0.0458,Bajo,0,12.9
Coyoacán,Mañana (06-11),Miércoles,9,0,0,3,0.06,0.2189,0.7212,Alto,2,83.1
Coyoacán,Mañana (06-11),Miércoles,9,1,0,3,0.0725,0.2612,0.6663,Alto,2,79.7
Coyoacán,Noche (18-23),Miércoles,9,0,0,3,0.0368,0.2074,0.7557,Alto,2,85.9
Coyoacán,Noche (18-23),Miércoles,9,1,0,3,0.0304,0.2321,0.7375,Alto,2,85.4
Coyoacán,Tarde (12-17),Miércoles,9,0,0,3,0.0228,0.1677,0.8095,Alto,2,89.3
Coyoacán,Tarde (12-17),Miércoles,9,1,0,3,0.0261,0.2001,0.7738,Alto,2,87.4
Coyoacán,Madrugada (00-05),Sábado,9,0,1,3,0.1434,0.4386,0.418,Medio,1,63.7
Coyoacán,Madrugada (00-05),Sábado,9,1,1,3,0.1716,0.3927,0.4357,Alto,2,63.2
Coyoacán,Mañana (06-11),Sábado,9,0,1,3,0.1801,0.4849,0.3349,Medio,1,57.7
Coyoacán,Mañana (06-11),Sábado,9,1,1,3,0.2112,0.4897,0.299,Medio,1,54.4
Coyoacán,Noche (18-23),Sábado,9,0,1,3,0.0293,0.2503,0.7203,Alto,2,84.5
Coyoacán,Noche (18-23),Sábado,9,1,1,3,0.0183,0.2811,0.7006,Alto,2,84.1
Coyoacán,Tarde (12-17),Sábado,9,0,1,3,0.0365,0.2154,0.748,Alto,2,85.6
Coyoacán,Tarde (12-17),Sábado,9,1,1,3,0.041,0.2012,0.7578,Alto,2,85.8
Coyoacán,Madrugada (00-05),Viernes,9,0,0,3,0.421,0.4839,0.0952,Medio,1,33.7
Coyoacán,Madrugada (00-05),Viernes,9,1,0,3,0.5401,0.3798,0.0801,Bajo,0,27.0
Coyoacán,Mañana (06-11),Viernes,9,0,0,3,0.0346,0.4027,0.5627,Alto,2,76.4
Coyoacán,Mañana (06-11),Viernes,9,1,0,3,0.0505,0.4716,0.4779,Alto,2,71.4
Coyoacán,Noche (18-23),Viernes,9,0,0,3,0.0087,0.1713,0.82,Alto,2,90.6
Coyoacán,Noche (18-23),Viernes,9,1,0,3,0.0157,0.1851,0.7991,Alto,2,89.2
Coyoacán,Tarde (12-17),Viernes,9,0,0,3,0.0113,0.1993,0.7894,Alto,2,88.9
Coyoacán,Tarde (12-17),Viernes,9,1,0,3,0.0176,0.1811,0.8013,Alto,2,89.2
Coyoacán,Madrugada (00-05),Domingo,10,0,1,4,0.0966,0.4967,0.4066,Medio,1,65.5
Coyoacán,Madrugada (00-05),Domingo,10,1,1,4,0.1061,0.4324,0.4615,Alto,2,67.8
Coyoacán,Mañana (06-11),Domingo,10,0,1,4,0.2083,0.5583,0.2334,Medio,1,51.3
Coyoacán,Mañana (06-11),Domingo,10,1,1,4,0.1984,0.527,0.2746,Medio,1,53.8
Coyoacán,Noche (18-23),Domingo,10,0,1,4,0.0184,0.2581,0.7235,Alto,2,85.3
Coyoacán,Noche (18-23),Domingo,10,1,1,4,0.0112,0.2468,0.742,Alto,2,86.5
Coyoacán,Tarde (12-17),Domingo,10,0,1,4,0.0667,0.3553,0.5779,Alto,2,75.6
Coyoacán,Tarde (12-17),Domingo,10,1,1,4,0.0728,0.3299,0.5973,Alto,2,76.2
Coyoacán,Madrugada (00-05),Jueves,10,0,0,4,0.5038,0.4529,0.0434,Bajo,0,27.0
Coyoacán,Madrugada (00-05),Jueves,10,1,0,4,0.5712,0.3878,0.0409,Bajo,0,23.5
Coyoacán,Mañana (06-11),Jueves,10,0,0,4,0.0651,0.5895,0.3455,Medio,1,64.0
Coyoacán,Mañana (06-11),Jueves,10,1,0,4,0.067,0.6008,0.3322,Medio,1,63.3
Coyoacán,Noche (18-23),Jueves,10,0,0,4,0.0338,0.3938,0.5724,Alto,2,76.9
Coyoacán,Noche (18-23),Jueves,10,1,0,4,0.0245,0.4341,0.5413,Alto,2,75.8
Coyoacán,Tarde (12-17),Jueves,10,0,0,4,0.0169,0.3286,0.6545,Alto,2,81.9
Coyoacán,Tarde (12-17),Jueves,10,1,0,4,0.0209,0.2953,0.6838,Alto,2,83.1
Coyoacán,Madrugada (00-05),Lunes,10,0,0,4,0.5933,0.3478,0.0589,Bajo,0,23.3
Coyoacán,Madrugada (00-05),Lunes,10,1,0,4,0.5894,0.3553,0.0554,Bajo,0,23.3
Coyoacán,Mañana (06-11),Lunes,10,0,0,4,0.0563,0.4912,0.4525,Medio,1,69.8
Coyoacán,Mañana (06-11),Lunes,10,1,0,4,0.0628,0.5511,0.3861,Medio,1,66.2
Coyoacán,Noche (18-23),Lunes,10,0,0,4,0.0406,0.2825,0.677,Alto,2,81.8
Coyoacán,Noche (18-23),Lunes,10,1,0,4,0.0238,0.3191,0.6571,Alto,2,81.7
Coyoacán,Tarde (12-17),Lunes,10,0,0,4,0.022,0.2258,0.7522,Alto,2,86.5
Coyoacán,Tarde (12-17),Lunes,10,1,0,4,0.0241,0.2272,0.7487,Alto,2,86.2
Coyoacán,Madrugada (00-05),Martes,10,0,0,4,0.7225,0.239,0.0385,Bajo,0,15.8
Coyoacán,Madrugada (00-05),Martes,10,1,0,4,0.6751,0.2905,0.0345,Bajo,0,18.0
Coyoacán,Mañana (06-11),Martes,10,0,0,4,0.042,0.4687,0.4893,Alto,2,72.4
Coyoacán,Mañana (06-11),Martes,10,1,0,4,0.046,0.5606,0.3934,Medio,1,67.4
Coyoacán,Noche (18-23),Martes,10,0,0,4,0.0507,0.2427,0.7065,Alto,2,82.8
Coyoacán,Noche (18-23),Martes,10,1,0,4,0.0251,0.2683,0.7066,Alto,2,84.1
Coyoacán,Tarde (12-17),Martes,10,0,0,4,0.0238,0.1949,0.7813,Alto,2,87.9
Coyoacán,Tarde (12-17),Martes,10,1,0,4,0.0266,0.2748,0.6986,Alto,2,83.6
Coyoacán,Madrugada (00-05),Miércoles,10,0,0,4,0.7509,0.1959,0.0533,Bajo,0,15.1
Coyoacán,Madrugada (00-05),Miércoles,10,1,0,4,0.7611,0.1902,0.0486,Bajo,0,14.4
Coyoacán,Mañana (06-11),Miércoles,10,0,0,4,0.076,0.2727,0.6513,Alto,2,78.8
Coyoacán,Mañana (06-11),Miércoles,10,1,0,4,0.0764,0.2868,0.6368,Alto,2,78.0
Coyoacán,Noche (18-23),Miércoles,10,0,0,4,0.0306,0.1891,0.7803,Alto,2,87.5
Coyoacán,Noche (18-23),Miércoles,10,1,0,4,0.0226,0.2086,0.7687,Alto,2,87.3
Coyoacán,Tarde (12-17),Miércoles,10,0,0,4,0.0199,0.1674,0.8127,Alto,2,89.6
Coyoacán,Tarde (12-17),Miércoles,10,1,0,4,0.0197,0.1907,0.7896,Alto,2,88.5
Coyoacán,Madrugada (00-05),Sábado,10,0,1,4,0.1165,0.5379,0.3456,Medio,1,61.5
Coyoacán,Madrugada (00-05),Sábado,10,1,1,4,0.1248,0.5011,0.374,Medio,1,62.5
Coyoacán,Mañana (06-11),Sábado,10,0,1,4,0.1722,0.5429,0.2849,Medio,1,55.6
Coyoacán,Mañana (06-11),Sábado,10,1,1,4,0.162,0.5679,0.27,Medio,1,55.4
Coyoacán,Noche (18-23),Sábado,10,0,1,4,0.0195,0.243,0.7375,Alto,2,85.9
Coyoacán,Noche (18-23),Sábado,10,1,1,4,0.0113,0.2871,0.7016,Alto,2,84.5
Coyoacán,Tarde (12-17),Sábado,10,0,1,4,0.0293,0.227,0.7437,Alto,2,85.7
Coyoacán,Tarde (12-17),Sábado,10,1,1,4,0.0313,0.2274,0.7413,Alto,2,85.5
Coyoacán,Madrugada (00-05),Viernes,10,0,0,4,0.3847,0.5292,0.0861,Medio,1,35.1
Coyoacán,Madrugada (00-05),Viernes,10,1,0,4,0.5021,0.4082,0.0897,Bajo,0,29.4
Coyoacán,Mañana (06-11),Viernes,10,0,0,4,0.0378,0.4996,0.4625,Medio,1,71.2
Coyoacán,Mañana (06-11),Viernes,10,1,0,4,0.0475,0.4786,0.4739,Medio,1,71.3
Coyoacán,Noche (18-23),Viernes,10,0,0,4,0.0054,0.12,0.8746,Alto,2,93.5
Coyoacán,Noche (18-23),Viernes,10,1,0,4,0.0079,0.1076,0.8846,Alto,2,93.8
Coyoacán,Tarde (12-17),Viernes,10,0,0,4,0.0086,0.184,0.8074,Alto,2,89.9
Coyoacán,Tarde (12-17),Viernes,10,1,0,4,0.0125,0.1585,0.829,Alto,2,90.8
Coyoacán,Madrugada (00-05),Domingo,11,0,1,4,0.1375,0.5537,0.3088,Medio,1,58.6
Coyoacán,Madrugada (00-05),Domingo,11,1,1,4,0.1509,0.4377,0.4114,Medio,1,63.0
Coyoacán,Mañana (06-11),Domingo,11,0,1,4,0.1306,0.6548,0.2146,Medio,1,54.2
Coyoacán,Mañana (06-11),Domingo,11,1,1,4,0.153,0.5442,0.3029,Medio,1,57.5
Coyoacán,Noche (18-23),Domingo,11,0,1,4,0.0572,0.3954,0.5474,Alto,2,74.5
Coyoacán,Noche (18-23),Domingo,11,1,1,4,0.0241,0.3414,0.6345,Alto,2,80.5
Coyoacán,Tarde (12-17),Domingo,11,0,1,4,0.0784,0.3845,0.537,Alto,2,72.9
Coyoacán,Tarde (12-17),Domingo,11,1,1,4,0.0827,0.3255,0.5918,Alto,2,75.5
Coyoacán,Madrugada (00-05),Jueves,11,0,0,4,0.7912,0.1907,0.0182,Bajo,0,11.3
Coyoacán,Madrugada (00-05),Jueves,11,1,0,4,0.7956,0.1816,0.0228,Bajo,0,11.4
Coyoacán,Mañana (06-11),Jueves,11,0,0,4,0.1012,0.5746,0.3242,Medio,1,61.2
Coyoacán,Mañana (06-11),Jueves,11,1,0,4,0.116,0.5356,0.3484,Medio,1,61.6
Coyoacán,Noche (18-23),Jueves,11,0,0,4,0.162,0.396,0.442,Alto,2,64.0
Coyoacán,Noche (18-23),Jueves,11,1,0,4,0.0682,0.4161,0.5157,Alto,2,72.4
Coyoacán,Tarde (12-17),Jueves,11,0,0,4,0.0507,0.3414,0.6079,Alto,2,77.9
Coyoacán,Tarde (12-17),Jueves,11,1,0,4,0.0476,0.2888,0.6636,Alto,2,80.8
Coyoacán,Madrugada (00-05),Lunes,11,0,0,4,0.7437,0.2225,0.0339,Bajo,0,14.5
Coyoacán,Madrugada (00-05),Lunes,11,1,0,4,0.6964,0.2623,0.0413,Bajo,0,17.2
Coyoacán,Mañana (06-11),Lunes,11,0,0,4,0.0447,0.5245,0.4308,Medio,1,69.3
Coyoacán,Mañana (06-11),Lunes,11,1,0,4,0.0557,0.5865,0.3578,Medio,1,65.1
Coyoacán,Noche (18-23),Lunes,11,0,0,4,0.1539,0.3506,0.4955,Alto,2,67.1
Coyoacán,Noche (18-23),Lunes,11,1,0,4,0.0553,0.3926,0.5521,Alto,2,74.8
Coyoacán,Tarde (12-17),Lunes,11,0,0,4,0.0405,0.2481,0.7113,Alto,2,83.5
Coyoacán,Tarde (12-17),Lunes,11,1,0,4,0.0359,0.2441,0.72,Alto,2,84.2
Coyoacán,Madrugada (00-05),Martes,11,0,0,4,0.808,0.1676,0.0244,Bajo,0,10.8
Coyoacán,Madrugada (00-05),Martes,11,1,0,4,0.7455,0.2188,0.0357,Bajo,0,14.5
Coyoacán,Mañana (06-11),Martes,11,0,0,4,0.0355,0.4908,0.4737,Medio,1,71.9
Coyoacán,Mañana (06-11),Martes,11,1,0,4,0.0388,0.4784,0.4829,Alto,2,72.2
Coyoacán,Noche (18-23),Martes,11,0,0,4,0.143,0.3243,0.5327,Alto,2,69.5
Coyoacán,Noche (18-23),Martes,11,1,0,4,0.0447,0.3143,0.641,Alto,2,79.8
Coyoacán,Tarde (12-17),Martes,11,0,0,4,0.0329,0.1609,0.8062,Alto,2,88.7
Coyoacán,Tarde (12-17),Martes,11,1,0,4,0.026,0.1613,0.8127,Alto,2,89.3
Coyoacán,Madrugada (00-05),Miércoles,11,0,0,4,0.7557,0.2176,0.0268,Bajo,0,13.6
Coyoacán,Madrugada (00-05),Miércoles,11,1,0,4,0.7352,0.23,0.0348,Bajo,0,15.0
Coyoacán,Mañana (06-11),Miércoles,11,0,0,4,0.053,0.4984,0.4486,Medio,1,69.8
Coyoacán,Mañana (06-11),Miércoles,11,1,0,4,0.0569,0.4347,0.5085,Alto,2,72.6
Coyoacán,Noche (18-23),Miércoles,11,0,0,4,0.0958,0.449,0.4552,Alto,2,68.0
Coyoacán,Noche (18-23),Miércoles,11,1,0,4,0.0418,0.4368,0.5214,Alto,2,74.0
Coyoacán,Tarde (12-17),Miércoles,11,0,0,4,0.0318,0.2681,0.7001,Alto,2,83.4
Coyoacán,Tarde (12-17),Miércoles,11,1,0,4,0.0246,0.2547,0.7206,Alto,2,84.8
Coyoacán,Madrugada (00-05),Sábado,11,0,1,4,0.1579,0.5689,0.2732,Medio,1,55.8
Coyoacán,Madrugada (00-05),Sábado,11,1,1,4,0.1629,0.4857,0.3513,Medio,1,59.4
Coyoacán,Mañana (06-11),Sábado,11,0,1,4,0.1192,0.6273,0.2535,Medio,1,56.7
Coyoacán,Mañana (06-11),Sábado,11,1,1,4,0.1299,0.5799,0.2902,Medio,1,58.0
Coyoacán,Noche (18-23),Sábado,11,0,1,4,0.064,0.3802,0.5558,Alto,2,74.6
Coyoacán,Noche (18-23),Sábado,11,1,1,4,0.025,0.3938,0.5813,Alto,2,77.8
Coyoacán,Tarde (12-17),Sábado,11,0,1,4,0.0469,0.2726,0.6805,Alto,2,81.7
Coyoacán,Tarde (12-17),Sábado,11,1,1,4,0.0445,0.2333,0.7222,Alto,2,83.9
Coyoacán,Madrugada (00-05),Viernes,11,0,0,4,0.5263,0.4169,0.0567,Bajo,0,26.5
Coyoacán,Madrugada (00-05),Viernes,11,1,0,4,0.5766,0.3438,0.0796,Bajo,0,25.2
Coyoacán,Mañana (06-11),Viernes,11,0,0,4,0.0271,0.5673,0.4057,Medio,1,68.9
Coyoacán,Mañana (06-11),Viernes,11,1,0,4,0.0365,0.4937,0.4698,Medio,1,71.7
Coyoacán,Noche (18-23),Viernes,11,0,0,4,0.0278,0.2668,0.7053,Alto,2,83.9
Coyoacán,Noche (18-23),Viernes,11,1,0,4,0.0263,0.197,0.7768,Alto,2,87.5
Coyoacán,Tarde (12-17),Viernes,11,0,0,4,0.018,0.222,0.76,Alto,2,87.1
Coyoacán,Tarde (12-17),Viernes,11,1,0,4,0.0187,0.1712,0.8101,Alto,2,89.6
Coyoacán,Madrugada (00-05),Domingo,12,0,1,4,0.1368,0.5284,0.3348,Medio,1,59.9
Coyoacán,Madrugada (00-05),Domingo,12,1,1,4,0.1662,0.434,0.3998,Medio,1,61.7
Coyoacán,Mañana (06-11),Domingo,12,0,1,4,0.1595,0.5961,0.2444,Medio,1,54.2
Coyoacán,Mañana (06-11),Domingo,12,1,1,4,0.2351,0.5057,0.2592,Medio,1,51.2
Coyoacán,Noche (18-23),Domingo,12,0,1,4,0.0526,0.4942,0.4531,Medio,1,70.0
Coyoacán,Noche (18-23),Domingo,12,1,1,4,0.0256,0.5031,0.4713,Medio,1,72.3
Coyoacán,Tarde (12-17),Domingo,12,0,1,4,0.0566,0.2633,0.6801,Alto,2,81.2
Coyoacán,Tarde (12-17),Domingo,12,1,1,4,0.0725,0.2359,0.6917,Alto,2,81.0
Coyoacán,Madrugada (00-05),Jueves,12,0,0,4,0.8518,0.1247,0.0235,Bajo,0,8.6
Coyoacán,Madrugada (00-05),Jueves,12,1,0,4,0.9078,0.0771,0.0151,Bajo,0,5.4
Coyoacán,Mañana (06-11),Jueves,12,0,0,4,0.161,0.3917,0.4473,Alto,2,64.3
Coyoacán,Mañana (06-11),Jueves,12,1,0,4,0.3669,0.3441,0.289,Bajo,0,46.1
Coyoacán,Noche (18-23),Jueves,12,0,0,4,0.1376,0.4499,0.4125,Medio,1,63.7
Coyoacán,Noche (18-23),Jueves,12,1,0,4,0.0957,0.493,0.4113,Medio,1,65.8
Coyoacán,Tarde (12-17),Jueves,12,0,0,4,0.051,0.1967,0.7523,Alto,2,85.1
Coyoacán,Tarde (12-17),Jueves,12,1,0,4,0.096,0.1714,0.7326,Alto,2,81.8
Coyoacán,Madrugada (00-05),Lunes,12,0,0,4,0.6578,0.3225,0.0197,Bajo,0,18.1
Coyoacán,Madrugada (00-05),Lunes,12,1,0,4,0.6282,0.3445,0.0272,Bajo,0,19.9
Coyoacán,Mañana (06-11),Lunes,12,0,0,4,0.0542,0.7163,0.2295,Medio,1,58.8
Coyoacán,Mañana (06-11),Lunes,12,1,0,4,0.092,0.7068,0.2011,Medio,1,55.5
Coyoacán,Noche (18-23),Lunes,12,0,0,4,0.1826,0.5824,0.2349,Medio,1,52.6
Coyoacán,Noche (18-23),Lunes,12,1,0,4,0.0455,0.6444,0.3101,Medio,1,63.2
Coyoacán,Tarde (12-17),Lunes,12,0,0,4,0.038,0.5218,0.4403,Medio,1,70.1
Coyoacán,Tarde (12-17),Lunes,12,1,0,4,0.0362,0.4573,0.5065,Alto,2,73.5
Coyoacán,Madrugada (00-05),Martes,12,0,0,4,0.7374,0.2394,0.0232,Bajo,0,14.3
Coyoacán,Madrugada (00-05),Martes,12,1,0,4,0.6859,0.2814,0.0327,Bajo,0,17.3
Coyoacán,Mañana (06-11),Martes,12,0,0,4,0.042,0.69,0.268,Medio,1,61.3
Coyoacán,Mañana (06-11),Martes,12,1,0,4,0.0712,0.7017,0.2271,Medio,1,57.8
Coyoacán,Noche (18-23),Martes,12,0,0,4,0.136,0.4598,0.4042,Medio,1,63.4
Coyoacán,Noche (18-23),Martes,12,1,0,4,0.0514,0.4112,0.5374,Alto,2,74.3
Coyoacán,Tarde (12-17),Martes,12,0,0,4,0.0348,0.2233,0.7419,Alto,2,85.4
Coyoacán,Tarde (12-17),Martes,12,1,0,4,0.031,0.1978,0.7711,Alto,2,87.0
Coyoacán,Madrugada (00-05),Miércoles,12,0,0,4,0.7601,0.2048,0.0351,Bajo,0,13.8
Coyoacán,Madrugada (00-05),Miércoles,12,1,0,4,0.7154,0.2479,0.0367,Bajo,0,16.1
Coyoacán,Mañana (06-11),Miércoles,12,0,0,4,0.0598,0.4069,0.5333,Alto,2,73.7
Coyoacán,Mañana (06-11),Miércoles,12,1,0,4,0.1008,0.4671,0.4322,Medio,1,66.6
Coyoacán,Noche (18-23),Miércoles,12,0,0,4,0.0814,0.556,0.3626,Medio,1,64.1
Coyoacán,Noche (18-23),Miércoles,12,1,0,4,0.036,0.6293,0.3347,Medio,1,64.9
Coyoacán,Tarde (12-17),Miércoles,12,0,0,4,0.0286,0.2017,0.7698,Alto,2,87.1
Coyoacán,Tarde (12-17),Miércoles,12,1,0,4,0.0262,0.2338,0.74,Alto,2,85.7
Coyoacán,Madrugada (00-05),Sábado,12,0,1,4,0.1293,0.4797,0.391,Medio,1,63.1
Coyoacán,Madrugada (00-05),Sábado,12,1,1,4,0.1467,0.4666,0.3867,Medio,1,62.0
Coyoacán,Mañana (06-11),Sábado,12,0,1,4,0.1581,0.5012,0.3407,Medio,1,59.1
Coyoacán,Mañana (06-11),Sábado,12,1,1,4,0.1981,0.5527,0.2492,Medio,1,52.6
Coyoacán,Noche (18-23),Sábado,12,0,1,4,0.056,0.4393,0.5047,Alto,2,72.4
Coyoacán,Noche (18-23),Sábado,12,1,1,4,0.0249,0.5717,0.4034,Medio,1,68.9
Coyoacán,Tarde (12-17),Sábado,12,0,1,4,0.0273,0.1649,0.8078,Alto,2,89.0
Coyoacán,Tarde (12-17),Sábado,12,1,1,4,0.0377,0.1917,0.7705,Alto,2,86.6
Coyoacán,Madrugada (00-05),Viernes,12,0,0,4,0.4279,0.5145,0.0576,Medio,1,31.5
Coyoacán,Madrugada (00-05),Viernes,12,1,0,4,0.4864,0.4257,0.0879,Bajo,0,30.1
Coyoacán,Mañana (06-11),Viernes,12,0,0,4,0.0312,0.6092,0.3596,Medio,1,66.4
Coyoacán,Mañana (06-11),Viernes,12,1,0,4,0.0611,0.544,0.3949,Medio,1,66.7
Coyoacán,Noche (18-23),Viernes,12,0,0,4,0.0292,0.4107,0.5601,Alto,2,76.5
Coyoacán,Noche (18-23),Viernes,12,1,0,4,0.0344,0.3074,0.6583,Alto,2,81.2
Coyoacán,Tarde (12-17),Viernes,12,0,0,4,0.0145,0.3416,0.6439,Alto,2,81.5
Coyoacán,Tarde (12-17),Viernes,12,1,0,4,0.0161,0.2327,0.7512,Alto,2,86.8
Cuajimalpa de Morelos,Madrugada (00-05),Domingo,1,0,1,1,0.9182,0.0797,0.0021,Bajo,0,4.2
Cuajimalpa de Morelos,Madrugada (00-05),Domingo,1,1,1,1,0.9032,0.0941,0.0027,Bajo,0,5.0
Cuajimalpa de Morelos,Mañana (06-11),Domingo,1,0,1,1,0.8993,0.0988,0.0019,Bajo,0,5.1
Cuajimalpa de Morelos,Mañana (06-11),Domingo,1,1,1,1,0.8927,0.1052,0.0021,Bajo,0,5.5
Cuajimalpa de Morelos,Noche (18-23),Domingo,1,0,1,1,0.6023,0.3874,0.0103,Bajo,0,20.4
Cuajimalpa de Morelos,Noche (18-23),Domingo,1,1,1,1,0.5517,0.44,0.0083,Bajo,0,22.8
Cuajimalpa de Morelos,Tarde (12-17),Domingo,1,0,1,1,0.7106,0.2861,0.0032,Bajo,0,14.6
Cuajimalpa de Morelos,Tarde (12-17),Domingo,1,1,1,1,0.6899,0.3058,0.0043,Bajo,0,15.7
Cuajimalpa de Morelos,Madrugada (00-05),Jueves,1,0,0,1,0.976,0.0239,0.0002,Bajo,0,1.2
Cuajimalpa de Morelos,Madrugada (00-05),Jueves,1,1,0,1,0.9754,0.0244,0.0002,Bajo,0,1.2
Cuajimalpa de Morelos,Mañana (06-11),Jueves,1,0,0,1,0.8087,0.1879,0.0034,Bajo,0,9.7
Cuajimalpa de Morelos,Mañana (06-11),Jueves,1,1,0,1,0.8032,0.1931,0.0037,Bajo,0,10.0
Cuajimalpa de Morelos,Noche (18-23),Jueves,1,0,0,1,0.7671,0.2234,0.0095,Bajo,0,12.1
Cuajimalpa de Morelos,Noche (18-23),Jueves,1,1,0,1,0.7585,0.231,0.0104,Bajo,0,12.6
Cuajimalpa de Morelos,Tarde (12-17),Jueves,1,0,0,1,0.6357,0.3606,0.0037,Bajo,0,18.4
Cuajimalpa de Morelos,Tarde (12-17),Jueves,1,1,0,1,0.6692,0.3273,0.0035,Bajo,0,16.7
Cuajimalpa de Morelos,Madrugada (00-05),Lunes,1,0,0,1,0.9629,0.0364,0.0007,Bajo,0,1.9
Cuajimalpa de Morelos,Madrugada (00-05),Lunes,1,1,0,1,0.957,0.0426,0.0004,Bajo,0,2.2
Cuajimalpa de Morelos,Mañana (06-11),Lunes,1,0,0,1,0.8613,0.1292,0.0095,Bajo,0,7.4
Cuajimalpa de Morelos,Mañana (06-11),Lunes,1,1,0,1,0.8377,0.1571,0.0052,Bajo,0,8.4
Cuajimalpa de Morelos,Noche (18-23),Lunes,1,0,0,1,0.6384,0.3461,0.0155,Bajo,0,18.9
Cuajimalpa de Morelos,Noche (18-23),Lunes,1,1,0,1,0.6017,0.3907,0.0076,Bajo,0,20.3
Cuajimalpa de Morelos,Tarde (12-17),Lunes,1,0,0,1,0.6499,0.3295,0.0206,Bajo,0,18.5
Cuajimalpa de Morelos,Tarde (12-17),Lunes,1,1,0,1,0.6092,0.3804,0.0104,Bajo,0,20.1
Cuajimalpa de Morelos,Madrugada (00-05),Martes,1,0,0,1,0.9826,0.0172,1e-04,Bajo,0,0.9
Cuajimalpa de Morelos,Madrugada (00-05),Martes,1,1,0,1,0.9812,0.0187,1e-04,Bajo,0,0.9
Cuajimalpa de Morelos,Mañana (06-11),Martes,1,0,0,1,0.8226,0.1741,0.0033,Bajo,0,9.0
Cuajimalpa de Morelos,Mañana (06-11),Martes,1,1,0,1,0.8062,0.1899,0.0039,Bajo,0,9.9
Cuajimalpa de Morelos,Noche (18-23),Martes,1,0,0,1,0.7011,0.2894,0.0095,Bajo,0,15.4
Cuajimalpa de Morelos,Noche (18-23),Martes,1,1,0,1,0.7167,0.2761,0.0072,Bajo,0,14.5
Cuajimalpa de Morelos,Tarde (12-17),Martes,1,0,0,1,0.7023,0.2935,0.0042,Bajo,0,15.1
Cuajimalpa de Morelos,Tarde (12-17),Martes,1,1,0,1,0.657,0.3386,0.0044,Bajo,0,17.4
Cuajimalpa de Morelos,Madrugada (00-05),Miércoles,1,0,0,1,0.9737,0.0261,0.0002,Bajo,0,1.3
Cuajimalpa de Morelos,Madrugada (00-05),Miércoles,1,1,0,1,0.9721,0.0277,1e-04,Bajo,0,1.4
Cuajimalpa de Morelos,Mañana (06-11),Miércoles,1,0,0,1,0.7569,0.2381,0.0051,Bajo,0,12.4
Cuajimalpa de Morelos,Mañana (06-11),Miércoles,1,1,0,1,0.7624,0.2331,0.0044,Bajo,0,12.1
Cuajimalpa de Morelos,Noche (18-23),Miércoles,1,0,0,1,0.5237,0.4687,0.0076,Bajo,0,24.2
Cuajimalpa de Morelos,Noche (18-23),Miércoles,1,1,0,1,0.5162,0.4799,0.004,Bajo,0,24.4
Cuajimalpa de Morelos,Tarde (12-17),Miércoles,1,0,0,1,0.644,0.3489,0.0071,Bajo,0,18.2
Cuajimalpa de Morelos,Tarde (12-17),Miércoles,1,1,0,1,0.6557,0.3392,0.0052,Bajo,0,17.5
Cuajimalpa de Morelos,Madrugada (00-05),Sábado,1,0,1,1,0.91,0.0862,0.0039,Bajo,0,4.7
Cuajimalpa de Morelos,Madrugada (00-05),Sábado,1,1,1,1,0.8944,0.1012,0.0044,Bajo,0,5.5
Cuajimalpa de Morelos,Mañana (06-11),Sábado,1,0,1,1,0.8902,0.1028,0.007,Bajo,0,5.8
Cuajimalpa de Morelos,Mañana (06-11),Sábado,1,1,1,1,0.8697,0.1239,0.0064,Bajo,0,6.8
Cuajimalpa de Morelos,Noche (18-23),Sábado,1,0,1,1,0.5207,0.4617,0.0176,Bajo,0,24.8
Cuajimalpa de Morelos,Noche (18-23),Sábado,1,1,1,1,0.4457,0.5435,0.0108,Medio,1,28.3
Cuajimalpa de Morelos,Tarde (12-17),Sábado,1,0,1,1,0.7001,0.2875,0.0123,Bajo,0,15.6
Cuajimalpa de Morelos,Tarde (12-17),Sábado,1,1,1,1,0.6554,0.3307,0.0139,Bajo,0,17.9
Cuajimalpa de Morelos,Madrugada (00-05),Viernes,1,0,0,1,0.9592,0.0405,0.0003,Bajo,0,2.1
Cuajimalpa de Morelos,Madrugada (00-05),Viernes,1,1,0,1,0.9545,0.0452,0.0003,Bajo,0,2.3
Cuajimalpa de Morelos,Mañana (06-11),Viernes,1,0,0,1,0.8592,0.1371,0.0036,Bajo,0,7.2
Cuajimalpa de Morelos,Mañana (06-11),Viernes,1,1,0,1,0.8348,0.1618,0.0034,Bajo,0,8.4
Cuajimalpa de Morelos,Noche (18-23),Viernes,1,0,0,1,0.7164,0.2565,0.0271,Bajo,0,15.5
Cuajimalpa de Morelos,Noche (18-23),Viernes,1,1,0,1,0.7379,0.2475,0.0146,Bajo,0,13.8
Cuajimalpa de Morelos,Tarde (12-17),Viernes,1,0,0,1,0.7566,0.2379,0.0055,Bajo,0,12.4
Cuajimalpa de Morelos,Tarde (12-17),Viernes,1,1,0,1,0.7189,0.2769,0.0042,Bajo,0,14.3
Cuajimalpa de Morelos,Madrugada (00-05),Domingo,2,0,1,1,0.8705,0.1246,0.0049,Bajo,0,6.7
Cuajimalpa de Morelos,Madrugada (00-05),Domingo,2,1,1,1,0.862,0.1328,0.0051,Bajo,0,7.2
Cuajimalpa de Morelos,Mañana (06-11),Domingo,2,0,1,1,0.8503,0.1462,0.0035,Bajo,0,7.7
Cuajimalpa de Morelos,Mañana (06-11),Domingo,2,1,1,1,0.849,0.1474,0.0036,Bajo,0,7.7
Cuajimalpa de Morelos,Noche (18-23),Domingo,2,0,1,1,0.7257,0.2575,0.0168,Bajo,0,14.6
Cuajimalpa de Morelos,Noche (18-23),Domingo,2,1,1,1,0.6857,0.3017,0.0126,Bajo,0,16.3
Cuajimalpa de Morelos,Tarde (12-17),Domingo,2,0,1,1,0.6412,0.3527,0.0061,Bajo,0,18.2
Cuajimalpa de Morelos,Tarde (12-17),Domingo,2,1,1,1,0.6225,0.3708,0.0067,Bajo,0,19.2
Cuajimalpa de Morelos,Madrugada (00-05),Jueves,2,0,0,1,0.9622,0.0374,0.0004,Bajo,0,1.9
Cuajimalpa de Morelos,Madrugada (00-05),Jueves,2,1,0,1,0.9623,0.0373,0.0004,Bajo,0,1.9
Cuajimalpa de Morelos,Mañana (06-11),Jueves,2,0,0,1,0.7728,0.2218,0.0054,Bajo,0,11.6
Cuajimalpa de Morelos,Mañana (06-11),Jueves,2,1,0,1,0.7733,0.2204,0.0063,Bajo,0,11.6
Cuajimalpa de Morelos,Noche (18-23),Jueves,2,0,0,1,0.7658,0.2193,0.0149,Bajo,0,12.5
Cuajimalpa de Morelos,Noche (18-23),Jueves,2,1,0,1,0.7498,0.2313,0.019,Bajo,0,13.5
Cuajimalpa de Morelos,Tarde (12-17),Jueves,2,0,0,1,0.5723,0.4196,0.008,Bajo,0,21.8
Cuajimalpa de Morelos,Tarde (12-17),Jueves,2,1,0,1,0.6191,0.3727,0.0083,Bajo,0,19.5
Cuajimalpa de Morelos,Madrugada (00-05),Lunes,2,0,0,1,0.953,0.0451,0.0019,Bajo,0,2.4
Cuajimalpa de Morelos,Madrugada (00-05),Lunes,2,1,0,1,0.9503,0.0488,0.0009,Bajo,0,2.5
Cuajimalpa de Morelos,Mañana (06-11),Lunes,2,0,0,1,0.8533,0.1268,0.0199,Bajo,0,8.3
Cuajimalpa de Morelos,Mañana (06-11),Lunes,2,1,0,1,0.8474,0.1425,0.0101,Bajo,0,8.1
Cuajimalpa de Morelos,Noche (18-23),Lunes,2,0,0,1,0.7125,0.2536,0.0338,Bajo,0,16.1
Cuajimalpa de Morelos,Noche (18-23),Lunes,2,1,0,1,0.7299,0.2549,0.0152,Bajo,0,14.3
Cuajimalpa de Morelos,Tarde (12-17),Lunes,2,0,0,1,0.6125,0.3327,0.0548,Bajo,0,22.1
Cuajimalpa de Morelos,Tarde (12-17),Lunes,2,1,0,1,0.6039,0.3707,0.0253,Bajo,0,21.1
Cuajimalpa de Morelos,Madrugada (00-05),Martes,2,0,0,1,0.974,0.0258,0.0002,Bajo,0,1.3
Cuajimalpa de Morelos,Madrugada (00-05),Martes,2,1,0,1,0.9727,0.0271,0.0003,Bajo,0,1.4
Cuajimalpa de Morelos,Mañana (06-11),Martes,2,0,0,1,0.7737,0.2205,0.0058,Bajo,0,11.6
Cuajimalpa de Morelos,Mañana (06-11),Martes,2,1,0,1,0.7608,0.2325,0.0067,Bajo,0,12.3
Cuajimalpa de Morelos,Noche (18-23),Martes,2,0,0,1,0.7758,0.211,0.0133,Bajo,0,11.9
Cuajimalpa de Morelos,Noche (18-23),Martes,2,1,0,1,0.7649,0.2234,0.0116,Bajo,0,12.3
Cuajimalpa de Morelos,Tarde (12-17),Martes,2,0,0,1,0.6189,0.3721,0.0091,Bajo,0,19.5
Cuajimalpa de Morelos,Tarde (12-17),Martes,2,1,0,1,0.5723,0.4181,0.0096,Bajo,0,21.9
Cuajimalpa de Morelos,Madrugada (00-05),Miércoles,2,0,0,1,0.9683,0.0315,0.0002,Bajo,0,1.6
Cuajimalpa de Morelos,Madrugada (00-05),Miércoles,2,1,0,1,0.9652,0.0346,0.0002,Bajo,0,1.8
Cuajimalpa de Morelos,Mañana (06-11),Miércoles,2,0,0,1,0.7689,0.2254,0.0057,Bajo,0,11.8
Cuajimalpa de Morelos,Mañana (06-11),Miércoles,2,1,0,1,0.7681,0.2262,0.0057,Bajo,0,11.9
Cuajimalpa de Morelos,Noche (18-23),Miércoles,2,0,0,1,0.6941,0.2987,0.0072,Bajo,0,15.7
Cuajimalpa de Morelos,Noche (18-23),Miércoles,2,1,0,1,0.6342,0.3594,0.0064,Bajo,0,18.6
Cuajimalpa de Morelos,Tarde (12-17),Miércoles,2,0,0,1,0.595,0.3961,0.0089,Bajo,0,20.7
Cuajimalpa de Morelos,Tarde (12-17),Miércoles,2,1,0,1,0.5947,0.3972,0.0081,Bajo,0,20.7
Cuajimalpa de Morelos,Madrugada (00-05),Sábado,2,0,1,1,0.863,0.1258,0.0112,Bajo,0,7.4
Cuajimalpa de Morelos,Madrugada (00-05),Sábado,2,1,1,1,0.8522,0.1373,0.0105,Bajo,0,7.9
Cuajimalpa de Morelos,Mañana (06-11),Sábado,2,0,1,1,0.8508,0.1334,0.0157,Bajo,0,8.2
Cuajimalpa de Morelos,Mañana (06-11),Sábado,2,1,1,1,0.8339,0.1526,0.0134,Bajo,0,9.0
Cuajimalpa de Morelos,Noche (18-23),Sábado,2,0,1,1,0.6728,0.2854,0.0418,Bajo,0,18.4
Cuajimalpa de Morelos,Noche (18-23),Sábado,2,1,1,1,0.6461,0.3309,0.0229,Bajo,0,18.8
Cuajimalpa de Morelos,Tarde (12-17),Sábado,2,0,1,1,0.6848,0.2862,0.029,Bajo,0,17.2
Cuajimalpa de Morelos,Tarde (12-17),Sábado,2,1,1,1,0.6325,0.3386,0.0289,Bajo,0,19.8
Cuajimalpa de Morelos,Madrugada (00-05),Viernes,2,0,0,1,0.9485,0.051,0.0006,Bajo,0,2.6
Cuajimalpa de Morelos,Madrugada (00-05),Viernes,2,1,0,1,0.9389,0.0606,0.0005,Bajo,0,3.1
Cuajimalpa de Morelos,Mañana (06-11),Viernes,2,0,0,1,0.8416,0.153,0.0053,Bajo,0,8.2
Cuajimalpa de Morelos,Mañana (06-11),Viernes,2,1,0,1,0.8096,0.1851,0.0053,Bajo,0,9.8
Cuajimalpa de Morelos,Noche (18-23),Viernes,2,0,0,1,0.7309,0.2322,0.037,Bajo,0,15.3
Cuajimalpa de Morelos,Noche (18-23),Viernes,2,1,0,1,0.7158,0.2619,0.0224,Bajo,0,15.3
Cuajimalpa de Morelos,Tarde (12-17),Viernes,2,0,0,1,0.713,0.2767,0.0103,Bajo,0,14.9
Cuajimalpa de Morelos,Tarde (12-17),Viernes,2,1,0,1,0.6486,0.3435,0.0079,Bajo,0,18.0
Cuajimalpa de Morelos,Madrugada (00-05),Domingo,3,0,1,1,0.8644,0.1318,0.0038,Bajo,0,7.0
Cuajimalpa de Morelos,Madrugada (00-05),Domingo,3,1,1,1,0.8535,0.1425,0.0039,Bajo,0,7.5
Cuajimalpa de Morelos,Mañana (06-11),Domingo,3,0,1,1,0.8415,0.1555,0.003,Bajo,0,8.1
Cuajimalpa de Morelos,Mañana (06-11),Domingo,3,1,1,1,0.8391,0.1579,0.003,Bajo,0,8.2
Cuajimalpa de Morelos,Noche (18-23),Domingo,3,0,1,1,0.75,0.2365,0.0135,Bajo,0,13.2
Cuajimalpa de Morelos,Noche (18-23),Domingo,3,1,1,1,0.7089,0.2805,0.0106,Bajo,0,15.1
Cuajimalpa de Morelos,Tarde (12-17),Domingo,3,0,1,1,0.682,0.3135,0.0045,Bajo,0,16.1
Cuajimalpa de Morelos,Tarde (12-17),Domingo,3,1,1,1,0.6649,0.3303,0.0047,Bajo,0,17.0
Cuajimalpa de Morelos,Madrugada (00-05),Jueves,3,0,0,1,0.9572,0.0425,0.0003,Bajo,0,2.2
Cuajimalpa de Morelos,Madrugada (00-05),Jueves,3,1,0,1,0.9554,0.0443,0.0003,Bajo,0,2.2
Cuajimalpa de Morelos,Mañana (06-11),Jueves,3,0,0,1,0.7522,0.2429,0.0049,Bajo,0,12.6
Cuajimalpa de Morelos,Mañana (06-11),Jueves,3,1,0,1,0.7478,0.2468,0.0055,Bajo,0,12.9
Cuajimalpa de Morelos,Noche (18-23),Jueves,3,0,0,1,0.7727,0.2145,0.0128,Bajo,0,12.0
Cuajimalpa de Morelos,Noche (18-23),Jueves,3,1,0,1,0.7539,0.2293,0.0168,Bajo,0,13.1
Cuajimalpa de Morelos,Tarde (12-17),Jueves,3,0,0,1,0.6012,0.3924,0.0065,Bajo,0,20.3
Cuajimalpa de Morelos,Tarde (12-17),Jueves,3,1,0,1,0.6341,0.3595,0.0064,Bajo,0,18.6
Cuajimalpa de Morelos,Madrugada (00-05),Lunes,3,0,0,1,0.9536,0.0458,0.0005,Bajo,0,2.3
Cuajimalpa de Morelos,Madrugada (00-05),Lunes,3,1,0,1,0.9486,0.051,0.0004,Bajo,0,2.6
Cuajimalpa de Morelos,Mañana (06-11),Lunes,3,0,0,1,0.8653,0.1284,0.0063,Bajo,0,7.0
Cuajimalpa de Morelos,Mañana (06-11),Lunes,3,1,0,1,0.8492,0.1457,0.0051,Bajo,0,7.8
Cuajimalpa de Morelos,Noche (18-23),Lunes,3,0,0,1,0.7827,0.2025,0.0147,Bajo,0,11.6
Cuajimalpa de Morelos,Noche (18-23),Lunes,3,1,0,1,0.7954,0.1967,0.0079,Bajo,0,10.6
Cuajimalpa de Morelos,Tarde (12-17),Lunes,3,0,0,1,0.658,0.3284,0.0136,Bajo,0,17.8
Cuajimalpa de Morelos,Tarde (12-17),Lunes,3,1,0,1,0.6381,0.3525,0.0094,Bajo,0,18.6
Cuajimalpa de Morelos,Madrugada (00-05),Martes,3,0,0,1,0.9715,0.0283,0.0002,Bajo,0,1.4
Cuajimalpa de Morelos,Madrugada (00-05),Martes,3,1,0,1,0.9673,0.0325,0.0002,Bajo,0,1.6
Cuajimalpa de Morelos,Mañana (06-11),Martes,3,0,0,1,0.7456,0.2487,0.0056,Bajo,0,13.0
Cuajimalpa de Morelos,Mañana (06-11),Martes,3,1,0,1,0.7152,0.2781,0.0067,Bajo,0,14.6
Cuajimalpa de Morelos,Noche (18-23),Martes,3,0,0,1,0.7899,0.1996,0.0105,Bajo,0,11.0
Cuajimalpa de Morelos,Noche (18-23),Martes,3,1,0,1,0.7487,0.2417,0.0097,Bajo,0,13.0
Cuajimalpa de Morelos,Tarde (12-17),Martes,3,0,0,1,0.645,0.3479,0.0071,Bajo,0,18.1
Cuajimalpa de Morelos,Tarde (12-17),Martes,3,1,0,1,0.5785,0.414,0.0075,Bajo,0,21.5
Cuajimalpa de Morelos,Madrugada (00-05),Miércoles,3,0,0,1,0.9669,0.033,0.0002,Bajo,0,1.7
Cuajimalpa de Morelos,Madrugada (00-05),Miércoles,3,1,0,1,0.9641,0.0357,0.0002,Bajo,0,1.8
Cuajimalpa de Morelos,Mañana (06-11),Miércoles,3,0,0,1,0.7743,0.2203,0.0054,Bajo,0,11.6
Cuajimalpa de Morelos,Mañana (06-11),Miércoles,3,1,0,1,0.7759,0.2188,0.0053,Bajo,0,11.5
Cuajimalpa de Morelos,Noche (18-23),Miércoles,3,0,0,1,0.733,0.2606,0.0064,Bajo,0,13.7
Cuajimalpa de Morelos,Noche (18-23),Miércoles,3,1,0,1,0.6838,0.3102,0.006,Bajo,0,16.1
Cuajimalpa de Morelos,Tarde (12-17),Miércoles,3,0,0,1,0.6751,0.3186,0.0064,Bajo,0,16.6
Cuajimalpa de Morelos,Tarde (12-17),Miércoles,3,1,0,1,0.6634,0.3306,0.0061,Bajo,0,17.1
Cuajimalpa de Morelos,Madrugada (00-05),Sábado,3,0,1,1,0.8471,0.146,0.0069,Bajo,0,8.0
Cuajimalpa de Morelos,Madrugada (00-05),Sábado,3,1,1,1,0.8343,0.1595,0.0062,Bajo,0,8.6
Cuajimalpa de Morelos,Mañana (06-11),Sábado,3,0,1,1,0.8326,0.1558,0.0116,Bajo,0,9.0
Cuajimalpa de Morelos,Mañana (06-11),Sábado,3,1,1,1,0.8089,0.1818,0.0093,Bajo,0,10.0
Cuajimalpa de Morelos,Noche (18-23),Sábado,3,0,1,1,0.7066,0.2693,0.0241,Bajo,0,15.9
Cuajimalpa de Morelos,Noche (18-23),Sábado,3,1,1,1,0.6752,0.3102,0.0147,Bajo,0,17.0
Cuajimalpa de Morelos,Tarde (12-17),Sábado,3,0,1,1,0.7247,0.2608,0.0145,Bajo,0,14.5
Cuajimalpa de Morelos,Tarde (12-17),Sábado,3,1,1,1,0.6707,0.3165,0.0128,Bajo,0,17.1
Cuajimalpa de Morelos,Madrugada (00-05),Viernes,3,0,0,1,0.9452,0.0543,0.0005,Bajo,0,2.8
Cuajimalpa de Morelos,Madrugada (00-05),Viernes,3,1,0,1,0.9328,0.0668,0.0004,Bajo,0,3.4
Cuajimalpa de Morelos,Mañana (06-11),Viernes,3,0,0,1,0.8375,0.1578,0.0047,Bajo,0,8.4
Cuajimalpa de Morelos,Mañana (06-11),Viernes,3,1,0,1,0.8007,0.1952,0.0042,Bajo,0,10.2
Cuajimalpa de Morelos,Noche (18-23),Viernes,3,0,0,1,0.7389,0.2286,0.0325,Bajo,0,14.7
Cuajimalpa de Morelos,Noche (18-23),Viernes,3,1,0,1,0.7133,0.2663,0.0204,Bajo,0,15.4
Cuajimalpa de Morelos,Tarde (12-17),Viernes,3,0,0,1,0.7321,0.26,0.0079,Bajo,0,13.8
Cuajimalpa de Morelos,Tarde (12-17),Viernes,3,1,0,1,0.6759,0.3185,0.0056,Bajo,0,16.5
Cuajimalpa de Morelos,Madrugada (00-05),Domingo,4,0,1,2,0.8158,0.1803,0.0039,Bajo,0,9.4
Cuajimalpa de Morelos,Madrugada (00-05),Domingo,4,1,1,2,0.8248,0.171,0.0042,Bajo,0,9.0
Cuajimalpa de Morelos,Mañana (06-11),Domingo,4,0,1,2,0.8099,0.1871,0.003,Bajo,0,9.7
Cuajimalpa de Morelos,Mañana (06-11),Domingo,4,1,1,2,0.8204,0.1764,0.0032,Bajo,0,9.1
Cuajimalpa de Morelos,Noche (18-23),Domingo,4,0,1,2,0.6327,0.3428,0.0245,Bajo,0,19.6
Cuajimalpa de Morelos,Noche (18-23),Domingo,4,1,1,2,0.6281,0.3487,0.0232,Bajo,0,19.8
Cuajimalpa de Morelos,Tarde (12-17),Domingo,4,0,1,2,0.6336,0.3626,0.0038,Bajo,0,18.5
Cuajimalpa de Morelos,Tarde (12-17),Domingo,4,1,1,2,0.6608,0.3348,0.0044,Bajo,0,17.2
Cuajimalpa de Morelos,Madrugada (00-05),Jueves,4,0,0,2,0.9571,0.0425,0.0003,Bajo,0,2.2
Cuajimalpa de Morelos,Madrugada (00-05),Jueves,4,1,0,2,0.9587,0.041,0.0004,Bajo,0,2.1
Cuajimalpa de Morelos,Mañana (06-11),Jueves,4,0,0,2,0.7696,0.2263,0.0041,Bajo,0,11.7
Cuajimalpa de Morelos,Mañana (06-11),Jueves,4,1,0,2,0.7681,0.2269,0.005,Bajo,0,11.8
Cuajimalpa de Morelos,Noche (18-23),Jueves,4,0,0,2,0.6434,0.3197,0.037,Bajo,0,19.7
Cuajimalpa de Morelos,Noche (18-23),Jueves,4,1,0,2,0.6143,0.3105,0.0752,Bajo,0,23.0
Cuajimalpa de Morelos,Tarde (12-17),Jueves,4,0,0,2,0.6709,0.3231,0.006,Bajo,0,16.8
Cuajimalpa de Morelos,Tarde (12-17),Jueves,4,1,0,2,0.7331,0.2607,0.0061,Bajo,0,13.7
Cuajimalpa de Morelos,Madrugada (00-05),Lunes,4,0,0,2,0.947,0.0525,0.0005,Bajo,0,2.7
Cuajimalpa de Morelos,Madrugada (00-05),Lunes,4,1,0,2,0.9434,0.0562,0.0005,Bajo,0,2.9
Cuajimalpa de Morelos,Mañana (06-11),Lunes,4,0,0,2,0.8866,0.1085,0.0049,Bajo,0,5.9
Cuajimalpa de Morelos,Mañana (06-11),Lunes,4,1,0,2,0.8721,0.123,0.0049,Bajo,0,6.6
Cuajimalpa de Morelos,Noche (18-23),Lunes,4,0,0,2,0.7437,0.2392,0.0171,Bajo,0,13.7
Cuajimalpa de Morelos,Noche (18-23),Lunes,4,1,0,2,0.7633,0.2235,0.0132,Bajo,0,12.5
Cuajimalpa de Morelos,Tarde (12-17),Lunes,4,0,0,2,0.5906,0.3973,0.0121,Bajo,0,21.1
Cuajimalpa de Morelos,Tarde (12-17),Lunes,4,1,0,2,0.5711,0.419,0.0099,Bajo,0,21.9
Cuajimalpa de Morelos,Madrugada (00-05),Martes,4,0,0,2,0.9731,0.0267,0.0002,Bajo,0,1.4
Cuajimalpa de Morelos,Madrugada (00-05),Martes,4,1,0,2,0.9711,0.0287,0.0002,Bajo,0,1.5
Cuajimalpa de Morelos,Mañana (06-11),Martes,4,0,0,2,0.7858,0.2101,0.0041,Bajo,0,10.9
Cuajimalpa de Morelos,Mañana (06-11),Martes,4,1,0,2,0.7589,0.2359,0.0052,Bajo,0,12.3
Cuajimalpa de Morelos,Noche (18-23),Martes,4,0,0,2,0.709,0.2691,0.0218,Bajo,0,15.6
Cuajimalpa de Morelos,Noche (18-23),Martes,4,1,0,2,0.6541,0.3231,0.0228,Bajo,0,18.4
Cuajimalpa de Morelos,Tarde (12-17),Martes,4,0,0,2,0.7115,0.2829,0.0056,Bajo,0,14.7
Cuajimalpa de Morelos,Tarde (12-17),Martes,4,1,0,2,0.6808,0.3128,0.0065,Bajo,0,16.3
Cuajimalpa de Morelos,Madrugada (00-05),Miércoles,4,0,0,2,0.97,0.0298,0.0002,Bajo,0,1.5
Cuajimalpa de Morelos,Madrugada (00-05),Miércoles,4,1,0,2,0.9697,0.0301,0.0002,Bajo,0,1.5
Cuajimalpa de Morelos,Mañana (06-11),Miércoles,4,0,0,2,0.8053,0.1905,0.0041,Bajo,0,9.9
Cuajimalpa de Morelos,Mañana (06-11),Miércoles,4,1,0,2,0.8114,0.1843,0.0043,Bajo,0,9.6
Cuajimalpa de Morelos,Noche (18-23),Miércoles,4,0,0,2,0.6333,0.3561,0.0106,Bajo,0,18.9
Cuajimalpa de Morelos,Noche (18-23),Miércoles,4,1,0,2,0.6089,0.3809,0.0101,Bajo,0,20.1
Cuajimalpa de Morelos,Tarde (12-17),Miércoles,4,0,0,2,0.7446,0.2503,0.0051,Bajo,0,13.0
Cuajimalpa de Morelos,Tarde (12-17),Miércoles,4,1,0,2,0.7502,0.2447,0.0051,Bajo,0,12.7
Cuajimalpa de Morelos,Madrugada (00-05),Sábado,4,0,1,2,0.7825,0.2103,0.0072,Bajo,0,11.2
Cuajimalpa de Morelos,Madrugada (00-05),Sábado,4,1,1,2,0.7966,0.1965,0.0069,Bajo,0,10.5
Cuajimalpa de Morelos,Mañana (06-11),Sábado,4,0,1,2,0.8053,0.1829,0.0118,Bajo,0,10.3
Cuajimalpa de Morelos,Mañana (06-11),Sábado,4,1,1,2,0.8027,0.187,0.0103,Bajo,0,10.4
Cuajimalpa de Morelos,Noche (18-23),Sábado,4,0,1,2,0.5773,0.3907,0.032,Bajo,0,22.7
Cuajimalpa de Morelos,Noche (18-23),Sábado,4,1,1,2,0.5935,0.3823,0.0242,Bajo,0,21.5
Cuajimalpa de Morelos,Tarde (12-17),Sábado,4,0,1,2,0.6536,0.333,0.0134,Bajo,0,18.0
Cuajimalpa de Morelos,Tarde (12-17),Sábado,4,1,1,2,0.6811,0.306,0.0129,Bajo,0,16.6
Cuajimalpa de Morelos,Madrugada (00-05),Viernes,4,0,0,2,0.9485,0.051,0.0005,Bajo,0,2.6
Cuajimalpa de Morelos,Madrugada (00-05),Viernes,4,1,0,2,0.9422,0.0573,0.0005,Bajo,0,2.9
Cuajimalpa de Morelos,Mañana (06-11),Viernes,4,0,0,2,0.8627,0.1336,0.0037,Bajo,0,7.1
Cuajimalpa de Morelos,Mañana (06-11),Viernes,4,1,0,2,0.8378,0.1585,0.0037,Bajo,0,8.3
Cuajimalpa de Morelos,Noche (18-23),Viernes,4,0,0,2,0.6041,0.2841,0.1118,Bajo,0,25.4
Cuajimalpa de Morelos,Noche (18-23),Viernes,4,1,0,2,0.6107,0.3072,0.0821,Bajo,0,23.6
Cuajimalpa de Morelos,Tarde (12-17),Viernes,4,0,0,2,0.732,0.2614,0.0066,Bajo,0,13.7
Cuajimalpa de Morelos,Tarde (12-17),Viernes,4,1,0,2,0.7153,0.2791,0.0056,Bajo,0,14.5
Cuajimalpa de Morelos,Madrugada (00-05),Domingo,5,0,1,2,0.7598,0.2356,0.0046,Bajo,0,12.2
Cuajimalpa de Morelos,Madrugada (00-05),Domingo,5,1,1,2,0.7825,0.2126,0.0049,Bajo,0,11.1
Cuajimalpa de Morelos,Mañana (06-11),Domingo,5,0,1,2,0.7621,0.2348,0.0032,Bajo,0,12.1
Cuajimalpa de Morelos,Mañana (06-11),Domingo,5,1,1,2,0.7904,0.2063,0.0033,Bajo,0,10.6
Cuajimalpa de Morelos,Noche (18-23),Domingo,5,0,1,2,0.5895,0.388,0.0225,Bajo,0,21.7
Cuajimalpa de Morelos,Noche (18-23),Domingo,5,1,1,2,0.6006,0.3792,0.0202,Bajo,0,21.0
Cuajimalpa de Morelos,Tarde (12-17),Domingo,5,0,1,2,0.5533,0.4424,0.0043,Bajo,0,22.6
Cuajimalpa de Morelos,Tarde (12-17),Domingo,5,1,1,2,0.5961,0.399,0.0049,Bajo,0,20.4
Cuajimalpa de Morelos,Madrugada (00-05),Jueves,5,0,0,2,0.9361,0.0635,0.0004,Bajo,0,3.2
Cuajimalpa de Morelos,Madrugada (00-05),Jueves,5,1,0,2,0.9457,0.054,0.0004,Bajo,0,2.7
Cuajimalpa de Morelos,Mañana (06-11),Jueves,5,0,0,2,0.7159,0.2795,0.0046,Bajo,0,14.4
Cuajimalpa de Morelos,Mañana (06-11),Jueves,5,1,0,2,0.7387,0.2558,0.0055,Bajo,0,13.3
Cuajimalpa de Morelos,Noche (18-23),Jueves,5,0,0,2,0.5783,0.3912,0.0305,Bajo,0,22.6
Cuajimalpa de Morelos,Noche (18-23),Jueves,5,1,0,2,0.5933,0.3473,0.0594,Bajo,0,23.3
Cuajimalpa de Morelos,Tarde (12-17),Jueves,5,0,0,2,0.5192,0.4747,0.0061,Bajo,0,24.3
Cuajimalpa de Morelos,Tarde (12-17),Jueves,5,1,0,2,0.6256,0.3674,0.007,Bajo,0,19.1
Cuajimalpa de Morelos,Madrugada (00-05),Lunes,5,0,0,2,0.9401,0.0594,0.0005,Bajo,0,3.0
Cuajimalpa de Morelos,Madrugada (00-05),Lunes,5,1,0,2,0.9363,0.0632,0.0005,Bajo,0,3.2
Cuajimalpa de Morelos,Mañana (06-11),Lunes,5,0,0,2,0.876,0.1183,0.0056,Bajo,0,6.5
Cuajimalpa de Morelos,Mañana (06-11),Lunes,5,1,0,2,0.8638,0.1308,0.0054,Bajo,0,7.1
Cuajimalpa de Morelos,Noche (18-23),Lunes,5,0,0,2,0.7266,0.2588,0.0146,Bajo,0,14.4
Cuajimalpa de Morelos,Noche (18-23),Lunes,5,1,0,2,0.7555,0.2341,0.0104,Bajo,0,12.7
Cuajimalpa de Morelos,Tarde (12-17),Lunes,5,0,0,2,0.5723,0.416,0.0118,Bajo,0,22.0
Cuajimalpa de Morelos,Tarde (12-17),Lunes,5,1,0,2,0.5438,0.4466,0.0097,Bajo,0,23.3
Cuajimalpa de Morelos,Madrugada (00-05),Martes,5,0,0,2,0.9631,0.0367,0.0002,Bajo,0,1.9
Cuajimalpa de Morelos,Madrugada (00-05),Martes,5,1,0,2,0.9634,0.0363,0.0002,Bajo,0,1.8
Cuajimalpa de Morelos,Mañana (06-11),Martes,5,0,0,2,0.7372,0.2581,0.0047,Bajo,0,13.4
Cuajimalpa de Morelos,Mañana (06-11),Martes,5,1,0,2,0.7289,0.2658,0.0054,Bajo,0,13.8
Cuajimalpa de Morelos,Noche (18-23),Martes,5,0,0,2,0.6664,0.3153,0.0183,Bajo,0,17.6
Cuajimalpa de Morelos,Noche (18-23),Martes,5,1,0,2,0.6629,0.3198,0.0173,Bajo,0,17.7
Cuajimalpa de Morelos,Tarde (12-17),Martes,5,0,0,2,0.6269,0.3675,0.0055,Bajo,0,18.9
Cuajimalpa de Morelos,Tarde (12-17),Martes,5,1,0,2,0.6083,0.3854,0.0063,Bajo,0,19.9
Cuajimalpa de Morelos,Madrugada (00-05),Miércoles,5,0,0,2,0.9397,0.06,0.0002,Bajo,0,3.0
Cuajimalpa de Morelos,Madrugada (00-05),Miércoles,5,1,0,2,0.9446,0.0552,0.0002,Bajo,0,2.8
Cuajimalpa de Morelos,Mañana (06-11),Miércoles,5,0,0,2,0.6707,0.3245,0.0048,Bajo,0,16.7
Cuajimalpa de Morelos,Mañana (06-11),Miércoles,5,1,0,2,0.7135,0.2816,0.0049,Bajo,0,14.6
Cuajimalpa de Morelos,Noche (18-23),Miércoles,5,0,0,2,0.5292,0.4611,0.0097,Bajo,0,24.0
Cuajimalpa de Morelos,Noche (18-23),Miércoles,5,1,0,2,0.5628,0.4285,0.0087,Bajo,0,22.3
Cuajimalpa de Morelos,Tarde (12-17),Miércoles,5,0,0,2,0.5637,0.4314,0.0049,Bajo,0,22.1
Cuajimalpa de Morelos,Tarde (12-17),Miércoles,5,1,0,2,0.5777,0.4172,0.0051,Bajo,0,21.4
Cuajimalpa de Morelos,Madrugada (00-05),Sábado,5,0,1,2,0.7195,0.2753,0.0051,Bajo,0,14.3
Cuajimalpa de Morelos,Madrugada (00-05),Sábado,5,1,1,2,0.7643,0.2307,0.005,Bajo,0,12.0
Cuajimalpa de Morelos,Mañana (06-11),Sábado,5,0,1,2,0.7631,0.2292,0.0076,Bajo,0,12.2
Cuajimalpa de Morelos,Mañana (06-11),Sábado,5,1,1,2,0.798,0.195,0.007,Bajo,0,10.4
Cuajimalpa de Morelos,Noche (18-23),Sábado,5,0,1,2,0.5188,0.4507,0.0304,Bajo,0,25.6
Cuajimalpa de Morelos,Noche (18-23),Sábado,5,1,1,2,0.5455,0.4312,0.0234,Bajo,0,23.9
Cuajimalpa de Morelos,Tarde (12-17),Sábado,5,0,1,2,0.5957,0.3941,0.0102,Bajo,0,20.7
Cuajimalpa de Morelos,Tarde (12-17),Sábado,5,1,1,2,0.6565,0.3331,0.0104,Bajo,0,17.7
Cuajimalpa de Morelos,Madrugada (00-05),Viernes,5,0,0,2,0.9216,0.0779,0.0005,Bajo,0,3.9
Cuajimalpa de Morelos,Madrugada (00-05),Viernes,5,1,0,2,0.9179,0.0816,0.0005,Bajo,0,4.1
Cuajimalpa de Morelos,Mañana (06-11),Viernes,5,0,0,2,0.7996,0.1964,0.004,Bajo,0,10.2
Cuajimalpa de Morelos,Mañana (06-11),Viernes,5,1,0,2,0.7809,0.2152,0.0039,Bajo,0,11.1
Cuajimalpa de Morelos,Noche (18-23),Viernes,5,0,0,2,0.5258,0.3871,0.0871,Bajo,0,28.1
Cuajimalpa de Morelos,Noche (18-23),Viernes,5,1,0,2,0.5927,0.3685,0.0389,Bajo,0,22.3
Cuajimalpa de Morelos,Tarde (12-17),Viernes,5,0,0,2,0.6445,0.3491,0.0063,Bajo,0,18.1
Cuajimalpa de Morelos,Tarde (12-17),Viernes,5,1,0,2,0.6496,0.3447,0.0058,Bajo,0,17.8
Cuajimalpa de Morelos,Madrugada (00-05),Domingo,6,0,1,2,0.739,0.2551,0.0059,Bajo,0,13.3
Cuajimalpa de Morelos,Madrugada (00-05),Domingo,6,1,1,2,0.7547,0.2394,0.0059,Bajo,0,12.6
Cuajimalpa de Morelos,Mañana (06-11),Domingo,6,0,1,2,0.7292,0.2673,0.0035,Bajo,0,13.7
Cuajimalpa de Morelos,Mañana (06-11),Domingo,6,1,1,2,0.7709,0.2257,0.0034,Bajo,0,11.6
Cuajimalpa de Morelos,Noche (18-23),Domingo,6,0,1,2,0.5942,0.3737,0.032,Bajo,0,21.9
Cuajimalpa de Morelos,Noche (18-23),Domingo,6,1,1,2,0.5893,0.3883,0.0224,Bajo,0,21.7
Cuajimalpa de Morelos,Tarde (12-17),Domingo,6,0,1,2,0.6561,0.34,0.0039,Bajo,0,17.4
Cuajimalpa de Morelos,Tarde (12-17),Domingo,6,1,1,2,0.6808,0.3152,0.004,Bajo,0,16.2
Cuajimalpa de Morelos,Madrugada (00-05),Jueves,6,0,0,2,0.9464,0.0533,0.0003,Bajo,0,2.7
Cuajimalpa de Morelos,Madrugada (00-05),Jueves,6,1,0,2,0.9509,0.0488,0.0003,Bajo,0,2.5
Cuajimalpa de Morelos,Mañana (06-11),Jueves,6,0,0,2,0.7368,0.2588,0.0044,Bajo,0,13.4
Cuajimalpa de Morelos,Mañana (06-11),Jueves,6,1,0,2,0.7691,0.2262,0.0047,Bajo,0,11.8
Cuajimalpa de Morelos,Noche (18-23),Jueves,6,0,0,2,0.6452,0.3278,0.027,Bajo,0,19.1
Cuajimalpa de Morelos,Noche (18-23),Jueves,6,1,0,2,0.641,0.3189,0.0401,Bajo,0,20.0
Cuajimalpa de Morelos,Tarde (12-17),Jueves,6,0,0,2,0.6582,0.3371,0.0048,Bajo,0,17.3
Cuajimalpa de Morelos,Tarde (12-17),Jueves,6,1,0,2,0.7346,0.2605,0.0048,Bajo,0,13.5
Cuajimalpa de Morelos,Madrugada (00-05),Lunes,6,0,0,2,0.9489,0.0506,0.0005,Bajo,0,2.6
Cuajimalpa de Morelos,Madrugada (00-05),Lunes,6,1,0,2,0.9426,0.057,0.0004,Bajo,0,2.9
Cuajimalpa de Morelos,Mañana (06-11),Lunes,6,0,0,2,0.8783,0.1161,0.0056,Bajo,0,6.4
Cuajimalpa de Morelos,Mañana (06-11),Lunes,6,1,0,2,0.8753,0.1201,0.0046,Bajo,0,6.5
Cuajimalpa de Morelos,Noche (18-23),Lunes,6,0,0,2,0.7511,0.2305,0.0184,Bajo,0,13.4
Cuajimalpa de Morelos,Noche (18-23),Lunes,6,1,0,2,0.7696,0.2205,0.0099,Bajo,0,12.0
Cuajimalpa de Morelos,Tarde (12-17),Lunes,6,0,0,2,0.7762,0.2173,0.0064,Bajo,0,11.5
Cuajimalpa de Morelos,Tarde (12-17),Lunes,6,1,0,2,0.755,0.2402,0.0048,Bajo,0,12.5
Cuajimalpa de Morelos,Madrugada (00-05),Martes,6,0,0,2,0.9623,0.0375,0.0002,Bajo,0,1.9
Cuajimalpa de Morelos,Madrugada (00-05),Martes,6,1,0,2,0.9608,0.039,0.0002,Bajo,0,2.0
Cuajimalpa de Morelos,Mañana (06-11),Martes,6,0,0,2,0.7127,0.2824,0.0049,Bajo,0,14.6
Cuajimalpa de Morelos,Mañana (06-11),Martes,6,1,0,2,0.7185,0.2766,0.0049,Bajo,0,14.3
Cuajimalpa de Morelos,Noche (18-23),Martes,6,0,0,2,0.671,0.3039,0.025,Bajo,0,17.7
Cuajimalpa de Morelos,Noche (18-23),Martes,6,1,0,2,0.659,0.3235,0.0175,Bajo,0,17.9
Cuajimalpa de Morelos,Tarde (12-17),Martes,6,0,0,2,0.7366,0.2593,0.0042,Bajo,0,13.4
Cuajimalpa de Morelos,Tarde (12-17),Martes,6,1,0,2,0.7328,0.2634,0.0038,Bajo,0,13.6
Cuajimalpa de Morelos,Madrugada (00-05),Miércoles,6,0,0,2,0.9465,0.0533,0.0002,Bajo,0,2.7
Cuajimalpa de Morelos,Madrugada (00-05),Miércoles,6,1,0,2,0.9461,0.0537,0.0002,Bajo,0,2.7
Cuajimalpa de Morelos,Mañana (06-11),Miércoles,6,0,0,2,0.6859,0.3094,0.0047,Bajo,0,15.9
Cuajimalpa de Morelos,Mañana (06-11),Miércoles,6,1,0,2,0.7345,0.2612,0.0043,Bajo,0,13.5
Cuajimalpa de Morelos,Noche (18-23),Miércoles,6,0,0,2,0.5217,0.4664,0.0119,Bajo,0,24.5
Cuajimalpa de Morelos,Noche (18-23),Miércoles,6,1,0,2,0.5433,0.4479,0.0087,Bajo,0,23.3
Cuajimalpa de Morelos,Tarde (12-17),Miércoles,6,0,0,2,0.74,0.2563,0.0036,Bajo,0,13.2
Cuajimalpa de Morelos,Tarde (12-17),Miércoles,6,1,0,2,0.7324,0.2644,0.0033,Bajo,0,13.5
Cuajimalpa de Morelos,Madrugada (00-05),Sábado,6,0,1,2,0.689,0.3047,0.0063,Bajo,0,15.9
Cuajimalpa de Morelos,Madrugada (00-05),Sábado,6,1,1,2,0.7167,0.2774,0.0059,Bajo,0,14.5
Cuajimalpa de Morelos,Mañana (06-11),Sábado,6,0,1,2,0.7277,0.265,0.0073,Bajo,0,14.0
Cuajimalpa de Morelos,Mañana (06-11),Sábado,6,1,1,2,0.7752,0.2184,0.0065,Bajo,0,11.6
Cuajimalpa de Morelos,Noche (18-23),Sábado,6,0,1,2,0.5308,0.4287,0.0405,Bajo,0,25.5
Cuajimalpa de Morelos,Noche (18-23),Sábado,6,1,1,2,0.5194,0.4559,0.0247,Bajo,0,25.3
Cuajimalpa de Morelos,Tarde (12-17),Sábado,6,0,1,2,0.6556,0.3355,0.009,Bajo,0,17.7
Cuajimalpa de Morelos,Tarde (12-17),Sábado,6,1,1,2,0.6913,0.3001,0.0086,Bajo,0,15.9
Cuajimalpa de Morelos,Madrugada (00-05),Viernes,6,0,0,2,0.9174,0.0821,0.0005,Bajo,0,4.2
Cuajimalpa de Morelos,Madrugada (00-05),Viernes,6,1,0,2,0.9116,0.0879,0.0005,Bajo,0,4.4
Cuajimalpa de Morelos,Mañana (06-11),Viernes,6,0,0,2,0.7798,0.2159,0.0042,Bajo,0,11.2
Cuajimalpa de Morelos,Mañana (06-11),Viernes,6,1,0,2,0.7761,0.2203,0.0036,Bajo,0,11.4
Cuajimalpa de Morelos,Noche (18-23),Viernes,6,0,0,2,0.5,0.3314,0.1686,Bajo,0,33.4
Cuajimalpa de Morelos,Noche (18-23),Viernes,6,1,0,2,0.6148,0.3454,0.0399,Bajo,0,21.3
Cuajimalpa de Morelos,Tarde (12-17),Viernes,6,0,0,2,0.7317,0.2632,0.0051,Bajo,0,13.7
Cuajimalpa de Morelos,Tarde (12-17),Viernes,6,1,0,2,0.7272,0.2688,0.0039,Bajo,0,13.8
Cuajimalpa de Morelos,Madrugada (00-05),Domingo,7,0,1,3,0.7314,0.2613,0.0073,Bajo,0,13.8
Cuajimalpa de Morelos,Madrugada (00-05),Domingo,7,1,1,3,0.7423,0.2492,0.0085,Bajo,0,13.3
Cuajimalpa de Morelos,Mañana (06-11),Domingo,7,0,1,3,0.77,0.2261,0.0039,Bajo,0,11.7
Cuajimalpa de Morelos,Mañana (06-11),Domingo,7,1,1,3,0.7942,0.2014,0.0044,Bajo,0,10.5
Cuajimalpa de Morelos,Noche (18-23),Domingo,7,0,1,3,0.5501,0.4318,0.0181,Bajo,0,23.4
Cuajimalpa de Morelos,Noche (18-23),Domingo,7,1,1,3,0.512,0.4695,0.0185,Bajo,0,25.3
Cuajimalpa de Morelos,Tarde (12-17),Domingo,7,0,1,3,0.6988,0.2963,0.005,Bajo,0,15.3
Cuajimalpa de Morelos,Tarde (12-17),Domingo,7,1,1,3,0.7042,0.2895,0.0063,Bajo,0,15.1
Cuajimalpa de Morelos,Madrugada (00-05),Jueves,7,0,0,3,0.9551,0.0445,0.0004,Bajo,0,2.3
Cuajimalpa de Morelos,Madrugada (00-05),Jueves,7,1,0,3,0.9534,0.0461,0.0005,Bajo,0,2.4
Cuajimalpa de Morelos,Mañana (06-11),Jueves,7,0,0,3,0.8178,0.1771,0.0052,Bajo,0,9.4
Cuajimalpa de Morelos,Mañana (06-11),Jueves,7,1,0,3,0.8151,0.179,0.0059,Bajo,0,9.5
Cuajimalpa de Morelos,Noche (18-23),Jueves,7,0,0,3,0.6737,0.3049,0.0214,Bajo,0,17.4
Cuajimalpa de Morelos,Noche (18-23),Jueves,7,1,0,3,0.6287,0.3327,0.0386,Bajo,0,20.5
Cuajimalpa de Morelos,Tarde (12-17),Jueves,7,0,0,3,0.701,0.2917,0.0073,Bajo,0,15.3
Cuajimalpa de Morelos,Tarde (12-17),Jueves,7,1,0,3,0.7184,0.2735,0.0081,Bajo,0,14.5
Cuajimalpa de Morelos,Madrugada (00-05),Lunes,7,0,0,3,0.9564,0.043,0.0006,Bajo,0,2.2
Cuajimalpa de Morelos,Madrugada (00-05),Lunes,7,1,0,3,0.949,0.0504,0.0006,Bajo,0,2.6
Cuajimalpa de Morelos,Mañana (06-11),Lunes,7,0,0,3,0.8855,0.1082,0.0063,Bajo,0,6.0
Cuajimalpa de Morelos,Mañana (06-11),Lunes,7,1,0,3,0.8715,0.1226,0.0059,Bajo,0,6.7
Cuajimalpa de Morelos,Noche (18-23),Lunes,7,0,0,3,0.7464,0.2415,0.012,Bajo,0,13.3
Cuajimalpa de Morelos,Noche (18-23),Lunes,7,1,0,3,0.7442,0.2465,0.0093,Bajo,0,13.3
Cuajimalpa de Morelos,Tarde (12-17),Lunes,7,0,0,3,0.7656,0.2249,0.0095,Bajo,0,12.2
Cuajimalpa de Morelos,Tarde (12-17),Lunes,7,1,0,3,0.7297,0.2616,0.0086,Bajo,0,13.9
Cuajimalpa de Morelos,Madrugada (00-05),Martes,7,0,0,3,0.9704,0.0293,0.0002,Bajo,0,1.5
Cuajimalpa de Morelos,Madrugada (00-05),Martes,7,1,0,3,0.9683,0.0314,0.0002,Bajo,0,1.6
Cuajimalpa de Morelos,Mañana (06-11),Martes,7,0,0,3,0.7983,0.1967,0.005,Bajo,0,10.3
Cuajimalpa de Morelos,Mañana (06-11),Martes,7,1,0,3,0.7895,0.2049,0.0056,Bajo,0,10.8
Cuajimalpa de Morelos,Noche (18-23),Martes,7,0,0,3,0.7144,0.2708,0.0148,Bajo,0,15.0
Cuajimalpa de Morelos,Noche (18-23),Martes,7,1,0,3,0.6843,0.3018,0.0139,Bajo,0,16.5
Cuajimalpa de Morelos,Tarde (12-17),Martes,7,0,0,3,0.7854,0.2097,0.0049,Bajo,0,11.0
Cuajimalpa de Morelos,Tarde (12-17),Martes,7,1,0,3,0.7615,0.2332,0.0053,Bajo,0,12.2
Cuajimalpa de Morelos,Madrugada (00-05),Miércoles,7,0,0,3,0.9663,0.0335,0.0002,Bajo,0,1.7
Cuajimalpa de Morelos,Madrugada (00-05),Miércoles,7,1,0,3,0.9638,0.036,0.0002,Bajo,0,1.8
Cuajimalpa de Morelos,Mañana (06-11),Miércoles,7,0,0,3,0.8837,0.1134,0.0029,Bajo,0,6.0
Cuajimalpa de Morelos,Mañana (06-11),Miércoles,7,1,0,3,0.8562,0.1399,0.0039,Bajo,0,7.4
Cuajimalpa de Morelos,Noche (18-23),Miércoles,7,0,0,3,0.5959,0.3951,0.009,Bajo,0,20.7
Cuajimalpa de Morelos,Noche (18-23),Miércoles,7,1,0,3,0.5935,0.3983,0.0082,Bajo,0,20.7
Cuajimalpa de Morelos,Tarde (12-17),Miércoles,7,0,0,3,0.8082,0.1876,0.0042,Bajo,0,9.8
Cuajimalpa de Morelos,Tarde (12-17),Miércoles,7,1,0,3,0.7861,0.2093,0.0046,Bajo,0,10.9
Cuajimalpa de Morelos,Madrugada (00-05),Sábado,7,0,1,3,0.6793,0.3141,0.0066,Bajo,0,16.4
Cuajimalpa de Morelos,Madrugada (00-05),Sábado,7,1,1,3,0.689,0.3032,0.0078,Bajo,0,15.9
Cuajimalpa de Morelos,Mañana (06-11),Sábado,7,0,1,3,0.7237,0.269,0.0073,Bajo,0,14.2
Cuajimalpa de Morelos,Mañana (06-11),Sábado,7,1,1,3,0.7704,0.2219,0.0077,Bajo,0,11.9
Cuajimalpa de Morelos,Noche (18-23),Sábado,7,0,1,3,0.4475,0.528,0.0245,Medio,1,28.9
Cuajimalpa de Morelos,Noche (18-23),Sábado,7,1,1,3,0.3855,0.5928,0.0217,Medio,1,31.8
Cuajimalpa de Morelos,Tarde (12-17),Sábado,7,0,1,3,0.7233,0.2667,0.01,Bajo,0,14.3
Cuajimalpa de Morelos,Tarde (12-17),Sábado,7,1,1,3,0.687,0.3005,0.0125,Bajo,0,16.3
Cuajimalpa de Morelos,Madrugada (00-05),Viernes,7,0,0,3,0.9352,0.0643,0.0005,Bajo,0,3.3
Cuajimalpa de Morelos,Madrugada (00-05),Viernes,7,1,0,3,0.9215,0.0779,0.0006,Bajo,0,4.0
Cuajimalpa de Morelos,Mañana (06-11),Viernes,7,0,0,3,0.819,0.1768,0.0042,Bajo,0,9.3
Cuajimalpa de Morelos,Mañana (06-11),Viernes,7,1,0,3,0.797,0.1986,0.0044,Bajo,0,10.4
Cuajimalpa de Morelos,Noche (18-23),Viernes,7,0,0,3,0.6233,0.3057,0.071,Bajo,0,22.4
Cuajimalpa de Morelos,Noche (18-23),Viernes,7,1,0,3,0.6578,0.3184,0.0238,Bajo,0,18.3
Cuajimalpa de Morelos,Tarde (12-17),Viernes,7,0,0,3,0.7846,0.2099,0.0055,Bajo,0,11.0
Cuajimalpa de Morelos,Tarde (12-17),Viernes,7,1,0,3,0.7375,0.2566,0.0059,Bajo,0,13.4
Cuajimalpa de Morelos,Madrugada (00-05),Domingo,8,0,1,3,0.7558,0.2373,0.0069,Bajo,0,12.6
Cuajimalpa de Morelos,Madrugada (00-05),Domingo,8,1,1,3,0.7502,0.2419,0.0079,Bajo,0,12.9
Cuajimalpa de Morelos,Mañana (06-11),Domingo,8,0,1,3,0.7903,0.2064,0.0033,Bajo,0,10.7
Cuajimalpa de Morelos,Mañana (06-11),Domingo,8,1,1,3,0.8081,0.1882,0.0037,Bajo,0,9.8
Cuajimalpa de Morelos,Noche (18-23),Domingo,8,0,1,3,0.5183,0.4605,0.0212,Bajo,0,25.1
Cuajimalpa de Morelos,Noche (18-23),Domingo,8,1,1,3,0.4588,0.519,0.0222,Medio,1,28.2
Cuajimalpa de Morelos,Tarde (12-17),Domingo,8,0,1,3,0.736,0.2595,0.0045,Bajo,0,13.4
Cuajimalpa de Morelos,Tarde (12-17),Domingo,8,1,1,3,0.7222,0.2722,0.0056,Bajo,0,14.2
Cuajimalpa de Morelos,Madrugada (00-05),Jueves,8,0,0,3,0.9507,0.0488,0.0004,Bajo,0,2.5
Cuajimalpa de Morelos,Madrugada (00-05),Jueves,8,1,0,3,0.9464,0.0531,0.0005,Bajo,0,2.7
Cuajimalpa de Morelos,Mañana (06-11),Jueves,8,0,0,3,0.7978,0.1966,0.0056,Bajo,0,10.4
Cuajimalpa de Morelos,Mañana (06-11),Jueves,8,1,0,3,0.7842,0.2092,0.0066,Bajo,0,11.1
Cuajimalpa de Morelos,Noche (18-23),Jueves,8,0,0,3,0.596,0.3782,0.0257,Bajo,0,21.5
Cuajimalpa de Morelos,Noche (18-23),Jueves,8,1,0,3,0.5437,0.4053,0.051,Bajo,0,25.4
Cuajimalpa de Morelos,Tarde (12-17),Jueves,8,0,0,3,0.6688,0.3228,0.0084,Bajo,0,17.0
Cuajimalpa de Morelos,Tarde (12-17),Jueves,8,1,0,3,0.6767,0.3143,0.0091,Bajo,0,16.6
Cuajimalpa de Morelos,Madrugada (00-05),Lunes,8,0,0,3,0.9537,0.0446,0.0017,Bajo,0,2.4
Cuajimalpa de Morelos,Madrugada (00-05),Lunes,8,1,0,3,0.9444,0.0538,0.0018,Bajo,0,2.9
Cuajimalpa de Morelos,Mañana (06-11),Lunes,8,0,0,3,0.8751,0.1047,0.0202,Bajo,0,7.3
Cuajimalpa de Morelos,Mañana (06-11),Lunes,8,1,0,3,0.86,0.1205,0.0196,Bajo,0,8.0
Cuajimalpa de Morelos,Noche (18-23),Lunes,8,0,0,3,0.7367,0.2492,0.0141,Bajo,0,13.9
Cuajimalpa de Morelos,Noche (18-23),Lunes,8,1,0,3,0.7134,0.2734,0.0132,Bajo,0,15.0
Cuajimalpa de Morelos,Tarde (12-17),Lunes,8,0,0,3,0.711,0.2168,0.0722,Bajo,0,18.1
Cuajimalpa de Morelos,Tarde (12-17),Lunes,8,1,0,3,0.6781,0.2496,0.0724,Bajo,0,19.7
Cuajimalpa de Morelos,Madrugada (00-05),Martes,8,0,0,3,0.9678,0.032,0.0002,Bajo,0,1.6
Cuajimalpa de Morelos,Madrugada (00-05),Martes,8,1,0,3,0.9675,0.0322,0.0002,Bajo,0,1.6
Cuajimalpa de Morelos,Mañana (06-11),Martes,8,0,0,3,0.7874,0.2068,0.0057,Bajo,0,10.9
Cuajimalpa de Morelos,Mañana (06-11),Martes,8,1,0,3,0.7915,0.2023,0.0062,Bajo,0,10.7
Cuajimalpa de Morelos,Noche (18-23),Martes,8,0,0,3,0.6303,0.3503,0.0194,Bajo,0,19.5
Cuajimalpa de Morelos,Noche (18-23),Martes,8,1,0,3,0.632,0.35,0.018,Bajo,0,19.3
Cuajimalpa de Morelos,Tarde (12-17),Martes,8,0,0,3,0.7767,0.2178,0.0055,Bajo,0,11.4
Cuajimalpa de Morelos,Tarde (12-17),Martes,8,1,0,3,0.7574,0.2365,0.0061,Bajo,0,12.4
Cuajimalpa de Morelos,Madrugada (00-05),Miércoles,8,0,0,3,0.9641,0.0357,0.0002,Bajo,0,1.8
Cuajimalpa de Morelos,Madrugada (00-05),Miércoles,8,1,0,3,0.9618,0.038,0.0002,Bajo,0,1.9
Cuajimalpa de Morelos,Mañana (06-11),Miércoles,8,0,0,3,0.8566,0.1393,0.0041,Bajo,0,7.4
Cuajimalpa de Morelos,Mañana (06-11),Miércoles,8,1,0,3,0.8519,0.1436,0.0045,Bajo,0,7.6
Cuajimalpa de Morelos,Noche (18-23),Miércoles,8,0,0,3,0.5314,0.459,0.0096,Bajo,0,23.9
Cuajimalpa de Morelos,Noche (18-23),Miércoles,8,1,0,3,0.5298,0.4609,0.0093,Bajo,0,24.0
Cuajimalpa de Morelos,Tarde (12-17),Miércoles,8,0,0,3,0.8075,0.1879,0.0046,Bajo,0,9.9
Cuajimalpa de Morelos,Tarde (12-17),Miércoles,8,1,0,3,0.7801,0.2147,0.0052,Bajo,0,11.3
Cuajimalpa de Morelos,Madrugada (00-05),Sábado,8,0,1,3,0.7212,0.2719,0.0069,Bajo,0,14.3
Cuajimalpa de Morelos,Madrugada (00-05),Sábado,8,1,1,3,0.7004,0.2915,0.0081,Bajo,0,15.4
Cuajimalpa de Morelos,Mañana (06-11),Sábado,8,0,1,3,0.7526,0.2408,0.0065,Bajo,0,12.7
Cuajimalpa de Morelos,Mañana (06-11),Sábado,8,1,1,3,0.7829,0.2107,0.0064,Bajo,0,11.2
Cuajimalpa de Morelos,Noche (18-23),Sábado,8,0,1,3,0.4751,0.4986,0.0264,Medio,1,27.6
Cuajimalpa de Morelos,Noche (18-23),Sábado,8,1,1,3,0.3776,0.5982,0.0242,Medio,1,32.3
Cuajimalpa de Morelos,Tarde (12-17),Sábado,8,0,1,3,0.7674,0.2238,0.0088,Bajo,0,12.1
Cuajimalpa de Morelos,Tarde (12-17),Sábado,8,1,1,3,0.7059,0.2829,0.0112,Bajo,0,15.3
Cuajimalpa de Morelos,Madrugada (00-05),Viernes,8,0,0,3,0.9253,0.0741,0.0006,Bajo,0,3.8
Cuajimalpa de Morelos,Madrugada (00-05),Viernes,8,1,0,3,0.9132,0.0862,0.0006,Bajo,0,4.4
Cuajimalpa de Morelos,Mañana (06-11),Viernes,8,0,0,3,0.7946,0.2009,0.0046,Bajo,0,10.5
Cuajimalpa de Morelos,Mañana (06-11),Viernes,8,1,0,3,0.7773,0.2181,0.0046,Bajo,0,11.4
Cuajimalpa de Morelos,Noche (18-23),Viernes,8,0,0,3,0.3762,0.5281,0.0956,Medio,1,36.0
Cuajimalpa de Morelos,Noche (18-23),Viernes,8,1,0,3,0.4011,0.5629,0.036,Medio,1,31.7
Cuajimalpa de Morelos,Tarde (12-17),Viernes,8,0,0,3,0.7879,0.2063,0.0059,Bajo,0,10.9
Cuajimalpa de Morelos,Tarde (12-17),Viernes,8,1,0,3,0.7495,0.2444,0.0062,Bajo,0,12.8
Cuajimalpa de Morelos,Madrugada (00-05),Domingo,9,0,1,3,0.8081,0.1861,0.0059,Bajo,0,9.9
Cuajimalpa de Morelos,Madrugada (00-05),Domingo,9,1,1,3,0.789,0.2039,0.0071,Bajo,0,10.9
Cuajimalpa de Morelos,Mañana (06-11),Domingo,9,0,1,3,0.8366,0.1606,0.0028,Bajo,0,8.3
Cuajimalpa de Morelos,Mañana (06-11),Domingo,9,1,1,3,0.8587,0.1384,0.0029,Bajo,0,7.2
Cuajimalpa de Morelos,Noche (18-23),Domingo,9,0,1,3,0.5969,0.3712,0.032,Bajo,0,21.8
Cuajimalpa de Morelos,Noche (18-23),Domingo,9,1,1,3,0.5146,0.4345,0.0509,Bajo,0,26.8
Cuajimalpa de Morelos,Tarde (12-17),Domingo,9,0,1,3,0.8027,0.1935,0.0038,Bajo,0,10.1
Cuajimalpa de Morelos,Tarde (12-17),Domingo,9,1,1,3,0.7651,0.2299,0.005,Bajo,0,12.0
Cuajimalpa de Morelos,Madrugada (00-05),Jueves,9,0,0,3,0.9558,0.0437,0.0005,Bajo,0,2.2
Cuajimalpa de Morelos,Madrugada (00-05),Jueves,9,1,0,3,0.9522,0.0473,0.0005,Bajo,0,2.4
Cuajimalpa de Morelos,Mañana (06-11),Jueves,9,0,0,3,0.7744,0.2178,0.0079,Bajo,0,11.7
Cuajimalpa de Morelos,Mañana (06-11),Jueves,9,1,0,3,0.7903,0.2024,0.0072,Bajo,0,10.8
Cuajimalpa de Morelos,Noche (18-23),Jueves,9,0,0,3,0.631,0.3328,0.0362,Bajo,0,20.3
Cuajimalpa de Morelos,Noche (18-23),Jueves,9,1,0,3,0.5704,0.3431,0.0866,Bajo,0,25.8
Cuajimalpa de Morelos,Tarde (12-17),Jueves,9,0,0,3,0.765,0.2272,0.0079,Bajo,0,12.1
Cuajimalpa de Morelos,Tarde (12-17),Jueves,9,1,0,3,0.7605,0.2307,0.0088,Bajo,0,12.4
Cuajimalpa de Morelos,Madrugada (00-05),Lunes,9,0,0,3,0.9484,0.0501,0.0014,Bajo,0,2.7
Cuajimalpa de Morelos,Madrugada (00-05),Lunes,9,1,0,3,0.9409,0.0575,0.0016,Bajo,0,3.0
Cuajimalpa de Morelos,Mañana (06-11),Lunes,9,0,0,3,0.8063,0.149,0.0447,Bajo,0,11.9
Cuajimalpa de Morelos,Mañana (06-11),Lunes,9,1,0,3,0.821,0.1405,0.0385,Bajo,0,10.9
Cuajimalpa de Morelos,Noche (18-23),Lunes,9,0,0,3,0.7614,0.2179,0.0207,Bajo,0,13.0
Cuajimalpa de Morelos,Noche (18-23),Lunes,9,1,0,3,0.7407,0.2316,0.0277,Bajo,0,14.3
Cuajimalpa de Morelos,Tarde (12-17),Lunes,9,0,0,3,0.7198,0.2564,0.0238,Bajo,0,15.2
Cuajimalpa de Morelos,Tarde (12-17),Lunes,9,1,0,3,0.6752,0.2989,0.0258,Bajo,0,17.5
Cuajimalpa de Morelos,Madrugada (00-05),Martes,9,0,0,3,0.9639,0.0358,0.0003,Bajo,0,1.8
Cuajimalpa de Morelos,Madrugada (00-05),Martes,9,1,0,3,0.9667,0.033,0.0003,Bajo,0,1.7
Cuajimalpa de Morelos,Mañana (06-11),Martes,9,0,0,3,0.7218,0.2684,0.0098,Bajo,0,14.4
Cuajimalpa de Morelos,Mañana (06-11),Martes,9,1,0,3,0.7787,0.2134,0.0079,Bajo,0,11.5
Cuajimalpa de Morelos,Noche (18-23),Martes,9,0,0,3,0.6164,0.3517,0.0319,Bajo,0,20.8
Cuajimalpa de Morelos,Noche (18-23),Martes,9,1,0,3,0.6342,0.3285,0.0373,Bajo,0,20.2
Cuajimalpa de Morelos,Tarde (12-17),Martes,9,0,0,3,0.7645,0.2291,0.0065,Bajo,0,12.1
Cuajimalpa de Morelos,Tarde (12-17),Martes,9,1,0,3,0.7693,0.2244,0.0063,Bajo,0,11.8
Cuajimalpa de Morelos,Madrugada (00-05),Miércoles,9,0,0,3,0.9675,0.0323,0.0002,Bajo,0,1.6
Cuajimalpa de Morelos,Madrugada (00-05),Miércoles,9,1,0,3,0.9653,0.0345,0.0002,Bajo,0,1.7
Cuajimalpa de Morelos,Mañana (06-11),Miércoles,9,0,0,3,0.8493,0.1449,0.0058,Bajo,0,7.8
Cuajimalpa de Morelos,Mañana (06-11),Miércoles,9,1,0,3,0.8617,0.1331,0.0052,Bajo,0,7.2
Cuajimalpa de Morelos,Noche (18-23),Miércoles,9,0,0,3,0.5902,0.397,0.0127,Bajo,0,21.1
Cuajimalpa de Morelos,Noche (18-23),Miércoles,9,1,0,3,0.5899,0.3947,0.0154,Bajo,0,21.3
Cuajimalpa de Morelos,Tarde (12-17),Miércoles,9,0,0,3,0.8134,0.1819,0.0047,Bajo,0,9.6
Cuajimalpa de Morelos,Tarde (12-17),Miércoles,9,1,0,3,0.7733,0.2213,0.0053,Bajo,0,11.6
Cuajimalpa de Morelos,Madrugada (00-05),Sábado,9,0,1,3,0.7425,0.2513,0.0062,Bajo,0,13.2
Cuajimalpa de Morelos,Madrugada (00-05),Sábado,9,1,1,3,0.6997,0.2924,0.0079,Bajo,0,15.4
Cuajimalpa de Morelos,Mañana (06-11),Sábado,9,0,1,3,0.7475,0.2459,0.0066,Bajo,0,13.0
Cuajimalpa de Morelos,Mañana (06-11),Sábado,9,1,1,3,0.7845,0.2091,0.0064,Bajo,0,11.1
Cuajimalpa de Morelos,Noche (18-23),Sábado,9,0,1,3,0.5908,0.369,0.0401,Bajo,0,22.5
Cuajimalpa de Morelos,Noche (18-23),Sábado,9,1,1,3,0.4224,0.4909,0.0868,Medio,1,33.2
Cuajimalpa de Morelos,Tarde (12-17),Sábado,9,0,1,3,0.7812,0.2108,0.008,Bajo,0,11.3
Cuajimalpa de Morelos,Tarde (12-17),Sábado,9,1,1,3,0.6902,0.2989,0.0109,Bajo,0,16.0
Cuajimalpa de Morelos,Madrugada (00-05),Viernes,9,0,0,3,0.9355,0.064,0.0006,Bajo,0,3.3
Cuajimalpa de Morelos,Madrugada (00-05),Viernes,9,1,0,3,0.8914,0.1078,0.0008,Bajo,0,5.5
Cuajimalpa de Morelos,Mañana (06-11),Viernes,9,0,0,3,0.7824,0.2116,0.006,Bajo,0,11.2
Cuajimalpa de Morelos,Mañana (06-11),Viernes,9,1,0,3,0.712,0.2817,0.0063,Bajo,0,14.7
Cuajimalpa de Morelos,Noche (18-23),Viernes,9,0,0,3,0.5003,0.4527,0.047,Bajo,0,27.3
Cuajimalpa de Morelos,Noche (18-23),Viernes,9,1,0,3,0.3682,0.583,0.0488,Medio,1,34.0
Cuajimalpa de Morelos,Tarde (12-17),Viernes,9,0,0,3,0.7384,0.2541,0.0075,Bajo,0,13.5
Cuajimalpa de Morelos,Tarde (12-17),Viernes,9,1,0,3,0.6189,0.3714,0.0098,Bajo,0,19.5
Cuajimalpa de Morelos,Madrugada (00-05),Domingo,10,0,1,4,0.7332,0.2606,0.0062,Bajo,0,13.6
Cuajimalpa de Morelos,Madrugada (00-05),Domingo,10,1,1,4,0.7045,0.2877,0.0079,Bajo,0,15.2
Cuajimalpa de Morelos,Mañana (06-11),Domingo,10,0,1,4,0.7632,0.2338,0.003,Bajo,0,12.0
Cuajimalpa de Morelos,Mañana (06-11),Domingo,10,1,1,4,0.8214,0.1755,0.0031,Bajo,0,9.1
Cuajimalpa de Morelos,Noche (18-23),Domingo,10,0,1,4,0.4851,0.5,0.0149,Medio,1,26.5
Cuajimalpa de Morelos,Noche (18-23),Domingo,10,1,1,4,0.4166,0.5637,0.0196,Medio,1,30.2
Cuajimalpa de Morelos,Tarde (12-17),Domingo,10,0,1,4,0.6985,0.2969,0.0046,Bajo,0,15.3
Cuajimalpa de Morelos,Tarde (12-17),Domingo,10,1,1,4,0.6466,0.3474,0.006,Bajo,0,18.0
Cuajimalpa de Morelos,Madrugada (00-05),Jueves,10,0,0,4,0.9399,0.0596,0.0005,Bajo,0,3.0
Cuajimalpa de Morelos,Madrugada (00-05),Jueves,10,1,0,4,0.9353,0.0642,0.0005,Bajo,0,3.3
Cuajimalpa de Morelos,Mañana (06-11),Jueves,10,0,0,4,0.6433,0.3489,0.0078,Bajo,0,18.2
Cuajimalpa de Morelos,Mañana (06-11),Jueves,10,1,0,4,0.6664,0.3257,0.0079,Bajo,0,17.1
Cuajimalpa de Morelos,Noche (18-23),Jueves,10,0,0,4,0.5905,0.3944,0.015,Bajo,0,21.2
Cuajimalpa de Morelos,Noche (18-23),Jueves,10,1,0,4,0.5684,0.4024,0.0292,Bajo,0,23.0
Cuajimalpa de Morelos,Tarde (12-17),Jueves,10,0,0,4,0.69,0.3012,0.0087,Bajo,0,15.9
Cuajimalpa de Morelos,Tarde (12-17),Jueves,10,1,0,4,0.6815,0.3086,0.0098,Bajo,0,16.4
Cuajimalpa de Morelos,Madrugada (00-05),Lunes,10,0,0,4,0.9355,0.063,0.0015,Bajo,0,3.3
Cuajimalpa de Morelos,Madrugada (00-05),Lunes,10,1,0,4,0.9253,0.0733,0.0014,Bajo,0,3.8
Cuajimalpa de Morelos,Mañana (06-11),Lunes,10,0,0,4,0.7432,0.2129,0.044,Bajo,0,15.0
Cuajimalpa de Morelos,Mañana (06-11),Lunes,10,1,0,4,0.7787,0.1892,0.0321,Bajo,0,12.7
Cuajimalpa de Morelos,Noche (18-23),Lunes,10,0,0,4,0.7229,0.264,0.0131,Bajo,0,14.5
Cuajimalpa de Morelos,Noche (18-23),Lunes,10,1,0,4,0.7075,0.2801,0.0124,Bajo,0,15.2
Cuajimalpa de Morelos,Tarde (12-17),Lunes,10,0,0,4,0.6604,0.314,0.0256,Bajo,0,18.3
Cuajimalpa de Morelos,Tarde (12-17),Lunes,10,1,0,4,0.613,0.3657,0.0213,Bajo,0,20.4
Cuajimalpa de Morelos,Madrugada (00-05),Martes,10,0,0,4,0.9492,0.0505,0.0003,Bajo,0,2.6
Cuajimalpa de Morelos,Madrugada (00-05),Martes,10,1,0,4,0.9571,0.0426,0.0003,Bajo,0,2.2
Cuajimalpa de Morelos,Mañana (06-11),Martes,10,0,0,4,0.5923,0.3975,0.0102,Bajo,0,20.9
Cuajimalpa de Morelos,Mañana (06-11),Martes,10,1,0,4,0.7075,0.2833,0.0092,Bajo,0,15.1
Cuajimalpa de Morelos,Noche (18-23),Martes,10,0,0,4,0.5576,0.4278,0.0146,Bajo,0,22.9
Cuajimalpa de Morelos,Noche (18-23),Martes,10,1,0,4,0.6035,0.3819,0.0146,Bajo,0,20.6
Cuajimalpa de Morelos,Tarde (12-17),Martes,10,0,0,4,0.6392,0.353,0.0078,Bajo,0,18.4
Cuajimalpa de Morelos,Tarde (12-17),Martes,10,1,0,4,0.6796,0.3132,0.0073,Bajo,0,16.4
Cuajimalpa de Morelos,Madrugada (00-05),Miércoles,10,0,0,4,0.9557,0.0441,0.0002,Bajo,0,2.2
Cuajimalpa de Morelos,Madrugada (00-05),Miércoles,10,1,0,4,0.9522,0.0475,0.0003,Bajo,0,2.4
Cuajimalpa de Morelos,Mañana (06-11),Miércoles,10,0,0,4,0.802,0.1931,0.0049,Bajo,0,10.1
Cuajimalpa de Morelos,Mañana (06-11),Miércoles,10,1,0,4,0.8255,0.169,0.0055,Bajo,0,9.0
Cuajimalpa de Morelos,Noche (18-23),Miércoles,10,0,0,4,0.5098,0.481,0.0092,Bajo,0,25.0
Cuajimalpa de Morelos,Noche (18-23),Miércoles,10,1,0,4,0.5146,0.4759,0.0094,Bajo,0,24.7
Cuajimalpa de Morelos,Tarde (12-17),Miércoles,10,0,0,4,0.7478,0.2469,0.0054,Bajo,0,12.9
Cuajimalpa de Morelos,Tarde (12-17),Miércoles,10,1,0,4,0.6889,0.3051,0.006,Bajo,0,15.9
Cuajimalpa de Morelos,Madrugada (00-05),Sábado,10,0,1,4,0.6926,0.3007,0.0066,Bajo,0,15.7
Cuajimalpa de Morelos,Madrugada (00-05),Sábado,10,1,1,4,0.6293,0.3616,0.0091,Bajo,0,19.0
Cuajimalpa de Morelos,Mañana (06-11),Sábado,10,0,1,4,0.6854,0.3076,0.007,Bajo,0,16.1
Cuajimalpa de Morelos,Mañana (06-11),Sábado,10,1,1,4,0.7717,0.2214,0.0069,Bajo,0,11.8
Cuajimalpa de Morelos,Noche (18-23),Sábado,10,0,1,4,0.5361,0.4296,0.0344,Bajo,0,24.9
Cuajimalpa de Morelos,Noche (18-23),Sábado,10,1,1,4,0.3808,0.5573,0.0619,Medio,1,34.1
Cuajimalpa de Morelos,Tarde (12-17),Sábado,10,0,1,4,0.7088,0.2807,0.0105,Bajo,0,15.1
Cuajimalpa de Morelos,Tarde (12-17),Sábado,10,1,1,4,0.577,0.4081,0.0149,Bajo,0,21.9
Cuajimalpa de Morelos,Madrugada (00-05),Viernes,10,0,0,4,0.9199,0.0796,0.0006,Bajo,0,4.0
Cuajimalpa de Morelos,Madrugada (00-05),Viernes,10,1,0,4,0.8647,0.1345,0.0008,Bajo,0,6.8
Cuajimalpa de Morelos,Mañana (06-11),Viernes,10,0,0,4,0.7194,0.2749,0.0057,Bajo,0,14.3
Cuajimalpa de Morelos,Mañana (06-11),Viernes,10,1,0,4,0.6499,0.3438,0.0064,Bajo,0,17.8
Cuajimalpa de Morelos,Noche (18-23),Viernes,10,0,0,4,0.4632,0.5005,0.0363,Medio,1,28.7
Cuajimalpa de Morelos,Noche (18-23),Viernes,10,1,0,4,0.332,0.6356,0.0324,Medio,1,35.0
Cuajimalpa de Morelos,Tarde (12-17),Viernes,10,0,0,4,0.6549,0.3365,0.0086,Bajo,0,17.7
Cuajimalpa de Morelos,Tarde (12-17),Viernes,10,1,0,4,0.5194,0.4702,0.0104,Bajo,0,24.5
Cuajimalpa de Morelos,Madrugada (00-05),Domingo,11,0,1,4,0.7877,0.2079,0.0043,Bajo,0,10.8
Cuajimalpa de Morelos,Madrugada (00-05),Domingo,11,1,1,4,0.7532,0.2409,0.0059,Bajo,0,12.6
Cuajimalpa de Morelos,Mañana (06-11),Domingo,11,0,1,4,0.6919,0.3046,0.0035,Bajo,0,15.6
Cuajimalpa de Morelos,Mañana (06-11),Domingo,11,1,1,4,0.7901,0.2059,0.0039,Bajo,0,10.7
Cuajimalpa de Morelos,Noche (18-23),Domingo,11,0,1,4,0.5443,0.4451,0.0106,Bajo,0,23.3
Cuajimalpa de Morelos,Noche (18-23),Domingo,11,1,1,4,0.4536,0.5297,0.0166,Medio,1,28.1
Cuajimalpa de Morelos,Tarde (12-17),Domingo,11,0,1,4,0.7139,0.2812,0.0049,Bajo,0,14.6
Cuajimalpa de Morelos,Tarde (12-17),Domingo,11,1,1,4,0.6321,0.3613,0.0066,Bajo,0,18.7
Cuajimalpa de Morelos,Madrugada (00-05),Jueves,11,0,0,4,0.9217,0.0778,0.0005,Bajo,0,3.9
Cuajimalpa de Morelos,Madrugada (00-05),Jueves,11,1,0,4,0.9209,0.0785,0.0006,Bajo,0,4.0
Cuajimalpa de Morelos,Mañana (06-11),Jueves,11,0,0,4,0.5047,0.4868,0.0084,Bajo,0,25.2
Cuajimalpa de Morelos,Mañana (06-11),Jueves,11,1,0,4,0.5547,0.4361,0.0092,Bajo,0,22.7
Cuajimalpa de Morelos,Noche (18-23),Jueves,11,0,0,4,0.5813,0.4074,0.0113,Bajo,0,21.5
Cuajimalpa de Morelos,Noche (18-23),Jueves,11,1,0,4,0.5539,0.4196,0.0265,Bajo,0,23.6
Cuajimalpa de Morelos,Tarde (12-17),Jueves,11,0,0,4,0.5004,0.4898,0.0097,Bajo,0,25.5
Cuajimalpa de Morelos,Tarde (12-17),Jueves,11,1,0,4,0.5006,0.4875,0.0118,Bajo,0,25.6
Cuajimalpa de Morelos,Madrugada (00-05),Lunes,11,0,0,4,0.9491,0.0496,0.0013,Bajo,0,2.6
Cuajimalpa de Morelos,Madrugada (00-05),Lunes,11,1,0,4,0.9333,0.0654,0.0013,Bajo,0,3.4
Cuajimalpa de Morelos,Mañana (06-11),Lunes,11,0,0,4,0.6558,0.2811,0.0631,Bajo,0,20.4
Cuajimalpa de Morelos,Mañana (06-11),Lunes,11,1,0,4,0.6798,0.2772,0.043,Bajo,0,18.2
Cuajimalpa de Morelos,Noche (18-23),Lunes,11,0,0,4,0.8312,0.1609,0.0079,Bajo,0,8.8
Cuajimalpa de Morelos,Noche (18-23),Lunes,11,1,0,4,0.8112,0.1795,0.0093,Bajo,0,9.9
Cuajimalpa de Morelos,Tarde (12-17),Lunes,11,0,0,4,0.5564,0.4175,0.0261,Bajo,0,23.5
Cuajimalpa de Morelos,Tarde (12-17),Lunes,11,1,0,4,0.457,0.5221,0.0209,Medio,1,28.2
Cuajimalpa de Morelos,Madrugada (00-05),Martes,11,0,0,4,0.9455,0.0542,0.0003,Bajo,0,2.7
Cuajimalpa de Morelos,Madrugada (00-05),Martes,11,1,0,4,0.96,0.0397,0.0003,Bajo,0,2.0
Cuajimalpa de Morelos,Mañana (06-11),Martes,11,0,0,4,0.4883,0.4999,0.0119,Medio,1,26.2
Cuajimalpa de Morelos,Mañana (06-11),Martes,11,1,0,4,0.6564,0.3317,0.0119,Bajo,0,17.8
Cuajimalpa de Morelos,Noche (18-23),Martes,11,0,0,4,0.5745,0.4139,0.0117,Bajo,0,21.9
Cuajimalpa de Morelos,Noche (18-23),Martes,11,1,0,4,0.6378,0.3487,0.0135,Bajo,0,18.8
Cuajimalpa de Morelos,Tarde (12-17),Martes,11,0,0,4,0.5335,0.457,0.0095,Bajo,0,23.8
Cuajimalpa de Morelos,Tarde (12-17),Martes,11,1,0,4,0.6029,0.3873,0.0098,Bajo,0,20.3
Cuajimalpa de Morelos,Madrugada (00-05),Miércoles,11,0,0,4,0.9515,0.0483,0.0002,Bajo,0,2.4
Cuajimalpa de Morelos,Madrugada (00-05),Miércoles,11,1,0,4,0.9515,0.0482,0.0002,Bajo,0,2.4
Cuajimalpa de Morelos,Mañana (06-11),Miércoles,11,0,0,4,0.7215,0.273,0.0056,Bajo,0,14.2
Cuajimalpa de Morelos,Mañana (06-11),Miércoles,11,1,0,4,0.7742,0.219,0.0069,Bajo,0,11.6
Cuajimalpa de Morelos,Noche (18-23),Miércoles,11,0,0,4,0.5593,0.4341,0.0066,Bajo,0,22.4
Cuajimalpa de Morelos,Noche (18-23),Miércoles,11,1,0,4,0.5595,0.4322,0.0083,Bajo,0,22.4
Cuajimalpa de Morelos,Tarde (12-17),Miércoles,11,0,0,4,0.6322,0.3624,0.0054,Bajo,0,18.7
Cuajimalpa de Morelos,Tarde (12-17),Miércoles,11,1,0,4,0.5921,0.4015,0.0064,Bajo,0,20.7
Cuajimalpa de Morelos,Madrugada (00-05),Sábado,11,0,1,4,0.7577,0.231,0.0113,Bajo,0,12.7
Cuajimalpa de Morelos,Madrugada (00-05),Sábado,11,1,1,4,0.6711,0.3079,0.021,Bajo,0,17.5
Cuajimalpa de Morelos,Mañana (06-11),Sábado,11,0,1,4,0.6313,0.3534,0.0153,Bajo,0,19.2
Cuajimalpa de Morelos,Mañana (06-11),Sábado,11,1,1,4,0.7344,0.2448,0.0208,Bajo,0,14.3
Cuajimalpa de Morelos,Noche (18-23),Sábado,11,0,1,4,0.609,0.3643,0.0266,Bajo,0,20.9
Cuajimalpa de Morelos,Noche (18-23),Sábado,11,1,1,4,0.4189,0.5132,0.0679,Medio,1,32.5
Cuajimalpa de Morelos,Tarde (12-17),Sábado,11,0,1,4,0.7364,0.2379,0.0257,Bajo,0,14.5
Cuajimalpa de Morelos,Tarde (12-17),Sábado,11,1,1,4,0.5609,0.3897,0.0493,Bajo,0,24.4
Cuajimalpa de Morelos,Madrugada (00-05),Viernes,11,0,0,4,0.9111,0.0883,0.0005,Bajo,0,4.5
Cuajimalpa de Morelos,Madrugada (00-05),Viernes,11,1,0,4,0.9032,0.0962,0.0006,Bajo,0,4.9
Cuajimalpa de Morelos,Mañana (06-11),Viernes,11,0,0,4,0.5375,0.4551,0.0075,Bajo,0,23.5
Cuajimalpa de Morelos,Mañana (06-11),Viernes,11,1,0,4,0.5977,0.395,0.0073,Bajo,0,20.5
Cuajimalpa de Morelos,Noche (18-23),Viernes,11,0,0,4,0.4811,0.4971,0.0217,Medio,1,27.0
Cuajimalpa de Morelos,Noche (18-23),Viernes,11,1,0,4,0.4813,0.4994,0.0193,Medio,1,26.9
Cuajimalpa de Morelos,Tarde (12-17),Viernes,11,0,0,4,0.5579,0.4333,0.0088,Bajo,0,22.5
Cuajimalpa de Morelos,Tarde (12-17),Viernes,11,1,0,4,0.5309,0.4591,0.0101,Bajo,0,24.0
Cuajimalpa de Morelos,Madrugada (00-05),Domingo,12,0,1,4,0.7961,0.2002,0.0037,Bajo,0,10.4
Cuajimalpa de Morelos,Madrugada (00-05),Domingo,12,1,1,4,0.7663,0.2291,0.0046,Bajo,0,11.9
Cuajimalpa de Morelos,Mañana (06-11),Domingo,12,0,1,4,0.7114,0.2851,0.0035,Bajo,0,14.6
Cuajimalpa de Morelos,Mañana (06-11),Domingo,12,1,1,4,0.8693,0.1285,0.0022,Bajo,0,6.6
Cuajimalpa de Morelos,Noche (18-23),Domingo,12,0,1,4,0.6332,0.3568,0.0101,Bajo,0,18.8
Cuajimalpa de Morelos,Noche (18-23),Domingo,12,1,1,4,0.5605,0.4239,0.0156,Bajo,0,22.8
Cuajimalpa de Morelos,Tarde (12-17),Domingo,12,0,1,4,0.7069,0.2869,0.0062,Bajo,0,15.0
Cuajimalpa de Morelos,Tarde (12-17),Domingo,12,1,1,4,0.637,0.356,0.007,Bajo,0,18.5
Cuajimalpa de Morelos,Madrugada (00-05),Jueves,12,0,0,4,0.9261,0.0734,0.0005,Bajo,0,3.7
Cuajimalpa de Morelos,Madrugada (00-05),Jueves,12,1,0,4,0.9476,0.0519,0.0005,Bajo,0,2.6
Cuajimalpa de Morelos,Mañana (06-11),Jueves,12,0,0,4,0.623,0.3681,0.0089,Bajo,0,19.3
Cuajimalpa de Morelos,Mañana (06-11),Jueves,12,1,0,4,0.7687,0.2256,0.0057,Bajo,0,11.8
Cuajimalpa de Morelos,Noche (18-23),Jueves,12,0,0,4,0.6726,0.3161,0.0113,Bajo,0,16.9
Cuajimalpa de Morelos,Noche (18-23),Jueves,12,1,0,4,0.7191,0.256,0.0249,Bajo,0,15.3
Cuajimalpa de Morelos,Tarde (12-17),Jueves,12,0,0,4,0.5492,0.4402,0.0106,Bajo,0,23.1
Cuajimalpa de Morelos,Tarde (12-17),Jueves,12,1,0,4,0.6694,0.3197,0.0108,Bajo,0,17.1
Cuajimalpa de Morelos,Madrugada (00-05),Lunes,12,0,0,4,0.9272,0.0714,0.0014,Bajo,0,3.7
Cuajimalpa de Morelos,Madrugada (00-05),Lunes,12,1,0,4,0.9262,0.0727,0.0011,Bajo,0,3.7
Cuajimalpa de Morelos,Mañana (06-11),Lunes,12,0,0,4,0.5018,0.4512,0.047,Bajo,0,27.3
Cuajimalpa de Morelos,Mañana (06-11),Lunes,12,1,0,4,0.6491,0.3279,0.023,Bajo,0,18.7
Cuajimalpa de Morelos,Noche (18-23),Lunes,12,0,0,4,0.9019,0.0933,0.0048,Bajo,0,5.1
Cuajimalpa de Morelos,Noche (18-23),Lunes,12,1,0,4,0.8553,0.1371,0.0075,Bajo,0,7.6
Cuajimalpa de Morelos,Tarde (12-17),Lunes,12,0,0,4,0.47,0.5052,0.0248,Medio,1,27.7
Cuajimalpa de Morelos,Tarde (12-17),Lunes,12,1,0,4,0.4614,0.5207,0.0179,Medio,1,27.8
Cuajimalpa de Morelos,Madrugada (00-05),Martes,12,0,0,4,0.7769,0.2227,0.0004,Bajo,0,11.2
Cuajimalpa de Morelos,Madrugada (00-05),Martes,12,1,0,4,0.9069,0.0927,0.0003,Bajo,0,4.7
Cuajimalpa de Morelos,Mañana (06-11),Martes,12,0,0,4,0.3094,0.6848,0.0058,Medio,1,34.8
Cuajimalpa de Morelos,Mañana (06-11),Martes,12,1,0,4,0.7022,0.2936,0.0041,Bajo,0,15.1
Cuajimalpa de Morelos,Noche (18-23),Martes,12,0,0,4,0.2811,0.7115,0.0075,Medio,1,36.3
Cuajimalpa de Morelos,Noche (18-23),Martes,12,1,0,4,0.4941,0.4947,0.0112,Medio,1,25.9
Cuajimalpa de Morelos,Tarde (12-17),Martes,12,0,0,4,0.236,0.7587,0.0053,Medio,1,38.5
Cuajimalpa de Morelos,Tarde (12-17),Martes,12,1,0,4,0.4698,0.5234,0.0069,Medio,1,26.9
Cuajimalpa de Morelos,Madrugada (00-05),Miércoles,12,0,0,4,0.9367,0.063,0.0003,Bajo,0,3.2
Cuajimalpa de Morelos,Madrugada (00-05),Miércoles,12,1,0,4,0.9557,0.044,0.0002,Bajo,0,2.2
Cuajimalpa de Morelos,Mañana (06-11),Miércoles,12,0,0,4,0.7069,0.2868,0.0063,Bajo,0,15.0
Cuajimalpa de Morelos,Mañana (06-11),Miércoles,12,1,0,4,0.8641,0.1321,0.0039,Bajo,0,7.0
Cuajimalpa de Morelos,Noche (18-23),Miércoles,12,0,0,4,0.5567,0.4365,0.0068,Bajo,0,22.5
Cuajimalpa de Morelos,Noche (18-23),Miércoles,12,1,0,4,0.6536,0.3381,0.0082,Bajo,0,17.7
Cuajimalpa de Morelos,Tarde (12-17),Miércoles,12,0,0,4,0.5985,0.3954,0.0061,Bajo,0,20.4
Cuajimalpa de Morelos,Tarde (12-17),Miércoles,12,1,0,4,0.6686,0.3252,0.0063,Bajo,0,16.9
Cuajimalpa de Morelos,Madrugada (00-05),Sábado,12,0,1,4,0.7441,0.2462,0.0097,Bajo,0,13.3
Cuajimalpa de Morelos,Madrugada (00-05),Sábado,12,1,1,4,0.6494,0.3364,0.0141,Bajo,0,18.2
Cuajimalpa de Morelos,Mañana (06-11),Sábado,12,0,1,4,0.705,0.2838,0.0112,Bajo,0,15.3
Cuajimalpa de Morelos,Mañana (06-11),Sábado,12,1,1,4,0.8384,0.1539,0.0077,Bajo,0,8.5
Cuajimalpa de Morelos,Noche (18-23),Sábado,12,0,1,4,0.7027,0.2746,0.0227,Bajo,0,16.0
Cuajimalpa de Morelos,Noche (18-23),Sábado,12,1,1,4,0.5298,0.4177,0.0526,Bajo,0,26.1
Cuajimalpa de Morelos,Tarde (12-17),Sábado,12,0,1,4,0.6958,0.2735,0.0307,Bajo,0,16.7
Cuajimalpa de Morelos,Tarde (12-17),Sábado,12,1,1,4,0.5199,0.4424,0.0377,Bajo,0,25.9
Cuajimalpa de Morelos,Madrugada (00-05),Viernes,12,0,0,4,0.8802,0.1192,0.0007,Bajo,0,6.0
Cuajimalpa de Morelos,Madrugada (00-05),Viernes,12,1,0,4,0.9106,0.0888,0.0006,Bajo,0,4.5
Cuajimalpa de Morelos,Mañana (06-11),Viernes,12,0,0,4,0.5492,0.4438,0.007,Bajo,0,22.9
Cuajimalpa de Morelos,Mañana (06-11),Viernes,12,1,0,4,0.7577,0.2378,0.0044,Bajo,0,12.3
Cuajimalpa de Morelos,Noche (18-23),Viernes,12,0,0,4,0.5001,0.4806,0.0193,Bajo,0,26.0
Cuajimalpa de Morelos,Noche (18-23),Viernes,12,1,0,4,0.6223,0.3627,0.0149,Bajo,0,19.6
Cuajimalpa de Morelos,Tarde (12-17),Viernes,12,0,0,4,0.4659,0.5256,0.0085,Medio,1,27.1
Cuajimalpa de Morelos,Tarde (12-17),Viernes,12,1,0,4,0.5719,0.4188,0.0093,Bajo,0,21.9
Cuauhtémoc,Madrugada (00-05),Domingo,1,0,1,1,0.0401,0.4698,0.4902,Alto,2,72.5
Cuauhtémoc,Madrugada (00-05),Domingo,1,1,1,1,0.029,0.4684,0.5026,Alto,2,73.7
Cuauhtémoc,Mañana (06-11),Domingo,1,0,1,1,0.0197,0.5597,0.4206,Medio,1,70.0
Cuauhtémoc,Mañana (06-11),Domingo,1,1,1,1,0.0465,0.5144,0.4392,Medio,1,69.6
Cuauhtémoc,Noche (18-23),Domingo,1,0,1,1,0.0174,0.0785,0.9042,Alto,2,94.3
Cuauhtémoc,Noche (18-23),Domingo,1,1,1,1,0.0041,0.0602,0.9357,Alto,2,96.6
Cuauhtémoc,Tarde (12-17),Domingo,1,0,1,1,0.0101,0.1535,0.8364,Alto,2,91.3
Cuauhtémoc,Tarde (12-17),Domingo,1,1,1,1,0.0053,0.0974,0.8973,Alto,2,94.6
Cuauhtémoc,Madrugada (00-05),Jueves,1,0,0,1,0.5383,0.3761,0.0856,Bajo,0,27.4
Cuauhtémoc,Madrugada (00-05),Jueves,1,1,0,1,0.6187,0.3396,0.0418,Bajo,0,21.2
Cuauhtémoc,Mañana (06-11),Jueves,1,0,0,1,0.0104,0.0974,0.8922,Alto,2,94.1
Cuauhtémoc,Mañana (06-11),Jueves,1,1,0,1,0.0253,0.1416,0.8331,Alto,2,90.4
Cuauhtémoc,Noche (18-23),Jueves,1,0,0,1,0.0064,0.0427,0.951,Alto,2,97.2
Cuauhtémoc,Noche (18-23),Jueves,1,1,0,1,0.0077,0.0698,0.9225,Alto,2,95.7
Cuauhtémoc,Tarde (12-17),Jueves,1,0,0,1,0.0071,0.0781,0.9148,Alto,2,95.4
Cuauhtémoc,Tarde (12-17),Jueves,1,1,0,1,0.0127,0.1004,0.8869,Alto,2,93.7
Cuauhtémoc,Madrugada (00-05),Lunes,1,0,0,1,0.3595,0.6045,0.036,Medio,1,33.8
Cuauhtémoc,Madrugada (00-05),Lunes,1,1,0,1,0.4282,0.5283,0.0435,Medio,1,30.8
Cuauhtémoc,Mañana (06-11),Lunes,1,0,0,1,0.0296,0.2151,0.7553,Alto,2,86.3
Cuauhtémoc,Mañana (06-11),Lunes,1,1,0,1,0.0279,0.1351,0.837,Alto,2,90.5
Cuauhtémoc,Noche (18-23),Lunes,1,0,0,1,0.0633,0.3311,0.6056,Alto,2,77.1
Cuauhtémoc,Noche (18-23),Lunes,1,1,0,1,0.0206,0.2354,0.744,Alto,2,86.2
Cuauhtémoc,Tarde (12-17),Lunes,1,0,0,1,0.0117,0.1011,0.8872,Alto,2,93.8
Cuauhtémoc,Tarde (12-17),Lunes,1,1,0,1,0.0098,0.0616,0.9287,Alto,2,95.9
Cuauhtémoc,Madrugada (00-05),Martes,1,0,0,1,0.7196,0.2237,0.0568,Bajo,0,16.9
Cuauhtémoc,Madrugada (00-05),Martes,1,1,0,1,0.6224,0.3331,0.0444,Bajo,0,21.1
Cuauhtémoc,Mañana (06-11),Martes,1,0,0,1,0.0095,0.0547,0.9359,Alto,2,96.3
Cuauhtémoc,Mañana (06-11),Martes,1,1,0,1,0.0145,0.0799,0.9056,Alto,2,94.6
Cuauhtémoc,Noche (18-23),Martes,1,0,0,1,0.0066,0.0461,0.9473,Alto,2,97.0
Cuauhtémoc,Noche (18-23),Martes,1,1,0,1,0.0042,0.0552,0.9406,Alto,2,96.8
Cuauhtémoc,Tarde (12-17),Martes,1,0,0,1,0.0061,0.0282,0.9657,Alto,2,98.0
Cuauhtémoc,Tarde (12-17),Martes,1,1,0,1,0.0052,0.0387,0.9562,Alto,2,97.6
Cuauhtémoc,Madrugada (00-05),Miércoles,1,0,0,1,0.5255,0.4039,0.0706,Bajo,0,27.3
Cuauhtémoc,Madrugada (00-05),Miércoles,1,1,0,1,0.5849,0.3946,0.0205,Bajo,0,21.8
Cuauhtémoc,Mañana (06-11),Miércoles,1,0,0,1,0.0091,0.1084,0.8825,Alto,2,93.7
Cuauhtémoc,Mañana (06-11),Miércoles,1,1,0,1,0.032,0.3,0.668,Alto,2,81.8
Cuauhtémoc,Noche (18-23),Miércoles,1,0,0,1,0.0053,0.0973,0.8974,Alto,2,94.6
Cuauhtémoc,Noche (18-23),Miércoles,1,1,0,1,0.0123,0.2893,0.6985,Alto,2,84.3
Cuauhtémoc,Tarde (12-17),Miércoles,1,0,0,1,0.0029,0.0129,0.9843,Alto,2,99.1
Cuauhtémoc,Tarde (12-17),Miércoles,1,1,0,1,0.006,0.0241,0.97,Alto,2,98.2
Cuauhtémoc,Madrugada (00-05),Sábado,1,0,1,1,0.0482,0.3632,0.5886,Alto,2,77.0
Cuauhtémoc,Madrugada (00-05),Sábado,1,1,1,1,0.0269,0.5587,0.4143,Medio,1,69.4
Cuauhtémoc,Mañana (06-11),Sábado,1,0,1,1,0.014,0.4035,0.5825,Alto,2,78.4
Cuauhtémoc,Mañana (06-11),Sábado,1,1,1,1,0.0239,0.5863,0.3898,Medio,1,68.3
Cuauhtémoc,Noche (18-23),Sábado,1,0,1,1,0.0237,0.0692,0.9071,Alto,2,94.2
Cuauhtémoc,Noche (18-23),Sábado,1,1,1,1,0.0055,0.1122,0.8824,Alto,2,93.8
Cuauhtémoc,Tarde (12-17),Sábado,1,0,1,1,0.0042,0.0353,0.9605,Alto,2,97.8
Cuauhtémoc,Tarde (12-17),Sábado,1,1,1,1,0.0023,0.0533,0.9445,Alto,2,97.1
Cuauhtémoc,Madrugada (00-05),Viernes,1,0,0,1,0.1361,0.7487,0.1152,Medio,1,49.0
Cuauhtémoc,Madrugada (00-05),Viernes,1,1,0,1,0.1762,0.74,0.0838,Medio,1,45.4
Cuauhtémoc,Mañana (06-11),Viernes,1,0,0,1,0.0052,0.0851,0.9098,Alto,2,95.2
Cuauhtémoc,Mañana (06-11),Viernes,1,1,0,1,0.0108,0.0945,0.8947,Alto,2,94.2
Cuauhtémoc,Noche (18-23),Viernes,1,0,0,1,0.0012,0.0239,0.9749,Alto,2,98.7
Cuauhtémoc,Noche (18-23),Viernes,1,1,0,1,0.0014,0.0309,0.9678,Alto,2,98.3
Cuauhtémoc,Tarde (12-17),Viernes,1,0,0,1,0.0038,0.0517,0.9445,Alto,2,97.0
Cuauhtémoc,Tarde (12-17),Viernes,1,1,0,1,0.0061,0.0546,0.9393,Alto,2,96.7
Cuauhtémoc,Madrugada (00-05),Domingo,2,0,1,1,0.0319,0.2771,0.691,Alto,2,83.0
Cuauhtémoc,Madrugada (00-05),Domingo,2,1,1,1,0.0315,0.3041,0.6644,Alto,2,81.6
Cuauhtémoc,Mañana (06-11),Domingo,2,0,1,1,0.0179,0.4976,0.4846,Medio,1,73.3
Cuauhtémoc,Mañana (06-11),Domingo,2,1,1,1,0.0516,0.4733,0.4751,Alto,2,71.2
Cuauhtémoc,Noche (18-23),Domingo,2,0,1,1,0.0194,0.0545,0.9261,Alto,2,95.3
Cuauhtémoc,Noche (18-23),Domingo,2,1,1,1,0.0058,0.0512,0.943,Alto,2,96.9
Cuauhtémoc,Tarde (12-17),Domingo,2,0,1,1,0.0077,0.0928,0.8995,Alto,2,94.6
Cuauhtémoc,Tarde (12-17),Domingo,2,1,1,1,0.0059,0.0747,0.9195,Alto,2,95.7
Cuauhtémoc,Madrugada (00-05),Jueves,2,0,0,1,0.4306,0.4613,0.108,Medio,1,33.9
Cuauhtémoc,Madrugada (00-05),Jueves,2,1,0,1,0.5613,0.3839,0.0548,Bajo,0,24.7
Cuauhtémoc,Mañana (06-11),Jueves,2,0,0,1,0.0072,0.1035,0.8893,Alto,2,94.1
Cuauhtémoc,Mañana (06-11),Jueves,2,1,0,1,0.0176,0.1328,0.8495,Alto,2,91.6
Cuauhtémoc,Noche (18-23),Jueves,2,0,0,1,0.0069,0.0524,0.9407,Alto,2,96.7
Cuauhtémoc,Noche (18-23),Jueves,2,1,0,1,0.008,0.0744,0.9176,Alto,2,95.5
Cuauhtémoc,Tarde (12-17),Jueves,2,0,0,1,0.0044,0.0505,0.9451,Alto,2,97.0
Cuauhtémoc,Tarde (12-17),Jueves,2,1,0,1,0.009,0.0607,0.9304,Alto,2,96.1
Cuauhtémoc,Madrugada (00-05),Lunes,2,0,0,1,0.2881,0.6679,0.044,Medio,1,37.8
Cuauhtémoc,Madrugada (00-05),Lunes,2,1,0,1,0.4178,0.5243,0.0578,Medio,1,32.0
Cuauhtémoc,Mañana (06-11),Lunes,2,0,0,1,0.0229,0.2354,0.7417,Alto,2,85.9
Cuauhtémoc,Mañana (06-11),Lunes,2,1,0,1,0.0219,0.1274,0.8507,Alto,2,91.4
Cuauhtémoc,Noche (18-23),Lunes,2,0,0,1,0.0633,0.3595,0.5772,Alto,2,75.7
Cuauhtémoc,Noche (18-23),Lunes,2,1,0,1,0.0262,0.2194,0.7544,Alto,2,86.4
Cuauhtémoc,Tarde (12-17),Lunes,2,0,0,1,0.0083,0.0732,0.9185,Alto,2,95.5
Cuauhtémoc,Tarde (12-17),Lunes,2,1,0,1,0.0077,0.0358,0.9566,Alto,2,97.4
Cuauhtémoc,Madrugada (00-05),Martes,2,0,0,1,0.6106,0.3137,0.0757,Bajo,0,23.3
Cuauhtémoc,Madrugada (00-05),Martes,2,1,0,1,0.5254,0.4186,0.0559,Bajo,0,26.5
Cuauhtémoc,Mañana (06-11),Martes,2,0,0,1,0.006,0.0646,0.9294,Alto,2,96.2
Cuauhtémoc,Mañana (06-11),Martes,2,1,0,1,0.0095,0.0936,0.897,Alto,2,94.4
Cuauhtémoc,Noche (18-23),Martes,2,0,0,1,0.0079,0.0574,0.9348,Alto,2,96.3
Cuauhtémoc,Noche (18-23),Martes,2,1,0,1,0.0043,0.0641,0.9317,Alto,2,96.4
Cuauhtémoc,Tarde (12-17),Martes,2,0,0,1,0.0038,0.024,0.9722,Alto,2,98.4
Cuauhtémoc,Tarde (12-17),Martes,2,1,0,1,0.0035,0.0316,0.9649,Alto,2,98.1
Cuauhtémoc,Madrugada (00-05),Miércoles,2,0,0,1,0.5589,0.3535,0.0876,Bajo,0,26.4
Cuauhtémoc,Madrugada (00-05),Miércoles,2,1,0,1,0.6501,0.3162,0.0337,Bajo,0,19.2
Cuauhtémoc,Mañana (06-11),Miércoles,2,0,0,1,0.0077,0.0751,0.9171,Alto,2,95.5
Cuauhtémoc,Mañana (06-11),Miércoles,2,1,0,1,0.0254,0.1839,0.7907,Alto,2,88.3
Cuauhtémoc,Noche (18-23),Miércoles,2,0,0,1,0.0078,0.066,0.9262,Alto,2,95.9
Cuauhtémoc,Noche (18-23),Miércoles,2,1,0,1,0.0099,0.1261,0.864,Alto,2,92.7
Cuauhtémoc,Tarde (12-17),Miércoles,2,0,0,1,0.0031,0.0099,0.987,Alto,2,99.2
Cuauhtémoc,Tarde (12-17),Miércoles,2,1,0,1,0.0054,0.0134,0.9813,Alto,2,98.8
Cuauhtémoc,Madrugada (00-05),Sábado,2,0,1,1,0.039,0.1763,0.7847,Alto,2,87.3
Cuauhtémoc,Madrugada (00-05),Sábado,2,1,1,1,0.0333,0.2884,0.6783,Alto,2,82.3
Cuauhtémoc,Mañana (06-11),Sábado,2,0,1,1,0.0142,0.2755,0.7103,Alto,2,84.8
Cuauhtémoc,Mañana (06-11),Sábado,2,1,1,1,0.0318,0.4103,0.5579,Alto,2,76.3
Cuauhtémoc,Noche (18-23),Sábado,2,0,1,1,0.0225,0.0411,0.9364,Alto,2,95.7
Cuauhtémoc,Noche (18-23),Sábado,2,1,1,1,0.0068,0.0601,0.9331,Alto,2,96.3
Cuauhtémoc,Tarde (12-17),Sábado,2,0,1,1,0.0037,0.0189,0.9773,Alto,2,98.7
Cuauhtémoc,Tarde (12-17),Sábado,2,1,1,1,0.0025,0.0271,0.9704,Alto,2,98.4
Cuauhtémoc,Madrugada (00-05),Viernes,2,0,0,1,0.1953,0.6467,0.158,Medio,1,48.1
Cuauhtémoc,Madrugada (00-05),Viernes,2,1,0,1,0.3297,0.5506,0.1197,Medio,1,39.5
Cuauhtémoc,Mañana (06-11),Viernes,2,0,0,1,0.0053,0.07,0.9246,Alto,2,96.0
Cuauhtémoc,Mañana (06-11),Viernes,2,1,0,1,0.0131,0.0657,0.9212,Alto,2,95.4
Cuauhtémoc,Noche (18-23),Viernes,2,0,0,1,0.0017,0.021,0.9773,Alto,2,98.8
Cuauhtémoc,Noche (18-23),Viernes,2,1,0,1,0.0021,0.0223,0.9756,Alto,2,98.7
Cuauhtémoc,Tarde (12-17),Viernes,2,0,0,1,0.004,0.0304,0.9655,Alto,2,98.1
Cuauhtémoc,Tarde (12-17),Viernes,2,1,0,1,0.0084,0.0273,0.9643,Alto,2,97.8
Cuauhtémoc,Madrugada (00-05),Domingo,3,0,1,1,0.0341,0.3312,0.6347,Alto,2,80.0
Cuauhtémoc,Madrugada (00-05),Domingo,3,1,1,1,0.0216,0.319,0.6594,Alto,2,81.9
Cuauhtémoc,Mañana (06-11),Domingo,3,0,1,1,0.0166,0.5271,0.4562,Medio,1,72.0
Cuauhtémoc,Mañana (06-11),Domingo,3,1,1,1,0.0327,0.4527,0.5145,Alto,2,74.1
Cuauhtémoc,Noche (18-23),Domingo,3,0,1,1,0.0365,0.0999,0.8636,Alto,2,91.4
Cuauhtémoc,Noche (18-23),Domingo,3,1,1,1,0.0069,0.079,0.9141,Alto,2,95.4
Cuauhtémoc,Tarde (12-17),Domingo,3,0,1,1,0.0094,0.1688,0.8218,Alto,2,90.6
Cuauhtémoc,Tarde (12-17),Domingo,3,1,1,1,0.0054,0.119,0.8756,Alto,2,93.5
Cuauhtémoc,Madrugada (00-05),Jueves,3,0,0,1,0.272,0.6549,0.0731,Medio,1,40.1
Cuauhtémoc,Madrugada (00-05),Jueves,3,1,0,1,0.2728,0.6701,0.057,Medio,1,39.2
Cuauhtémoc,Mañana (06-11),Jueves,3,0,0,1,0.0056,0.1453,0.8491,Alto,2,92.2
Cuauhtémoc,Mañana (06-11),Jueves,3,1,0,1,0.0076,0.1512,0.8412,Alto,2,91.7
Cuauhtémoc,Noche (18-23),Jueves,3,0,0,1,0.0076,0.1117,0.8807,Alto,2,93.7
Cuauhtémoc,Noche (18-23),Jueves,3,1,0,1,0.005,0.1409,0.8541,Alto,2,92.5
Cuauhtémoc,Tarde (12-17),Jueves,3,0,0,1,0.0051,0.1868,0.8081,Alto,2,90.2
Cuauhtémoc,Tarde (12-17),Jueves,3,1,0,1,0.0061,0.1811,0.8129,Alto,2,90.3
Cuauhtémoc,Madrugada (00-05),Lunes,3,0,0,1,0.3307,0.6277,0.0416,Medio,1,35.5
Cuauhtémoc,Madrugada (00-05),Lunes,3,1,0,1,0.3017,0.6375,0.0608,Medio,1,38.0
Cuauhtémoc,Mañana (06-11),Lunes,3,0,0,1,0.0269,0.2045,0.7686,Alto,2,87.1
Cuauhtémoc,Mañana (06-11),Lunes,3,1,0,1,0.0151,0.1239,0.861,Alto,2,92.3
Cuauhtémoc,Noche (18-23),Lunes,3,0,0,1,0.0837,0.4233,0.493,Alto,2,70.5
Cuauhtémoc,Noche (18-23),Lunes,3,1,0,1,0.0254,0.2987,0.6759,Alto,2,82.5
Cuauhtémoc,Tarde (12-17),Lunes,3,0,0,1,0.0114,0.1301,0.8584,Alto,2,92.4
Cuauhtémoc,Tarde (12-17),Lunes,3,1,0,1,0.0073,0.0724,0.9203,Alto,2,95.6
Cuauhtémoc,Madrugada (00-05),Martes,3,0,0,1,0.637,0.3124,0.0505,Bajo,0,20.7
Cuauhtémoc,Madrugada (00-05),Martes,3,1,0,1,0.4097,0.5413,0.0489,Medio,1,32.0
Cuauhtémoc,Mañana (06-11),Martes,3,0,0,1,0.008,0.0927,0.8993,Alto,2,94.6
Cuauhtémoc,Mañana (06-11),Martes,3,1,0,1,0.0071,0.1408,0.8521,Alto,2,92.2
Cuauhtémoc,Noche (18-23),Martes,3,0,0,1,0.0165,0.1287,0.8548,Alto,2,91.9
Cuauhtémoc,Noche (18-23),Martes,3,1,0,1,0.0057,0.1359,0.8584,Alto,2,92.6
Cuauhtémoc,Tarde (12-17),Martes,3,0,0,1,0.0075,0.0615,0.931,Alto,2,96.2
Cuauhtémoc,Tarde (12-17),Martes,3,1,0,1,0.0043,0.0746,0.9211,Alto,2,95.8
Cuauhtémoc,Madrugada (00-05),Miércoles,3,0,0,1,0.515,0.4146,0.0704,Bajo,0,27.8
Cuauhtémoc,Madrugada (00-05),Miércoles,3,1,0,1,0.5285,0.4251,0.0464,Bajo,0,25.9
Cuauhtémoc,Mañana (06-11),Miércoles,3,0,0,1,0.0074,0.0802,0.9124,Alto,2,95.2
Cuauhtémoc,Mañana (06-11),Miércoles,3,1,0,1,0.0131,0.1336,0.8533,Alto,2,92.0
Cuauhtémoc,Noche (18-23),Miércoles,3,0,0,1,0.0113,0.1174,0.8713,Alto,2,93.0
Cuauhtémoc,Noche (18-23),Miércoles,3,1,0,1,0.0091,0.1622,0.8287,Alto,2,91.0
Cuauhtémoc,Tarde (12-17),Miércoles,3,0,0,1,0.0047,0.0202,0.9751,Alto,2,98.5
Cuauhtémoc,Tarde (12-17),Miércoles,3,1,0,1,0.0052,0.0207,0.9741,Alto,2,98.4
Cuauhtémoc,Madrugada (00-05),Sábado,3,0,1,1,0.0378,0.2206,0.7416,Alto,2,85.2
Cuauhtémoc,Madrugada (00-05),Sábado,3,1,1,1,0.0232,0.2666,0.7103,Alto,2,84.4
Cuauhtémoc,Mañana (06-11),Sábado,3,0,1,1,0.013,0.2852,0.7018,Alto,2,84.4
Cuauhtémoc,Mañana (06-11),Sábado,3,1,1,1,0.0223,0.3384,0.6393,Alto,2,80.8
Cuauhtémoc,Noche (18-23),Sábado,3,0,1,1,0.0316,0.064,0.9044,Alto,2,93.6
Cuauhtémoc,Noche (18-23),Sábado,3,1,1,1,0.0066,0.0621,0.9313,Alto,2,96.2
Cuauhtémoc,Tarde (12-17),Sábado,3,0,1,1,0.0046,0.0396,0.9559,Alto,2,97.6
Cuauhtémoc,Tarde (12-17),Sábado,3,1,1,1,0.0026,0.0426,0.9548,Alto,2,97.6
Cuauhtémoc,Madrugada (00-05),Viernes,3,0,0,1,0.1883,0.7013,0.1104,Medio,1,46.1
Cuauhtémoc,Madrugada (00-05),Viernes,3,1,0,1,0.2116,0.6627,0.1257,Medio,1,45.7
Cuauhtémoc,Mañana (06-11),Viernes,3,0,0,1,0.0086,0.1372,0.8542,Alto,2,92.3
Cuauhtémoc,Mañana (06-11),Viernes,3,1,0,1,0.011,0.1017,0.8873,Alto,2,93.8
Cuauhtémoc,Noche (18-23),Viernes,3,0,0,1,0.0029,0.0424,0.9547,Alto,2,97.6
Cuauhtémoc,Noche (18-23),Viernes,3,1,0,1,0.0017,0.0334,0.9648,Alto,2,98.2
Cuauhtémoc,Tarde (12-17),Viernes,3,0,0,1,0.0087,0.0905,0.9009,Alto,2,94.6
Cuauhtémoc,Tarde (12-17),Viernes,3,1,0,1,0.0093,0.0596,0.9311,Alto,2,96.1
Cuauhtémoc,Madrugada (00-05),Domingo,4,0,1,2,0.0347,0.4399,0.5254,Alto,2,74.5
Cuauhtémoc,Madrugada (00-05),Domingo,4,1,1,2,0.0213,0.3591,0.6195,Alto,2,79.9
Cuauhtémoc,Mañana (06-11),Domingo,4,0,1,2,0.0234,0.6076,0.369,Medio,1,67.3
Cuauhtémoc,Mañana (06-11),Domingo,4,1,1,2,0.0493,0.4757,0.475,Medio,1,71.3
Cuauhtémoc,Noche (18-23),Domingo,4,0,1,2,0.0346,0.1785,0.7869,Alto,2,87.6
Cuauhtémoc,Noche (18-23),Domingo,4,1,1,2,0.0059,0.1028,0.8913,Alto,2,94.3
Cuauhtémoc,Tarde (12-17),Domingo,4,0,1,2,0.0109,0.2843,0.7048,Alto,2,84.7
Cuauhtémoc,Tarde (12-17),Domingo,4,1,1,2,0.0061,0.1718,0.8222,Alto,2,90.8
Cuauhtémoc,Madrugada (00-05),Jueves,4,0,0,2,0.2402,0.696,0.0637,Medio,1,41.2
Cuauhtémoc,Madrugada (00-05),Jueves,4,1,0,2,0.3054,0.6016,0.0929,Medio,1,39.4
Cuauhtémoc,Mañana (06-11),Jueves,4,0,0,2,0.0116,0.2343,0.7541,Alto,2,87.1
Cuauhtémoc,Mañana (06-11),Jueves,4,1,0,2,0.0143,0.1339,0.8519,Alto,2,91.9
Cuauhtémoc,Noche (18-23),Jueves,4,0,0,2,0.0063,0.1442,0.8496,Alto,2,92.2
Cuauhtémoc,Noche (18-23),Jueves,4,1,0,2,0.0031,0.0872,0.9096,Alto,2,95.3
Cuauhtémoc,Tarde (12-17),Jueves,4,0,0,2,0.0051,0.1811,0.8138,Alto,2,90.4
Cuauhtémoc,Tarde (12-17),Jueves,4,1,0,2,0.0048,0.0864,0.9088,Alto,2,95.2
Cuauhtémoc,Madrugada (00-05),Lunes,4,0,0,2,0.3543,0.586,0.0597,Medio,1,35.3
Cuauhtémoc,Madrugada (00-05),Lunes,4,1,0,2,0.3349,0.5676,0.0975,Medio,1,38.1
Cuauhtémoc,Mañana (06-11),Lunes,4,0,0,2,0.064,0.2029,0.7331,Alto,2,83.5
Cuauhtémoc,Mañana (06-11),Lunes,4,1,0,2,0.0404,0.1152,0.8444,Alto,2,90.2
Cuauhtémoc,Noche (18-23),Lunes,4,0,0,2,0.0755,0.3538,0.5707,Alto,2,74.8
Cuauhtémoc,Noche (18-23),Lunes,4,1,0,2,0.0209,0.2073,0.7718,Alto,2,87.5
Cuauhtémoc,Tarde (12-17),Lunes,4,0,0,2,0.0086,0.0855,0.9059,Alto,2,94.9
Cuauhtémoc,Tarde (12-17),Lunes,4,1,0,2,0.005,0.0368,0.9582,Alto,2,97.7
Cuauhtémoc,Madrugada (00-05),Martes,4,0,0,2,0.419,0.5404,0.0407,Medio,1,31.1
Cuauhtémoc,Madrugada (00-05),Martes,4,1,0,2,0.3827,0.5527,0.0646,Medio,1,34.1
Cuauhtémoc,Mañana (06-11),Martes,4,0,0,2,0.0128,0.1987,0.7885,Alto,2,88.8
Cuauhtémoc,Mañana (06-11),Martes,4,1,0,2,0.0129,0.1278,0.8593,Alto,2,92.3
Cuauhtémoc,Noche (18-23),Martes,4,0,0,2,0.0107,0.3221,0.6672,Alto,2,82.8
Cuauhtémoc,Noche (18-23),Martes,4,1,0,2,0.0043,0.1717,0.824,Alto,2,91.0
Cuauhtémoc,Tarde (12-17),Martes,4,0,0,2,0.0058,0.1067,0.8875,Alto,2,94.1
Cuauhtémoc,Tarde (12-17),Martes,4,1,0,2,0.0032,0.0452,0.9516,Alto,2,97.4
Cuauhtémoc,Madrugada (00-05),Miércoles,4,0,0,2,0.5673,0.3245,0.1082,Bajo,0,27.0
Cuauhtémoc,Madrugada (00-05),Miércoles,4,1,0,2,0.5958,0.3105,0.0938,Bajo,0,24.9
Cuauhtémoc,Mañana (06-11),Miércoles,4,0,0,2,0.0108,0.0588,0.9304,Alto,2,96.0
Cuauhtémoc,Mañana (06-11),Miércoles,4,1,0,2,0.0183,0.0677,0.9141,Alto,2,94.8
Cuauhtémoc,Noche (18-23),Miércoles,4,0,0,2,0.008,0.0864,0.9057,Alto,2,94.9
Cuauhtémoc,Noche (18-23),Miércoles,4,1,0,2,0.0059,0.0892,0.9049,Alto,2,94.9
Cuauhtémoc,Tarde (12-17),Miércoles,4,0,0,2,0.0037,0.0142,0.9821,Alto,2,98.9
Cuauhtémoc,Tarde (12-17),Miércoles,4,1,0,2,0.0034,0.0102,0.9864,Alto,2,99.1
Cuauhtémoc,Madrugada (00-05),Sábado,4,0,1,2,0.0416,0.3613,0.5971,Alto,2,77.8
Cuauhtémoc,Madrugada (00-05),Sábado,4,1,1,2,0.028,0.2822,0.6898,Alto,2,83.1
Cuauhtémoc,Mañana (06-11),Sábado,4,0,1,2,0.0191,0.4099,0.571,Alto,2,77.6
Cuauhtémoc,Mañana (06-11),Sábado,4,1,1,2,0.0423,0.335,0.6226,Alto,2,79.0
Cuauhtémoc,Noche (18-23),Sábado,4,0,1,2,0.035,0.1374,0.8276,Alto,2,89.6
Cuauhtémoc,Noche (18-23),Sábado,4,1,1,2,0.0071,0.0705,0.9224,Alto,2,95.8
Cuauhtémoc,Tarde (12-17),Sábado,4,0,1,2,0.0064,0.1148,0.8788,Alto,2,93.6
Cuauhtémoc,Tarde (12-17),Sábado,4,1,1,2,0.004,0.0699,0.9261,Alto,2,96.1
Cuauhtémoc,Madrugada (00-05),Viernes,4,0,0,2,0.2496,0.5283,0.2221,Medio,1,48.6
Cuauhtémoc,Madrugada (00-05),Viernes,4,1,0,2,0.226,0.4942,0.2798,Medio,1,52.7
Cuauhtémoc,Mañana (06-11),Viernes,4,0,0,2,0.0234,0.1652,0.8114,Alto,2,89.4
Cuauhtémoc,Mañana (06-11),Viernes,4,1,0,2,0.0342,0.1451,0.8207,Alto,2,89.3
Cuauhtémoc,Noche (18-23),Viernes,4,0,0,2,0.0033,0.039,0.9577,Alto,2,97.7
Cuauhtémoc,Noche (18-23),Viernes,4,1,0,2,0.0015,0.0241,0.9744,Alto,2,98.6
Cuauhtémoc,Tarde (12-17),Viernes,4,0,0,2,0.0054,0.0431,0.9515,Alto,2,97.3
Cuauhtémoc,Tarde (12-17),Viernes,4,1,0,2,0.004,0.0221,0.9739,Alto,2,98.5
Cuauhtémoc,Madrugada (00-05),Domingo,5,0,1,2,0.0189,0.1318,0.8493,Alto,2,91.5
Cuauhtémoc,Madrugada (00-05),Domingo,5,1,1,2,0.0149,0.2073,0.7779,Alto,2,88.2
Cuauhtémoc,Mañana (06-11),Domingo,5,0,1,2,0.0157,0.3806,0.6037,Alto,2,79.4
Cuauhtémoc,Mañana (06-11),Domingo,5,1,1,2,0.03,0.4569,0.5131,Alto,2,74.2
Cuauhtémoc,Noche (18-23),Domingo,5,0,1,2,0.0077,0.0302,0.9621,Alto,2,97.7
Cuauhtémoc,Noche (18-23),Domingo,5,1,1,2,0.0024,0.0327,0.9649,Alto,2,98.1
Cuauhtémoc,Tarde (12-17),Domingo,5,0,1,2,0.0048,0.0539,0.9413,Alto,2,96.8
Cuauhtémoc,Tarde (12-17),Domingo,5,1,1,2,0.0036,0.0787,0.9177,Alto,2,95.7
Cuauhtémoc,Madrugada (00-05),Jueves,5,0,0,2,0.3867,0.391,0.2223,Medio,1,41.8
Cuauhtémoc,Madrugada (00-05),Jueves,5,1,0,2,0.4055,0.4145,0.18,Medio,1,38.7
Cuauhtémoc,Mañana (06-11),Jueves,5,0,0,2,0.0046,0.0474,0.9479,Alto,2,97.2
Cuauhtémoc,Mañana (06-11),Jueves,5,1,0,2,0.0067,0.0426,0.9507,Alto,2,97.2
Cuauhtémoc,Noche (18-23),Jueves,5,0,0,2,0.0038,0.0256,0.9706,Alto,2,98.3
Cuauhtémoc,Noche (18-23),Jueves,5,1,0,2,0.0024,0.0237,0.9739,Alto,2,98.6
Cuauhtémoc,Tarde (12-17),Jueves,5,0,0,2,0.0024,0.0166,0.981,Alto,2,98.9
Cuauhtémoc,Tarde (12-17),Jueves,5,1,0,2,0.0031,0.019,0.9779,Alto,2,98.7
Cuauhtémoc,Madrugada (00-05),Lunes,5,0,0,2,0.3752,0.5025,0.1222,Medio,1,37.3
Cuauhtémoc,Madrugada (00-05),Lunes,5,1,0,2,0.369,0.4777,0.1532,Medio,1,39.2
Cuauhtémoc,Mañana (06-11),Lunes,5,0,0,2,0.0282,0.098,0.8738,Alto,2,92.3
Cuauhtémoc,Mañana (06-11),Lunes,5,1,0,2,0.0207,0.0625,0.9168,Alto,2,94.8
Cuauhtémoc,Noche (18-23),Lunes,5,0,0,2,0.0843,0.2324,0.6833,Alto,2,79.9
Cuauhtémoc,Noche (18-23),Lunes,5,1,0,2,0.0207,0.1117,0.8676,Alto,2,92.3
Cuauhtémoc,Tarde (12-17),Lunes,5,0,0,2,0.005,0.0296,0.9654,Alto,2,98.0
Cuauhtémoc,Tarde (12-17),Lunes,5,1,0,2,0.0036,0.017,0.9794,Alto,2,98.8
Cuauhtémoc,Madrugada (00-05),Martes,5,0,0,2,0.5943,0.2746,0.1311,Bajo,0,26.8
Cuauhtémoc,Madrugada (00-05),Martes,5,1,0,2,0.4465,0.4463,0.1072,Bajo,0,33.0
Cuauhtémoc,Mañana (06-11),Martes,5,0,0,2,0.0052,0.0436,0.9512,Alto,2,97.3
Cuauhtémoc,Mañana (06-11),Martes,5,1,0,2,0.0062,0.0569,0.937,Alto,2,96.5
Cuauhtémoc,Noche (18-23),Martes,5,0,0,2,0.0074,0.0475,0.9451,Alto,2,96.9
Cuauhtémoc,Noche (18-23),Martes,5,1,0,2,0.0035,0.051,0.9455,Alto,2,97.1
Cuauhtémoc,Tarde (12-17),Martes,5,0,0,2,0.0029,0.0148,0.9824,Alto,2,99.0
Cuauhtémoc,Tarde (12-17),Martes,5,1,0,2,0.0023,0.0205,0.9772,Alto,2,98.7
Cuauhtémoc,Madrugada (00-05),Miércoles,5,0,0,2,0.5042,0.344,0.1518,Bajo,0,32.4
Cuauhtémoc,Madrugada (00-05),Miércoles,5,1,0,2,0.5721,0.3306,0.0973,Bajo,0,26.3
Cuauhtémoc,Mañana (06-11),Miércoles,5,0,0,2,0.0047,0.0415,0.9538,Alto,2,97.5
Cuauhtémoc,Mañana (06-11),Miércoles,5,1,0,2,0.0097,0.0449,0.9453,Alto,2,96.8
Cuauhtémoc,Noche (18-23),Miércoles,5,0,0,2,0.0058,0.0519,0.9423,Alto,2,96.8
Cuauhtémoc,Noche (18-23),Miércoles,5,1,0,2,0.0058,0.0635,0.9306,Alto,2,96.2
Cuauhtémoc,Tarde (12-17),Miércoles,5,0,0,2,0.0023,0.0084,0.9893,Alto,2,99.3
Cuauhtémoc,Tarde (12-17),Miércoles,5,1,0,2,0.0031,0.0095,0.9875,Alto,2,99.2
Cuauhtémoc,Madrugada (00-05),Sábado,5,0,1,2,0.0157,0.0741,0.9102,Alto,2,94.7
Cuauhtémoc,Madrugada (00-05),Sábado,5,1,1,2,0.0158,0.1104,0.8738,Alto,2,92.9
Cuauhtémoc,Mañana (06-11),Sábado,5,0,1,2,0.0081,0.1551,0.8367,Alto,2,91.4
Cuauhtémoc,Mañana (06-11),Sábado,5,1,1,2,0.0211,0.2109,0.768,Alto,2,87.3
Cuauhtémoc,Noche (18-23),Sábado,5,0,1,2,0.0052,0.0165,0.9783,Alto,2,98.7
Cuauhtémoc,Noche (18-23),Sábado,5,1,1,2,0.0019,0.0164,0.9817,Alto,2,99.0
Cuauhtémoc,Tarde (12-17),Sábado,5,0,1,2,0.0016,0.0091,0.9894,Alto,2,99.4
Cuauhtémoc,Tarde (12-17),Sábado,5,1,1,2,0.0015,0.0133,0.9852,Alto,2,99.2
Cuauhtémoc,Madrugada (00-05),Viernes,5,0,0,2,0.197,0.349,0.454,Alto,2,62.9
Cuauhtémoc,Madrugada (00-05),Viernes,5,1,0,2,0.1819,0.5023,0.3159,Medio,1,56.7
Cuauhtémoc,Mañana (06-11),Viernes,5,0,0,2,0.0085,0.0812,0.9103,Alto,2,95.1
Cuauhtémoc,Mañana (06-11),Viernes,5,1,0,2,0.013,0.1118,0.8752,Alto,2,93.1
Cuauhtémoc,Noche (18-23),Viernes,5,0,0,2,0.0013,0.0108,0.9879,Alto,2,99.3
Cuauhtémoc,Noche (18-23),Viernes,5,1,0,2,0.001,0.0139,0.9851,Alto,2,99.2
Cuauhtémoc,Tarde (12-17),Viernes,5,0,0,2,0.0018,0.0075,0.9907,Alto,2,99.4
Cuauhtémoc,Tarde (12-17),Viernes,5,1,0,2,0.0026,0.0124,0.985,Alto,2,99.1
Cuauhtémoc,Madrugada (00-05),Domingo,6,0,1,2,0.0291,0.2053,0.7656,Alto,2,86.8
Cuauhtémoc,Madrugada (00-05),Domingo,6,1,1,2,0.0366,0.2437,0.7197,Alto,2,84.2
Cuauhtémoc,Mañana (06-11),Domingo,6,0,1,2,0.0159,0.4102,0.5739,Alto,2,77.9
Cuauhtémoc,Mañana (06-11),Domingo,6,1,1,2,0.0498,0.4162,0.534,Alto,2,74.2
Cuauhtémoc,Noche (18-23),Domingo,6,0,1,2,0.0105,0.0527,0.9368,Alto,2,96.3
Cuauhtémoc,Noche (18-23),Domingo,6,1,1,2,0.0067,0.0547,0.9386,Alto,2,96.6
Cuauhtémoc,Tarde (12-17),Domingo,6,0,1,2,0.0154,0.1505,0.8342,Alto,2,90.9
Cuauhtémoc,Tarde (12-17),Domingo,6,1,1,2,0.0163,0.18,0.8037,Alto,2,89.4
Cuauhtémoc,Madrugada (00-05),Jueves,6,0,0,2,0.3863,0.4772,0.1364,Medio,1,37.5
Cuauhtémoc,Madrugada (00-05),Jueves,6,1,0,2,0.5768,0.3239,0.0994,Bajo,0,26.1
Cuauhtémoc,Mañana (06-11),Jueves,6,0,0,2,0.0048,0.0488,0.9464,Alto,2,97.1
Cuauhtémoc,Mañana (06-11),Jueves,6,1,0,2,0.0127,0.0401,0.9472,Alto,2,96.7
Cuauhtémoc,Noche (18-23),Jueves,6,0,0,2,0.0057,0.0466,0.9477,Alto,2,97.1
Cuauhtémoc,Noche (18-23),Jueves,6,1,0,2,0.007,0.0399,0.953,Alto,2,97.3
Cuauhtémoc,Tarde (12-17),Jueves,6,0,0,2,0.0071,0.045,0.948,Alto,2,97.0
Cuauhtémoc,Tarde (12-17),Jueves,6,1,0,2,0.0138,0.0365,0.9497,Alto,2,96.8
Cuauhtémoc,Madrugada (00-05),Lunes,6,0,0,2,0.376,0.5396,0.0844,Medio,1,35.4
Cuauhtémoc,Madrugada (00-05),Lunes,6,1,0,2,0.6667,0.275,0.0583,Bajo,0,19.6
Cuauhtémoc,Mañana (06-11),Lunes,6,0,0,2,0.0235,0.0949,0.8815,Alto,2,92.9
Cuauhtémoc,Mañana (06-11),Lunes,6,1,0,2,0.0646,0.0612,0.8742,Alto,2,90.5
Cuauhtémoc,Noche (18-23),Lunes,6,0,0,2,0.0937,0.3235,0.5828,Alto,2,74.5
Cuauhtémoc,Noche (18-23),Lunes,6,1,0,2,0.0919,0.1886,0.7195,Alto,2,81.4
Cuauhtémoc,Tarde (12-17),Lunes,6,0,0,2,0.0218,0.0769,0.9013,Alto,2,94.0
Cuauhtémoc,Tarde (12-17),Lunes,6,1,0,2,0.0501,0.044,0.9059,Alto,2,92.8
Cuauhtémoc,Madrugada (00-05),Martes,6,0,0,2,0.6602,0.2697,0.0701,Bajo,0,20.5
Cuauhtémoc,Madrugada (00-05),Martes,6,1,0,2,0.6895,0.2603,0.0502,Bajo,0,18.0
Cuauhtémoc,Mañana (06-11),Martes,6,0,0,2,0.0073,0.0508,0.9419,Alto,2,96.7
Cuauhtémoc,Mañana (06-11),Martes,6,1,0,2,0.0151,0.0591,0.9258,Alto,2,95.5
Cuauhtémoc,Noche (18-23),Martes,6,0,0,2,0.0115,0.0804,0.9081,Alto,2,94.8
Cuauhtémoc,Noche (18-23),Martes,6,1,0,2,0.0115,0.0796,0.9088,Alto,2,94.9
Cuauhtémoc,Tarde (12-17),Martes,6,0,0,2,0.0106,0.0393,0.9501,Alto,2,97.0
Cuauhtémoc,Tarde (12-17),Martes,6,1,0,2,0.0139,0.0383,0.9479,Alto,2,96.7
Cuauhtémoc,Madrugada (00-05),Miércoles,6,0,0,2,0.314,0.5924,0.0936,Medio,1,39.0
Cuauhtémoc,Madrugada (00-05),Miércoles,6,1,0,2,0.4295,0.5035,0.0669,Medio,1,31.9
Cuauhtémoc,Mañana (06-11),Miércoles,6,0,0,2,0.004,0.0643,0.9317,Alto,2,96.4
Cuauhtémoc,Mañana (06-11),Miércoles,6,1,0,2,0.0107,0.065,0.9243,Alto,2,95.7
Cuauhtémoc,Noche (18-23),Miércoles,6,0,0,2,0.0058,0.1218,0.8724,Alto,2,93.3
Cuauhtémoc,Noche (18-23),Miércoles,6,1,0,2,0.0077,0.1539,0.8384,Alto,2,91.5
Cuauhtémoc,Tarde (12-17),Miércoles,6,0,0,2,0.0038,0.018,0.9782,Alto,2,98.7
Cuauhtémoc,Tarde (12-17),Miércoles,6,1,0,2,0.0054,0.0168,0.9778,Alto,2,98.6
Cuauhtémoc,Madrugada (00-05),Sábado,6,0,1,2,0.0277,0.1745,0.7978,Alto,2,88.5
Cuauhtémoc,Madrugada (00-05),Sábado,6,1,1,2,0.0426,0.179,0.7784,Alto,2,86.8
Cuauhtémoc,Mañana (06-11),Sábado,6,0,1,2,0.0096,0.2912,0.6992,Alto,2,84.5
Cuauhtémoc,Mañana (06-11),Sábado,6,1,1,2,0.0375,0.2844,0.6781,Alto,2,82.0
Cuauhtémoc,Noche (18-23),Sábado,6,0,1,2,0.0085,0.0418,0.9497,Alto,2,97.1
Cuauhtémoc,Noche (18-23),Sábado,6,1,1,2,0.0061,0.0352,0.9587,Alto,2,97.6
Cuauhtémoc,Tarde (12-17),Sábado,6,0,1,2,0.0057,0.0315,0.9628,Alto,2,97.9
Cuauhtémoc,Tarde (12-17),Sábado,6,1,1,2,0.0079,0.0318,0.9603,Alto,2,97.6
Cuauhtémoc,Madrugada (00-05),Viernes,6,0,0,2,0.2204,0.4629,0.3166,Medio,1,54.8
Cuauhtémoc,Madrugada (00-05),Viernes,6,1,0,2,0.3118,0.4839,0.2043,Medio,1,44.6
Cuauhtémoc,Mañana (06-11),Viernes,6,0,0,2,0.006,0.0546,0.9393,Alto,2,96.7
Cuauhtémoc,Mañana (06-11),Viernes,6,1,0,2,0.0172,0.073,0.9098,Alto,2,94.6
Cuauhtémoc,Noche (18-23),Viernes,6,0,0,2,0.0017,0.018,0.9803,Alto,2,98.9
Cuauhtémoc,Noche (18-23),Viernes,6,1,0,2,0.0026,0.0241,0.9733,Alto,2,98.5
Cuauhtémoc,Tarde (12-17),Viernes,6,0,0,2,0.0056,0.0187,0.9757,Alto,2,98.5
Cuauhtémoc,Tarde (12-17),Viernes,6,1,0,2,0.0125,0.0256,0.9619,Alto,2,97.5
Cuauhtémoc,Madrugada (00-05),Domingo,7,0,1,3,0.0136,0.2409,0.7455,Alto,2,86.6
Cuauhtémoc,Madrugada (00-05),Domingo,7,1,1,3,0.0223,0.2682,0.7095,Alto,2,84.4
Cuauhtémoc,Mañana (06-11),Domingo,7,0,1,3,0.0151,0.4962,0.4887,Medio,1,73.7
Cuauhtémoc,Mañana (06-11),Domingo,7,1,1,3,0.0556,0.49,0.4544,Medio,1,69.9
Cuauhtémoc,Noche (18-23),Domingo,7,0,1,3,0.0046,0.0395,0.9559,Alto,2,97.6
Cuauhtémoc,Noche (18-23),Domingo,7,1,1,3,0.0036,0.0398,0.9566,Alto,2,97.7
Cuauhtémoc,Tarde (12-17),Domingo,7,0,1,3,0.0049,0.1463,0.8488,Alto,2,92.2
Cuauhtémoc,Tarde (12-17),Domingo,7,1,1,3,0.0063,0.1811,0.8126,Alto,2,90.3
Cuauhtémoc,Madrugada (00-05),Jueves,7,0,0,3,0.2582,0.6079,0.1339,Medio,1,43.8
Cuauhtémoc,Madrugada (00-05),Jueves,7,1,0,3,0.4427,0.4548,0.1025,Medio,1,33.0
Cuauhtémoc,Mañana (06-11),Jueves,7,0,0,3,0.0046,0.0613,0.9341,Alto,2,96.5
Cuauhtémoc,Mañana (06-11),Jueves,7,1,0,3,0.0125,0.0548,0.9326,Alto,2,96.0
Cuauhtémoc,Noche (18-23),Jueves,7,0,0,3,0.0038,0.04,0.9562,Alto,2,97.6
Cuauhtémoc,Noche (18-23),Jueves,7,1,0,3,0.0048,0.0362,0.959,Alto,2,97.7
Cuauhtémoc,Tarde (12-17),Jueves,7,0,0,3,0.0028,0.0461,0.9511,Alto,2,97.4
Cuauhtémoc,Tarde (12-17),Jueves,7,1,0,3,0.0057,0.0459,0.9484,Alto,2,97.1
Cuauhtémoc,Madrugada (00-05),Lunes,7,0,0,3,0.2645,0.585,0.1504,Medio,1,44.3
Cuauhtémoc,Madrugada (00-05),Lunes,7,1,0,3,0.4878,0.3973,0.1148,Bajo,0,31.3
Cuauhtémoc,Mañana (06-11),Lunes,7,0,0,3,0.0079,0.065,0.9271,Alto,2,96.0
Cuauhtémoc,Mañana (06-11),Lunes,7,1,0,3,0.0203,0.0561,0.9237,Alto,2,95.2
Cuauhtémoc,Noche (18-23),Lunes,7,0,0,3,0.0502,0.1145,0.8353,Alto,2,89.3
Cuauhtémoc,Noche (18-23),Lunes,7,1,0,3,0.0349,0.0674,0.8977,Alto,2,93.1
Cuauhtémoc,Tarde (12-17),Lunes,7,0,0,3,0.0045,0.0427,0.9528,Alto,2,97.4
Cuauhtémoc,Tarde (12-17),Lunes,7,1,0,3,0.0091,0.0334,0.9575,Alto,2,97.4
Cuauhtémoc,Madrugada (00-05),Martes,7,0,0,3,0.5563,0.3521,0.0917,Bajo,0,26.8
Cuauhtémoc,Madrugada (00-05),Martes,7,1,0,3,0.693,0.2511,0.0559,Bajo,0,18.1
Cuauhtémoc,Mañana (06-11),Martes,7,0,0,3,0.0064,0.047,0.9466,Alto,2,97.0
Cuauhtémoc,Mañana (06-11),Martes,7,1,0,3,0.0164,0.048,0.9356,Alto,2,96.0
Cuauhtémoc,Noche (18-23),Martes,7,0,0,3,0.007,0.0487,0.9443,Alto,2,96.9
Cuauhtémoc,Noche (18-23),Martes,7,1,0,3,0.0094,0.0424,0.9482,Alto,2,96.9
Cuauhtémoc,Tarde (12-17),Martes,7,0,0,3,0.0042,0.0315,0.9643,Alto,2,98.0
Cuauhtémoc,Tarde (12-17),Martes,7,1,0,3,0.0072,0.0308,0.962,Alto,2,97.7
Cuauhtémoc,Madrugada (00-05),Miércoles,7,0,0,3,0.259,0.6496,0.0914,Medio,1,41.6
Cuauhtémoc,Madrugada (00-05),Miércoles,7,1,0,3,0.5119,0.4332,0.0549,Bajo,0,27.2
Cuauhtémoc,Mañana (06-11),Miércoles,7,0,0,3,0.0073,0.0963,0.8965,Alto,2,94.5
Cuauhtémoc,Mañana (06-11),Miércoles,7,1,0,3,0.0222,0.0885,0.8893,Alto,2,93.4
Cuauhtémoc,Noche (18-23),Miércoles,7,0,0,3,0.0037,0.0731,0.9231,Alto,2,96.0
Cuauhtémoc,Noche (18-23),Miércoles,7,1,0,3,0.008,0.0883,0.9037,Alto,2,94.8
Cuauhtémoc,Tarde (12-17),Miércoles,7,0,0,3,0.002,0.0175,0.9805,Alto,2,98.9
Cuauhtémoc,Tarde (12-17),Miércoles,7,1,0,3,0.0045,0.0169,0.9787,Alto,2,98.7
Cuauhtémoc,Madrugada (00-05),Sábado,7,0,1,3,0.0123,0.1823,0.8053,Alto,2,89.7
Cuauhtémoc,Madrugada (00-05),Sábado,7,1,1,3,0.0231,0.1843,0.7926,Alto,2,88.5
Cuauhtémoc,Mañana (06-11),Sábado,7,0,1,3,0.0084,0.3171,0.6745,Alto,2,83.3
Cuauhtémoc,Mañana (06-11),Sábado,7,1,1,3,0.037,0.3249,0.6381,Alto,2,80.1
Cuauhtémoc,Noche (18-23),Sábado,7,0,1,3,0.0035,0.027,0.9696,Alto,2,98.3
Cuauhtémoc,Noche (18-23),Sábado,7,1,1,3,0.0028,0.0234,0.9738,Alto,2,98.5
Cuauhtémoc,Tarde (12-17),Sábado,7,0,1,3,0.0016,0.0254,0.973,Alto,2,98.6
Cuauhtémoc,Tarde (12-17),Sábado,7,1,1,3,0.0026,0.028,0.9694,Alto,2,98.3
Cuauhtémoc,Madrugada (00-05),Viernes,7,0,0,3,0.1041,0.613,0.2829,Medio,1,58.9
Cuauhtémoc,Madrugada (00-05),Viernes,7,1,0,3,0.1663,0.6283,0.2055,Medio,1,52.0
Cuauhtémoc,Mañana (06-11),Viernes,7,0,0,3,0.0044,0.0921,0.9035,Alto,2,95.0
Cuauhtémoc,Mañana (06-11),Viernes,7,1,0,3,0.0122,0.107,0.8808,Alto,2,93.4
Cuauhtémoc,Noche (18-23),Viernes,7,0,0,3,0.0008,0.0142,0.985,Alto,2,99.2
Cuauhtémoc,Noche (18-23),Viernes,7,1,0,3,0.0013,0.0173,0.9814,Alto,2,99.0
Cuauhtémoc,Tarde (12-17),Viernes,7,0,0,3,0.002,0.0234,0.9746,Alto,2,98.6
Cuauhtémoc,Tarde (12-17),Viernes,7,1,0,3,0.004,0.0307,0.9654,Alto,2,98.1
Cuauhtémoc,Madrugada (00-05),Domingo,8,0,1,3,0.0224,0.2062,0.7714,Alto,2,87.4
Cuauhtémoc,Madrugada (00-05),Domingo,8,1,1,3,0.0219,0.2432,0.7349,Alto,2,85.6
Cuauhtémoc,Mañana (06-11),Domingo,8,0,1,3,0.0422,0.4949,0.4629,Medio,1,71.0
Cuauhtémoc,Mañana (06-11),Domingo,8,1,1,3,0.064,0.5156,0.4204,Medio,1,67.8
Cuauhtémoc,Noche (18-23),Domingo,8,0,1,3,0.0053,0.0273,0.9674,Alto,2,98.1
Cuauhtémoc,Noche (18-23),Domingo,8,1,1,3,0.0027,0.0288,0.9684,Alto,2,98.3
Cuauhtémoc,Tarde (12-17),Domingo,8,0,1,3,0.0064,0.0881,0.9055,Alto,2,95.0
Cuauhtémoc,Tarde (12-17),Domingo,8,1,1,3,0.0055,0.1111,0.8834,Alto,2,93.9
Cuauhtémoc,Madrugada (00-05),Jueves,8,0,0,3,0.3497,0.542,0.1084,Medio,1,37.9
Cuauhtémoc,Madrugada (00-05),Jueves,8,1,0,3,0.4398,0.4714,0.0888,Medio,1,32.4
Cuauhtémoc,Mañana (06-11),Jueves,8,0,0,3,0.0076,0.0635,0.9289,Alto,2,96.1
Cuauhtémoc,Mañana (06-11),Jueves,8,1,0,3,0.0125,0.0639,0.9236,Alto,2,95.6
Cuauhtémoc,Noche (18-23),Jueves,8,0,0,3,0.0044,0.036,0.9596,Alto,2,97.8
Cuauhtémoc,Noche (18-23),Jueves,8,1,0,3,0.0044,0.0346,0.961,Alto,2,97.8
Cuauhtémoc,Tarde (12-17),Jueves,8,0,0,3,0.0035,0.0499,0.9466,Alto,2,97.2
Cuauhtémoc,Tarde (12-17),Jueves,8,1,0,3,0.0057,0.0575,0.9367,Alto,2,96.5
Cuauhtémoc,Madrugada (00-05),Lunes,8,0,0,3,0.3911,0.5117,0.0972,Medio,1,35.3
Cuauhtémoc,Madrugada (00-05),Lunes,8,1,0,3,0.5172,0.3892,0.0936,Bajo,0,28.8
Cuauhtémoc,Mañana (06-11),Lunes,8,0,0,3,0.0178,0.0849,0.8973,Alto,2,94.0
Cuauhtémoc,Mañana (06-11),Lunes,8,1,0,3,0.025,0.0775,0.8975,Alto,2,93.6
Cuauhtémoc,Noche (18-23),Lunes,8,0,0,3,0.0649,0.1169,0.8182,Alto,2,87.7
Cuauhtémoc,Noche (18-23),Lunes,8,1,0,3,0.0307,0.067,0.9024,Alto,2,93.6
Cuauhtémoc,Tarde (12-17),Lunes,8,0,0,3,0.0072,0.0481,0.9447,Alto,2,96.9
Cuauhtémoc,Tarde (12-17),Lunes,8,1,0,3,0.0091,0.0323,0.9586,Alto,2,97.5
Cuauhtémoc,Madrugada (00-05),Martes,8,0,0,3,0.7465,0.1898,0.0637,Bajo,0,15.9
Cuauhtémoc,Madrugada (00-05),Martes,8,1,0,3,0.6756,0.2644,0.06,Bajo,0,19.2
Cuauhtémoc,Mañana (06-11),Martes,8,0,0,3,0.0122,0.0328,0.955,Alto,2,97.1
Cuauhtémoc,Mañana (06-11),Martes,8,1,0,3,0.0143,0.0435,0.9423,Alto,2,96.4
Cuauhtémoc,Noche (18-23),Martes,8,0,0,3,0.01,0.0351,0.9549,Alto,2,97.2
Cuauhtémoc,Noche (18-23),Martes,8,1,0,3,0.0071,0.0362,0.9567,Alto,2,97.5
Cuauhtémoc,Tarde (12-17),Martes,8,0,0,3,0.0063,0.0231,0.9706,Alto,2,98.2
Cuauhtémoc,Tarde (12-17),Martes,8,1,0,3,0.0056,0.0273,0.9671,Alto,2,98.1
Cuauhtémoc,Madrugada (00-05),Miércoles,8,0,0,3,0.363,0.5572,0.0798,Medio,1,35.8
Cuauhtémoc,Madrugada (00-05),Miércoles,8,1,0,3,0.5179,0.431,0.0511,Bajo,0,26.7
Cuauhtémoc,Mañana (06-11),Miércoles,8,0,0,3,0.0089,0.0877,0.9034,Alto,2,94.7
Cuauhtémoc,Mañana (06-11),Miércoles,8,1,0,3,0.0206,0.0916,0.8878,Alto,2,93.4
Cuauhtémoc,Noche (18-23),Miércoles,8,0,0,3,0.0046,0.0635,0.932,Alto,2,96.4
Cuauhtémoc,Noche (18-23),Miércoles,8,1,0,3,0.0073,0.0824,0.9103,Alto,2,95.2
Cuauhtémoc,Tarde (12-17),Miércoles,8,0,0,3,0.0027,0.0168,0.9805,Alto,2,98.9
Cuauhtémoc,Tarde (12-17),Miércoles,8,1,0,3,0.0042,0.0169,0.9789,Alto,2,98.7
Cuauhtémoc,Madrugada (00-05),Sábado,8,0,1,3,0.0159,0.0882,0.8959,Alto,2,94.0
Cuauhtémoc,Madrugada (00-05),Sábado,8,1,1,3,0.0197,0.1423,0.838,Alto,2,90.9
Cuauhtémoc,Mañana (06-11),Sábado,8,0,1,3,0.0211,0.2012,0.7778,Alto,2,87.8
Cuauhtémoc,Mañana (06-11),Sábado,8,1,1,3,0.0398,0.3176,0.6426,Alto,2,80.1
Cuauhtémoc,Noche (18-23),Sábado,8,0,1,3,0.0036,0.0119,0.9845,Alto,2,99.0
Cuauhtémoc,Noche (18-23),Sábado,8,1,1,3,0.0022,0.017,0.9807,Alto,2,98.9
Cuauhtémoc,Tarde (12-17),Sábado,8,0,1,3,0.0017,0.0109,0.9875,Alto,2,99.3
Cuauhtémoc,Tarde (12-17),Sábado,8,1,1,3,0.002,0.0188,0.9792,Alto,2,98.9
Cuauhtémoc,Madrugada (00-05),Viernes,8,0,0,3,0.1366,0.5844,0.279,Medio,1,57.1
Cuauhtémoc,Madrugada (00-05),Viernes,8,1,0,3,0.1432,0.6699,0.187,Medio,1,52.2
Cuauhtémoc,Mañana (06-11),Viernes,8,0,0,3,0.007,0.1041,0.8889,Alto,2,94.1
Cuauhtémoc,Mañana (06-11),Viernes,8,1,0,3,0.0123,0.1463,0.8414,Alto,2,91.5
Cuauhtémoc,Noche (18-23),Viernes,8,0,0,3,0.0007,0.0135,0.9858,Alto,2,99.3
Cuauhtémoc,Noche (18-23),Viernes,8,1,0,3,0.001,0.0193,0.9797,Alto,2,98.9
Cuauhtémoc,Tarde (12-17),Viernes,8,0,0,3,0.0023,0.0207,0.977,Alto,2,98.7
Cuauhtémoc,Tarde (12-17),Viernes,8,1,0,3,0.0035,0.0314,0.9652,Alto,2,98.1
Cuauhtémoc,Madrugada (00-05),Domingo,9,0,1,3,0.0224,0.2206,0.7571,Alto,2,86.7
Cuauhtémoc,Madrugada (00-05),Domingo,9,1,1,3,0.0156,0.2973,0.6871,Alto,2,83.6
Cuauhtémoc,Mañana (06-11),Domingo,9,0,1,3,0.0369,0.4724,0.4906,Alto,2,72.7
Cuauhtémoc,Mañana (06-11),Domingo,9,1,1,3,0.1373,0.4903,0.3724,Medio,1,61.8
Cuauhtémoc,Noche (18-23),Domingo,9,0,1,3,0.0064,0.0345,0.9591,Alto,2,97.6
Cuauhtémoc,Noche (18-23),Domingo,9,1,1,3,0.0025,0.0406,0.9568,Alto,2,97.7
Cuauhtémoc,Tarde (12-17),Domingo,9,0,1,3,0.0069,0.0859,0.9072,Alto,2,95.0
Cuauhtémoc,Tarde (12-17),Domingo,9,1,1,3,0.0044,0.1254,0.8702,Alto,2,93.3
Cuauhtémoc,Madrugada (00-05),Jueves,9,0,0,3,0.26,0.6284,0.1116,Medio,1,42.6
Cuauhtémoc,Madrugada (00-05),Jueves,9,1,0,3,0.183,0.7335,0.0835,Medio,1,45.0
Cuauhtémoc,Mañana (06-11),Jueves,9,0,0,3,0.0037,0.054,0.9423,Alto,2,96.9
Cuauhtémoc,Mañana (06-11),Jueves,9,1,0,3,0.0093,0.0791,0.9116,Alto,2,95.1
Cuauhtémoc,Noche (18-23),Jueves,9,0,0,3,0.004,0.0428,0.9532,Alto,2,97.5
Cuauhtémoc,Noche (18-23),Jueves,9,1,0,3,0.0026,0.0558,0.9416,Alto,2,96.9
Cuauhtémoc,Tarde (12-17),Jueves,9,0,0,3,0.0026,0.0444,0.953,Alto,2,97.5
Cuauhtémoc,Tarde (12-17),Jueves,9,1,0,3,0.0025,0.0646,0.9329,Alto,2,96.5
Cuauhtémoc,Madrugada (00-05),Lunes,9,0,0,3,0.2786,0.6152,0.1061,Medio,1,41.4
Cuauhtémoc,Madrugada (00-05),Lunes,9,1,0,3,0.2119,0.6795,0.1086,Medio,1,44.8
Cuauhtémoc,Mañana (06-11),Lunes,9,0,0,3,0.0069,0.0639,0.9291,Alto,2,96.1
Cuauhtémoc,Mañana (06-11),Lunes,9,1,0,3,0.012,0.0789,0.909,Alto,2,94.8
Cuauhtémoc,Noche (18-23),Lunes,9,0,0,3,0.0522,0.1457,0.8021,Alto,2,87.5
Cuauhtémoc,Noche (18-23),Lunes,9,1,0,3,0.0136,0.1048,0.8816,Alto,2,93.4
Cuauhtémoc,Tarde (12-17),Lunes,9,0,0,3,0.0045,0.0438,0.9517,Alto,2,97.4
Cuauhtémoc,Tarde (12-17),Lunes,9,1,0,3,0.0032,0.0389,0.9579,Alto,2,97.7
Cuauhtémoc,Madrugada (00-05),Martes,9,0,0,3,0.7043,0.2274,0.0683,Bajo,0,18.2
Cuauhtémoc,Madrugada (00-05),Martes,9,1,0,3,0.3764,0.5521,0.0715,Medio,1,34.8
Cuauhtémoc,Mañana (06-11),Martes,9,0,0,3,0.0058,0.0249,0.9693,Alto,2,98.2
Cuauhtémoc,Mañana (06-11),Martes,9,1,0,3,0.0098,0.0516,0.9386,Alto,2,96.4
Cuauhtémoc,Noche (18-23),Martes,9,0,0,3,0.0113,0.0444,0.9442,Alto,2,96.6
Cuauhtémoc,Noche (18-23),Martes,9,1,0,3,0.0045,0.0726,0.9229,Alto,2,95.9
Cuauhtémoc,Tarde (12-17),Martes,9,0,0,3,0.005,0.0198,0.9752,Alto,2,98.5
Cuauhtémoc,Tarde (12-17),Martes,9,1,0,3,0.0028,0.0351,0.9621,Alto,2,98.0
Cuauhtémoc,Madrugada (00-05),Miércoles,9,0,0,3,0.3818,0.517,0.1012,Medio,1,36.0
Cuauhtémoc,Madrugada (00-05),Miércoles,9,1,0,3,0.4251,0.5091,0.0658,Medio,1,32.0
Cuauhtémoc,Mañana (06-11),Miércoles,9,0,0,3,0.0046,0.052,0.9434,Alto,2,96.9
Cuauhtémoc,Mañana (06-11),Miércoles,9,1,0,3,0.0154,0.0679,0.9167,Alto,2,95.1
Cuauhtémoc,Noche (18-23),Miércoles,9,0,0,3,0.0052,0.0526,0.9422,Alto,2,96.8
Cuauhtémoc,Noche (18-23),Miércoles,9,1,0,3,0.0067,0.0799,0.9134,Alto,2,95.3
Cuauhtémoc,Tarde (12-17),Miércoles,9,0,0,3,0.0021,0.0108,0.9871,Alto,2,99.3
Cuauhtémoc,Tarde (12-17),Miércoles,9,1,0,3,0.0026,0.013,0.9844,Alto,2,99.1
Cuauhtémoc,Madrugada (00-05),Sábado,9,0,1,3,0.0198,0.1046,0.8756,Alto,2,92.8
Cuauhtémoc,Madrugada (00-05),Sábado,9,1,1,3,0.0194,0.1884,0.7921,Alto,2,88.6
Cuauhtémoc,Mañana (06-11),Sábado,9,0,1,3,0.0214,0.2257,0.753,Alto,2,86.6
Cuauhtémoc,Mañana (06-11),Sábado,9,1,1,3,0.1091,0.358,0.5329,Alto,2,71.2
Cuauhtémoc,Noche (18-23),Sábado,9,0,1,3,0.0051,0.0145,0.9804,Alto,2,98.8
Cuauhtémoc,Noche (18-23),Sábado,9,1,1,3,0.0027,0.0223,0.9751,Alto,2,98.6
Cuauhtémoc,Tarde (12-17),Sábado,9,0,1,3,0.0021,0.0115,0.9864,Alto,2,99.2
Cuauhtémoc,Tarde (12-17),Sábado,9,1,1,3,0.0022,0.0223,0.9755,Alto,2,98.7
Cuauhtémoc,Madrugada (00-05),Viernes,9,0,0,3,0.1266,0.6184,0.255,Medio,1,56.4
Cuauhtémoc,Madrugada (00-05),Viernes,9,1,0,3,0.0636,0.8175,0.1189,Medio,1,52.8
Cuauhtémoc,Mañana (06-11),Viernes,9,0,0,3,0.0038,0.0685,0.9277,Alto,2,96.2
Cuauhtémoc,Mañana (06-11),Viernes,9,1,0,3,0.0105,0.1477,0.8418,Alto,2,91.6
Cuauhtémoc,Noche (18-23),Viernes,9,0,0,3,0.001,0.0167,0.9824,Alto,2,99.1
Cuauhtémoc,Noche (18-23),Viernes,9,1,0,3,0.0008,0.0355,0.9637,Alto,2,98.1
Cuauhtémoc,Tarde (12-17),Viernes,9,0,0,3,0.0016,0.0165,0.9818,Alto,2,99.0
Cuauhtémoc,Tarde (12-17),Viernes,9,1,0,3,0.0017,0.0369,0.9615,Alto,2,98.0
Cuauhtémoc,Madrugada (00-05),Domingo,10,0,1,4,0.0193,0.2571,0.7236,Alto,2,85.2
Cuauhtémoc,Madrugada (00-05),Domingo,10,1,1,4,0.0079,0.3155,0.6766,Alto,2,83.4
Cuauhtémoc,Mañana (06-11),Domingo,10,0,1,4,0.0223,0.4218,0.5559,Alto,2,76.7
Cuauhtémoc,Mañana (06-11),Domingo,10,1,1,4,0.0321,0.4524,0.5155,Alto,2,74.2
Cuauhtémoc,Noche (18-23),Domingo,10,0,1,4,0.004,0.057,0.939,Alto,2,96.7
Cuauhtémoc,Noche (18-23),Domingo,10,1,1,4,0.0013,0.0548,0.944,Alto,2,97.1
Cuauhtémoc,Tarde (12-17),Domingo,10,0,1,4,0.005,0.1037,0.8913,Alto,2,94.3
Cuauhtémoc,Tarde (12-17),Domingo,10,1,1,4,0.002,0.1404,0.8575,Alto,2,92.8
Cuauhtémoc,Madrugada (00-05),Jueves,10,0,0,4,0.1631,0.7147,0.1222,Medio,1,48.0
Cuauhtémoc,Madrugada (00-05),Jueves,10,1,0,4,0.0907,0.8071,0.1022,Medio,1,50.6
Cuauhtémoc,Mañana (06-11),Jueves,10,0,0,4,0.002,0.0501,0.9479,Alto,2,97.3
Cuauhtémoc,Mañana (06-11),Jueves,10,1,0,4,0.0029,0.0581,0.939,Alto,2,96.8
Cuauhtémoc,Noche (18-23),Jueves,10,0,0,4,0.0026,0.0706,0.9268,Alto,2,96.2
Cuauhtémoc,Noche (18-23),Jueves,10,1,0,4,0.0015,0.0715,0.927,Alto,2,96.3
Cuauhtémoc,Tarde (12-17),Jueves,10,0,0,4,0.0014,0.0427,0.9559,Alto,2,97.7
Cuauhtémoc,Tarde (12-17),Jueves,10,1,0,4,0.001,0.0566,0.9424,Alto,2,97.1
Cuauhtémoc,Madrugada (00-05),Lunes,10,0,0,4,0.1846,0.6595,0.1559,Medio,1,48.6
Cuauhtémoc,Madrugada (00-05),Lunes,10,1,0,4,0.1248,0.7101,0.1651,Medio,1,52.0
Cuauhtémoc,Mañana (06-11),Lunes,10,0,0,4,0.004,0.0495,0.9465,Alto,2,97.1
Cuauhtémoc,Mañana (06-11),Lunes,10,1,0,4,0.0053,0.0587,0.9361,Alto,2,96.5
Cuauhtémoc,Noche (18-23),Lunes,10,0,0,4,0.0228,0.2468,0.7305,Alto,2,85.4
Cuauhtémoc,Noche (18-23),Lunes,10,1,0,4,0.0068,0.1725,0.8207,Alto,2,90.7
Cuauhtémoc,Tarde (12-17),Lunes,10,0,0,4,0.0018,0.0298,0.9684,Alto,2,98.3
Cuauhtémoc,Tarde (12-17),Lunes,10,1,0,4,0.0012,0.0257,0.9731,Alto,2,98.6
Cuauhtémoc,Madrugada (00-05),Martes,10,0,0,4,0.6844,0.2388,0.0767,Bajo,0,19.6
Cuauhtémoc,Madrugada (00-05),Martes,10,1,0,4,0.2841,0.6131,0.1028,Medio,1,40.9
Cuauhtémoc,Mañana (06-11),Martes,10,0,0,4,0.0047,0.0204,0.9749,Alto,2,98.5
Cuauhtémoc,Mañana (06-11),Martes,10,1,0,4,0.0048,0.0327,0.9625,Alto,2,97.9
Cuauhtémoc,Noche (18-23),Martes,10,0,0,4,0.0097,0.0689,0.9215,Alto,2,95.6
Cuauhtémoc,Noche (18-23),Martes,10,1,0,4,0.0025,0.0899,0.9075,Alto,2,95.2
Cuauhtémoc,Tarde (12-17),Martes,10,0,0,4,0.0037,0.0163,0.98,Alto,2,98.8
Cuauhtémoc,Tarde (12-17),Martes,10,1,0,4,0.0014,0.0253,0.9733,Alto,2,98.6
Cuauhtémoc,Madrugada (00-05),Miércoles,10,0,0,4,0.2069,0.7283,0.0648,Medio,1,42.9
Cuauhtémoc,Madrugada (00-05),Miércoles,10,1,0,4,0.2722,0.6548,0.073,Medio,1,40.0
Cuauhtémoc,Mañana (06-11),Miércoles,10,0,0,4,0.0047,0.1142,0.881,Alto,2,93.8
Cuauhtémoc,Mañana (06-11),Miércoles,10,1,0,4,0.0085,0.0665,0.925,Alto,2,95.8
Cuauhtémoc,Noche (18-23),Miércoles,10,0,0,4,0.0035,0.1563,0.8401,Alto,2,91.8
Cuauhtémoc,Noche (18-23),Miércoles,10,1,0,4,0.0041,0.1291,0.8668,Alto,2,93.1
Cuauhtémoc,Tarde (12-17),Miércoles,10,0,0,4,0.0014,0.0172,0.9814,Alto,2,99.0
Cuauhtémoc,Tarde (12-17),Miércoles,10,1,0,4,0.0015,0.0141,0.9844,Alto,2,99.1
Cuauhtémoc,Madrugada (00-05),Sábado,10,0,1,4,0.0155,0.1115,0.873,Alto,2,92.9
Cuauhtémoc,Madrugada (00-05),Sábado,10,1,1,4,0.0088,0.1746,0.8166,Alto,2,90.4
Cuauhtémoc,Mañana (06-11),Sábado,10,0,1,4,0.0113,0.1472,0.8415,Alto,2,91.5
Cuauhtémoc,Mañana (06-11),Sábado,10,1,1,4,0.0228,0.2467,0.7305,Alto,2,85.4
Cuauhtémoc,Noche (18-23),Sábado,10,0,1,4,0.0029,0.022,0.975,Alto,2,98.6
Cuauhtémoc,Noche (18-23),Sábado,10,1,1,4,0.0012,0.0255,0.9733,Alto,2,98.6
Cuauhtémoc,Tarde (12-17),Sábado,10,0,1,4,0.0014,0.0123,0.9864,Alto,2,99.2
Cuauhtémoc,Tarde (12-17),Sábado,10,1,1,4,0.0009,0.0205,0.9786,Alto,2,98.9
Cuauhtémoc,Madrugada (00-05),Viernes,10,0,0,4,0.0969,0.5148,0.3883,Medio,1,64.6
Cuauhtémoc,Madrugada (00-05),Viernes,10,1,0,4,0.0446,0.6878,0.2676,Medio,1,61.2
Cuauhtémoc,Mañana (06-11),Viernes,10,0,0,4,0.0019,0.0331,0.965,Alto,2,98.2
Cuauhtémoc,Mañana (06-11),Viernes,10,1,0,4,0.0028,0.0492,0.948,Alto,2,97.3
Cuauhtémoc,Noche (18-23),Viernes,10,0,0,4,0.0004,0.0136,0.986,Alto,2,99.3
Cuauhtémoc,Noche (18-23),Viernes,10,1,0,4,0.0003,0.0196,0.9802,Alto,2,99.0
Cuauhtémoc,Tarde (12-17),Viernes,10,0,0,4,0.0007,0.0085,0.9908,Alto,2,99.5
Cuauhtémoc,Tarde (12-17),Viernes,10,1,0,4,0.0005,0.014,0.9856,Alto,2,99.3
Cuauhtémoc,Madrugada (00-05),Domingo,11,0,1,4,0.0284,0.317,0.6546,Alto,2,81.3
Cuauhtémoc,Madrugada (00-05),Domingo,11,1,1,4,0.0131,0.368,0.6189,Alto,2,80.3
Cuauhtémoc,Mañana (06-11),Domingo,11,0,1,4,0.0188,0.4736,0.5075,Alto,2,74.4
Cuauhtémoc,Mañana (06-11),Domingo,11,1,1,4,0.0347,0.48,0.4854,Alto,2,72.5
Cuauhtémoc,Noche (18-23),Domingo,11,0,1,4,0.0063,0.0798,0.9139,Alto,2,95.4
Cuauhtémoc,Noche (18-23),Domingo,11,1,1,4,0.0019,0.08,0.9181,Alto,2,95.8
Cuauhtémoc,Tarde (12-17),Domingo,11,0,1,4,0.0061,0.0898,0.9041,Alto,2,94.9
Cuauhtémoc,Tarde (12-17),Domingo,11,1,1,4,0.0027,0.1202,0.877,Alto,2,93.7
Cuauhtémoc,Madrugada (00-05),Jueves,11,0,0,4,0.2345,0.6534,0.1121,Medio,1,43.9
Cuauhtémoc,Madrugada (00-05),Jueves,11,1,0,4,0.1336,0.7647,0.1017,Medio,1,48.4
Cuauhtémoc,Mañana (06-11),Jueves,11,0,0,4,0.003,0.0568,0.9403,Alto,2,96.9
Cuauhtémoc,Mañana (06-11),Jueves,11,1,0,4,0.0043,0.0598,0.9359,Alto,2,96.6
Cuauhtémoc,Noche (18-23),Jueves,11,0,0,4,0.0044,0.0951,0.9005,Alto,2,94.8
Cuauhtémoc,Noche (18-23),Jueves,11,1,0,4,0.0022,0.0978,0.9,Alto,2,94.9
Cuauhtémoc,Tarde (12-17),Jueves,11,0,0,4,0.0019,0.0347,0.9634,Alto,2,98.1
Cuauhtémoc,Tarde (12-17),Jueves,11,1,0,4,0.0013,0.0451,0.9536,Alto,2,97.6
Cuauhtémoc,Madrugada (00-05),Lunes,11,0,0,4,0.324,0.553,0.123,Medio,1,39.9
Cuauhtémoc,Madrugada (00-05),Lunes,11,1,0,4,0.2344,0.6555,0.1101,Medio,1,43.8
Cuauhtémoc,Mañana (06-11),Lunes,11,0,0,4,0.0063,0.0573,0.9364,Alto,2,96.5
Cuauhtémoc,Mañana (06-11),Lunes,11,1,0,4,0.0118,0.0902,0.898,Alto,2,94.3
Cuauhtémoc,Noche (18-23),Lunes,11,0,0,4,0.048,0.4078,0.5442,Alto,2,74.8
Cuauhtémoc,Noche (18-23),Lunes,11,1,0,4,0.0153,0.3353,0.6495,Alto,2,81.7
Cuauhtémoc,Tarde (12-17),Lunes,11,0,0,4,0.0034,0.0254,0.9711,Alto,2,98.4
Cuauhtémoc,Tarde (12-17),Lunes,11,1,0,4,0.0028,0.03,0.9671,Alto,2,98.2
Cuauhtémoc,Madrugada (00-05),Martes,11,0,0,4,0.7631,0.1799,0.057,Bajo,0,14.7
Cuauhtémoc,Madrugada (00-05),Martes,11,1,0,4,0.4312,0.4779,0.0909,Medio,1,33.0
Cuauhtémoc,Mañana (06-11),Martes,11,0,0,4,0.0065,0.0215,0.9721,Alto,2,98.3
Cuauhtémoc,Mañana (06-11),Martes,11,1,0,4,0.0077,0.0283,0.9639,Alto,2,97.8
Cuauhtémoc,Noche (18-23),Martes,11,0,0,4,0.0155,0.0942,0.8904,Alto,2,93.7
Cuauhtémoc,Noche (18-23),Martes,11,1,0,4,0.0043,0.117,0.8787,Alto,2,93.7
Cuauhtémoc,Tarde (12-17),Martes,11,0,0,4,0.0049,0.0125,0.9826,Alto,2,98.9
Cuauhtémoc,Tarde (12-17),Martes,11,1,0,4,0.0021,0.0177,0.9802,Alto,2,98.9
Cuauhtémoc,Madrugada (00-05),Miércoles,11,0,0,4,0.2376,0.7244,0.038,Medio,1,40.0
Cuauhtémoc,Madrugada (00-05),Miércoles,11,1,0,4,0.2946,0.6602,0.0452,Medio,1,37.5
Cuauhtémoc,Mañana (06-11),Miércoles,11,0,0,4,0.0083,0.2229,0.7689,Alto,2,88.0
Cuauhtémoc,Mañana (06-11),Miércoles,11,1,0,4,0.0137,0.1208,0.8656,Alto,2,92.6
Cuauhtémoc,Noche (18-23),Miércoles,11,0,0,4,0.0068,0.2617,0.7315,Alto,2,86.2
Cuauhtémoc,Noche (18-23),Miércoles,11,1,0,4,0.0063,0.2244,0.7693,Alto,2,88.2
Cuauhtémoc,Tarde (12-17),Miércoles,11,0,0,4,0.0024,0.024,0.9736,Alto,2,98.6
Cuauhtémoc,Tarde (12-17),Miércoles,11,1,0,4,0.0023,0.0191,0.9786,Alto,2,98.8
Cuauhtémoc,Madrugada (00-05),Sábado,11,0,1,4,0.0222,0.1273,0.8505,Alto,2,91.4
Cuauhtémoc,Madrugada (00-05),Sábado,11,1,1,4,0.0114,0.1564,0.8323,Alto,2,91.0
Cuauhtémoc,Mañana (06-11),Sábado,11,0,1,4,0.0108,0.1627,0.8265,Alto,2,90.8
Cuauhtémoc,Mañana (06-11),Sábado,11,1,1,4,0.0218,0.2135,0.7647,Alto,2,87.1
Cuauhtémoc,Noche (18-23),Sábado,11,0,1,4,0.0049,0.0304,0.9648,Alto,2,98.0
Cuauhtémoc,Noche (18-23),Sábado,11,1,1,4,0.0016,0.0305,0.9679,Alto,2,98.3
Cuauhtémoc,Tarde (12-17),Sábado,11,0,1,4,0.0021,0.0119,0.986,Alto,2,99.2
Cuauhtémoc,Tarde (12-17),Sábado,11,1,1,4,0.0011,0.0148,0.9841,Alto,2,99.2
Cuauhtémoc,Madrugada (00-05),Viernes,11,0,0,4,0.1614,0.5119,0.3266,Medio,1,58.3
Cuauhtémoc,Madrugada (00-05),Viernes,11,1,0,4,0.0723,0.6978,0.2299,Medio,1,57.9
Cuauhtémoc,Mañana (06-11),Viernes,11,0,0,4,0.0024,0.0412,0.9564,Alto,2,97.7
Cuauhtémoc,Mañana (06-11),Viernes,11,1,0,4,0.0036,0.0578,0.9386,Alto,2,96.8
Cuauhtémoc,Noche (18-23),Viernes,11,0,0,4,0.0012,0.0314,0.9674,Alto,2,98.3
Cuauhtémoc,Noche (18-23),Viernes,11,1,0,4,0.0008,0.0502,0.949,Alto,2,97.4
Cuauhtémoc,Tarde (12-17),Viernes,11,0,0,4,0.0013,0.0082,0.9905,Alto,2,99.5
Cuauhtémoc,Tarde (12-17),Viernes,11,1,0,4,0.0009,0.014,0.9851,Alto,2,99.2
Cuauhtémoc,Madrugada (00-05),Domingo,12,0,1,4,0.029,0.2005,0.7704,Alto,2,87.1
Cuauhtémoc,Madrugada (00-05),Domingo,12,1,1,4,0.0142,0.3551,0.6306,Alto,2,80.8
Cuauhtémoc,Mañana (06-11),Domingo,12,0,1,4,0.0251,0.2567,0.7182,Alto,2,84.7
Cuauhtémoc,Mañana (06-11),Domingo,12,1,1,4,0.0562,0.4499,0.4939,Alto,2,71.9
Cuauhtémoc,Noche (18-23),Domingo,12,0,1,4,0.006,0.0543,0.9397,Alto,2,96.7
Cuauhtémoc,Noche (18-23),Domingo,12,1,1,4,0.002,0.0634,0.9346,Alto,2,96.6
Cuauhtémoc,Tarde (12-17),Domingo,12,0,1,4,0.0048,0.0541,0.9411,Alto,2,96.8
Cuauhtémoc,Tarde (12-17),Domingo,12,1,1,4,0.0029,0.129,0.8681,Alto,2,93.3
Cuauhtémoc,Madrugada (00-05),Jueves,12,0,0,4,0.2086,0.5509,0.2405,Medio,1,51.6
Cuauhtémoc,Madrugada (00-05),Jueves,12,1,0,4,0.1193,0.6883,0.1924,Medio,1,53.7
Cuauhtémoc,Mañana (06-11),Jueves,12,0,0,4,0.0022,0.0205,0.9774,Alto,2,98.8
Cuauhtémoc,Mañana (06-11),Jueves,12,1,0,4,0.0073,0.036,0.9566,Alto,2,97.5
Cuauhtémoc,Noche (18-23),Jueves,12,0,0,4,0.0028,0.07,0.9272,Alto,2,96.2
Cuauhtémoc,Noche (18-23),Jueves,12,1,0,4,0.0014,0.0623,0.9363,Alto,2,96.7
Cuauhtémoc,Tarde (12-17),Jueves,12,0,0,4,0.0012,0.0184,0.9805,Alto,2,99.0
Cuauhtémoc,Tarde (12-17),Jueves,12,1,0,4,0.0011,0.0285,0.9705,Alto,2,98.5
Cuauhtémoc,Madrugada (00-05),Lunes,12,0,0,4,0.3308,0.4069,0.2622,Medio,1,46.6
Cuauhtémoc,Madrugada (00-05),Lunes,12,1,0,4,0.2885,0.5198,0.1918,Medio,1,45.2
Cuauhtémoc,Mañana (06-11),Lunes,12,0,0,4,0.0048,0.0177,0.9775,Alto,2,98.6
Cuauhtémoc,Mañana (06-11),Lunes,12,1,0,4,0.0247,0.0436,0.9317,Alto,2,95.4
Cuauhtémoc,Noche (18-23),Lunes,12,0,0,4,0.0488,0.1659,0.7853,Alto,2,86.8
Cuauhtémoc,Noche (18-23),Lunes,12,1,0,4,0.013,0.136,0.851,Alto,2,91.9
Cuauhtémoc,Tarde (12-17),Lunes,12,0,0,4,0.0021,0.0147,0.9832,Alto,2,99.1
Cuauhtémoc,Tarde (12-17),Lunes,12,1,0,4,0.0028,0.0225,0.9747,Alto,2,98.6
Cuauhtémoc,Madrugada (00-05),Martes,12,0,0,4,0.5599,0.3846,0.0555,Bajo,0,24.8
Cuauhtémoc,Madrugada (00-05),Martes,12,1,0,4,0.5204,0.4192,0.0604,Bajo,0,27.0
Cuauhtémoc,Mañana (06-11),Martes,12,0,0,4,0.0118,0.0517,0.9365,Alto,2,96.2
Cuauhtémoc,Mañana (06-11),Martes,12,1,0,4,0.0687,0.0587,0.8725,Alto,2,90.2
Cuauhtémoc,Noche (18-23),Martes,12,0,0,4,0.0132,0.2108,0.776,Alto,2,88.1
Cuauhtémoc,Noche (18-23),Martes,12,1,0,4,0.0091,0.1388,0.852,Alto,2,92.1
Cuauhtémoc,Tarde (12-17),Martes,12,0,0,4,0.004,0.0322,0.9638,Alto,2,98.0
Cuauhtémoc,Tarde (12-17),Martes,12,1,0,4,0.0047,0.0282,0.9671,Alto,2,98.1
Cuauhtémoc,Madrugada (00-05),Miércoles,12,0,0,4,0.6586,0.2664,0.075,Bajo,0,20.8
Cuauhtémoc,Madrugada (00-05),Miércoles,12,1,0,4,0.523,0.3979,0.079,Bajo,0,27.8
Cuauhtémoc,Mañana (06-11),Miércoles,12,0,0,4,0.0172,0.0407,0.9421,Alto,2,96.2
Cuauhtémoc,Mañana (06-11),Miércoles,12,1,0,4,0.0459,0.0513,0.9028,Alto,2,92.8
Cuauhtémoc,Noche (18-23),Miércoles,12,0,0,4,0.0156,0.0946,0.8898,Alto,2,93.7
Cuauhtémoc,Noche (18-23),Miércoles,12,1,0,4,0.009,0.0953,0.8957,Alto,2,94.3
Cuauhtémoc,Tarde (12-17),Miércoles,12,0,0,4,0.0045,0.0078,0.9877,Alto,2,99.2
Cuauhtémoc,Tarde (12-17),Miércoles,12,1,0,4,0.0038,0.0109,0.9854,Alto,2,99.1
Cuauhtémoc,Madrugada (00-05),Sábado,12,0,1,4,0.0133,0.0548,0.9319,Alto,2,95.9
Cuauhtémoc,Madrugada (00-05),Sábado,12,1,1,4,0.008,0.1058,0.8862,Alto,2,93.9
Cuauhtémoc,Mañana (06-11),Sábado,12,0,1,4,0.0105,0.0723,0.9172,Alto,2,95.3
Cuauhtémoc,Mañana (06-11),Sábado,12,1,1,4,0.0301,0.188,0.782,Alto,2,87.6
Cuauhtémoc,Noche (18-23),Sábado,12,0,1,4,0.004,0.0179,0.9781,Alto,2,98.7
Cuauhtémoc,Noche (18-23),Sábado,12,1,1,4,0.0014,0.0192,0.9794,Alto,2,98.9
Cuauhtémoc,Tarde (12-17),Sábado,12,0,1,4,0.001,0.0051,0.9939,Alto,2,99.6
Cuauhtémoc,Tarde (12-17),Sábado,12,1,1,4,0.0008,0.012,0.9872,Alto,2,99.3
Cuauhtémoc,Madrugada (00-05),Viernes,12,0,0,4,0.3458,0.2655,0.3887,Alto,2,52.1
Cuauhtémoc,Madrugada (00-05),Viernes,12,1,0,4,0.1597,0.4979,0.3424,Medio,1,59.1
Cuauhtémoc,Mañana (06-11),Viernes,12,0,0,4,0.0076,0.0165,0.9759,Alto,2,98.4
Cuauhtémoc,Mañana (06-11),Viernes,12,1,0,4,0.0186,0.0317,0.9497,Alto,2,96.6
Cuauhtémoc,Noche (18-23),Viernes,12,0,0,4,0.0032,0.026,0.9708,Alto,2,98.4
Cuauhtémoc,Noche (18-23),Viernes,12,1,0,4,0.002,0.038,0.96,Alto,2,97.9
Cuauhtémoc,Tarde (12-17),Viernes,12,0,0,4,0.0022,0.0054,0.9923,Alto,2,99.5
Cuauhtémoc,Tarde (12-17),Viernes,12,1,0,4,0.0014,0.01,0.9886,Alto,2,99.4
Gustavo A. Madero,Madrugada (00-05),Domingo,1,0,1,1,0.0531,0.6768,0.2701,Medio,1,60.9
Gustavo A. Madero,Madrugada (00-05),Domingo,1,1,1,1,0.025,0.6551,0.3199,Medio,1,64.7
Gustavo A. Madero,Mañana (06-11),Domingo,1,0,1,1,0.2355,0.447,0.3175,Medio,1,54.1
Gustavo A. Madero,Mañana (06-11),Domingo,1,1,1,1,0.0888,0.4345,0.4767,Alto,2,69.4
Gustavo A. Madero,Noche (18-23),Domingo,1,0,1,1,0.0025,0.2016,0.7959,Alto,2,89.7
Gustavo A. Madero,Noche (18-23),Domingo,1,1,1,1,0.0023,0.1391,0.8586,Alto,2,92.8
Gustavo A. Madero,Tarde (12-17),Domingo,1,0,1,1,0.0065,0.0712,0.9223,Alto,2,95.8
Gustavo A. Madero,Tarde (12-17),Domingo,1,1,1,1,0.0031,0.0723,0.9246,Alto,2,96.1
Gustavo A. Madero,Madrugada (00-05),Jueves,1,0,0,1,0.8626,0.1208,0.0165,Bajo,0,7.7
Gustavo A. Madero,Madrugada (00-05),Jueves,1,1,0,1,0.8534,0.119,0.0276,Bajo,0,8.7
Gustavo A. Madero,Mañana (06-11),Jueves,1,0,0,1,0.0161,0.2043,0.7796,Alto,2,88.2
Gustavo A. Madero,Mañana (06-11),Jueves,1,1,0,1,0.0108,0.0904,0.8988,Alto,2,94.4
Gustavo A. Madero,Noche (18-23),Jueves,1,0,0,1,0.009,0.1513,0.8396,Alto,2,91.5
Gustavo A. Madero,Noche (18-23),Jueves,1,1,0,1,0.0131,0.0974,0.8895,Alto,2,93.8
Gustavo A. Madero,Tarde (12-17),Jueves,1,0,0,1,0.0184,0.1102,0.8714,Alto,2,92.6
Gustavo A. Madero,Tarde (12-17),Jueves,1,1,0,1,0.0187,0.0829,0.8983,Alto,2,94.0
Gustavo A. Madero,Madrugada (00-05),Lunes,1,0,0,1,0.6906,0.2905,0.019,Bajo,0,16.4
Gustavo A. Madero,Madrugada (00-05),Lunes,1,1,0,1,0.5292,0.4457,0.0252,Bajo,0,24.8
Gustavo A. Madero,Mañana (06-11),Lunes,1,0,0,1,0.0184,0.5484,0.4332,Medio,1,70.7
Gustavo A. Madero,Mañana (06-11),Lunes,1,1,0,1,0.0167,0.5136,0.4697,Medio,1,72.7
Gustavo A. Madero,Noche (18-23),Lunes,1,0,0,1,0.0152,0.3565,0.6283,Alto,2,80.7
Gustavo A. Madero,Noche (18-23),Lunes,1,1,0,1,0.0141,0.2334,0.7525,Alto,2,86.9
Gustavo A. Madero,Tarde (12-17),Lunes,1,0,0,1,0.0129,0.1096,0.8774,Alto,2,93.2
Gustavo A. Madero,Tarde (12-17),Lunes,1,1,0,1,0.0105,0.1742,0.8153,Alto,2,90.2
Gustavo A. Madero,Madrugada (00-05),Martes,1,0,0,1,0.882,0.1058,0.0122,Bajo,0,6.5
Gustavo A. Madero,Madrugada (00-05),Martes,1,1,0,1,0.7967,0.1796,0.0237,Bajo,0,11.4
Gustavo A. Madero,Mañana (06-11),Martes,1,0,0,1,0.0112,0.4734,0.5154,Alto,2,75.2
Gustavo A. Madero,Mañana (06-11),Martes,1,1,0,1,0.0084,0.3126,0.679,Alto,2,83.5
Gustavo A. Madero,Noche (18-23),Martes,1,0,0,1,0.0071,0.1716,0.8213,Alto,2,90.7
Gustavo A. Madero,Noche (18-23),Martes,1,1,0,1,0.0101,0.1473,0.8426,Alto,2,91.6
Gustavo A. Madero,Tarde (12-17),Martes,1,0,0,1,0.0151,0.0641,0.9208,Alto,2,95.3
Gustavo A. Madero,Tarde (12-17),Martes,1,1,0,1,0.0108,0.0837,0.9056,Alto,2,94.7
Gustavo A. Madero,Madrugada (00-05),Miércoles,1,0,0,1,0.7349,0.2461,0.0191,Bajo,0,14.2
Gustavo A. Madero,Madrugada (00-05),Miércoles,1,1,0,1,0.5324,0.4462,0.0214,Bajo,0,24.5
Gustavo A. Madero,Mañana (06-11),Miércoles,1,0,0,1,0.0102,0.3463,0.6435,Alto,2,81.7
Gustavo A. Madero,Mañana (06-11),Miércoles,1,1,0,1,0.0068,0.4266,0.5665,Alto,2,78.0
Gustavo A. Madero,Noche (18-23),Miércoles,1,0,0,1,0.0064,0.3208,0.6727,Alto,2,83.3
Gustavo A. Madero,Noche (18-23),Miércoles,1,1,0,1,0.0103,0.454,0.5357,Alto,2,76.3
Gustavo A. Madero,Tarde (12-17),Miércoles,1,0,0,1,0.0064,0.0554,0.9382,Alto,2,96.6
Gustavo A. Madero,Tarde (12-17),Miércoles,1,1,0,1,0.0048,0.0794,0.9158,Alto,2,95.5
Gustavo A. Madero,Madrugada (00-05),Sábado,1,0,1,1,0.0215,0.782,0.1965,Medio,1,58.7
Gustavo A. Madero,Madrugada (00-05),Sábado,1,1,1,1,0.0312,0.7483,0.2205,Medio,1,59.5
Gustavo A. Madero,Mañana (06-11),Sábado,1,0,1,1,0.0697,0.371,0.5593,Alto,2,74.5
Gustavo A. Madero,Mañana (06-11),Sábado,1,1,1,1,0.101,0.2952,0.6038,Alto,2,75.1
Gustavo A. Madero,Noche (18-23),Sábado,1,0,1,1,0.0022,0.2251,0.7727,Alto,2,88.5
Gustavo A. Madero,Noche (18-23),Sábado,1,1,1,1,0.0031,0.1575,0.8394,Alto,2,91.8
Gustavo A. Madero,Tarde (12-17),Sábado,1,0,1,1,0.002,0.0975,0.9004,Alto,2,94.9
Gustavo A. Madero,Tarde (12-17),Sábado,1,1,1,1,0.0029,0.1219,0.8752,Alto,2,93.6
Gustavo A. Madero,Madrugada (00-05),Viernes,1,0,0,1,0.5706,0.4083,0.021,Bajo,0,22.5
Gustavo A. Madero,Madrugada (00-05),Viernes,1,1,0,1,0.4226,0.5494,0.0279,Medio,1,30.3
Gustavo A. Madero,Mañana (06-11),Viernes,1,0,0,1,0.0218,0.4938,0.4844,Medio,1,73.1
Gustavo A. Madero,Mañana (06-11),Viernes,1,1,0,1,0.0157,0.5115,0.4729,Medio,1,72.9
Gustavo A. Madero,Noche (18-23),Viernes,1,0,0,1,0.0038,0.1521,0.8441,Alto,2,92.0
Gustavo A. Madero,Noche (18-23),Viernes,1,1,0,1,0.005,0.1351,0.8599,Alto,2,92.7
Gustavo A. Madero,Tarde (12-17),Viernes,1,0,0,1,0.0099,0.0883,0.9019,Alto,2,94.6
Gustavo A. Madero,Tarde (12-17),Viernes,1,1,0,1,0.0104,0.1271,0.8625,Alto,2,92.6
Gustavo A. Madero,Madrugada (00-05),Domingo,2,0,1,1,0.0267,0.5454,0.4279,Medio,1,70.1
Gustavo A. Madero,Madrugada (00-05),Domingo,2,1,1,1,0.0168,0.4932,0.49,Medio,1,73.7
Gustavo A. Madero,Mañana (06-11),Domingo,2,0,1,1,0.1095,0.4773,0.4132,Medio,1,65.2
Gustavo A. Madero,Mañana (06-11),Domingo,2,1,1,1,0.0537,0.394,0.5524,Alto,2,74.9
Gustavo A. Madero,Noche (18-23),Domingo,2,0,1,1,0.0018,0.1308,0.8674,Alto,2,93.3
Gustavo A. Madero,Noche (18-23),Domingo,2,1,1,1,0.0017,0.0853,0.9131,Alto,2,95.6
Gustavo A. Madero,Tarde (12-17),Domingo,2,0,1,1,0.0032,0.0457,0.951,Alto,2,97.4
Gustavo A. Madero,Tarde (12-17),Domingo,2,1,1,1,0.002,0.0477,0.9503,Alto,2,97.4
Gustavo A. Madero,Madrugada (00-05),Jueves,2,0,0,1,0.6885,0.2815,0.0301,Bajo,0,17.1
Gustavo A. Madero,Madrugada (00-05),Jueves,2,1,0,1,0.6665,0.2773,0.0562,Bajo,0,19.5
Gustavo A. Madero,Mañana (06-11),Jueves,2,0,0,1,0.0117,0.2542,0.7341,Alto,2,86.1
Gustavo A. Madero,Mañana (06-11),Jueves,2,1,0,1,0.0076,0.1015,0.8909,Alto,2,94.2
Gustavo A. Madero,Noche (18-23),Jueves,2,0,0,1,0.0067,0.2457,0.7475,Alto,2,87.0
Gustavo A. Madero,Noche (18-23),Jueves,2,1,0,1,0.0078,0.1431,0.8492,Alto,2,92.1
Gustavo A. Madero,Tarde (12-17),Jueves,2,0,0,1,0.0074,0.0731,0.9194,Alto,2,95.6
Gustavo A. Madero,Tarde (12-17),Jueves,2,1,0,1,0.0073,0.0538,0.9389,Alto,2,96.6
Gustavo A. Madero,Madrugada (00-05),Lunes,2,0,0,1,0.5414,0.42,0.0386,Bajo,0,24.9
Gustavo A. Madero,Madrugada (00-05),Lunes,2,1,0,1,0.424,0.5264,0.0496,Medio,1,31.3
Gustavo A. Madero,Mañana (06-11),Lunes,2,0,0,1,0.0131,0.4391,0.5478,Alto,2,76.7
Gustavo A. Madero,Mañana (06-11),Lunes,2,1,0,1,0.0123,0.363,0.6247,Alto,2,80.6
Gustavo A. Madero,Noche (18-23),Lunes,2,0,0,1,0.01,0.2595,0.7305,Alto,2,86.0
Gustavo A. Madero,Noche (18-23),Lunes,2,1,0,1,0.0101,0.1312,0.8587,Alto,2,92.4
Gustavo A. Madero,Tarde (12-17),Lunes,2,0,0,1,0.0074,0.0833,0.9094,Alto,2,95.1
Gustavo A. Madero,Tarde (12-17),Lunes,2,1,0,1,0.0065,0.1177,0.8757,Alto,2,93.5
Gustavo A. Madero,Madrugada (00-05),Martes,2,0,0,1,0.7879,0.1841,0.028,Bajo,0,12.0
Gustavo A. Madero,Madrugada (00-05),Martes,2,1,0,1,0.6786,0.2725,0.0489,Bajo,0,18.5
Gustavo A. Madero,Mañana (06-11),Martes,2,0,0,1,0.0067,0.3631,0.6302,Alto,2,81.2
Gustavo A. Madero,Mañana (06-11),Martes,2,1,0,1,0.0052,0.223,0.7719,Alto,2,88.3
Gustavo A. Madero,Noche (18-23),Martes,2,0,0,1,0.0056,0.1307,0.8637,Alto,2,92.9
Gustavo A. Madero,Noche (18-23),Martes,2,1,0,1,0.0064,0.1113,0.8823,Alto,2,93.8
Gustavo A. Madero,Tarde (12-17),Martes,2,0,0,1,0.007,0.035,0.958,Alto,2,97.5
Gustavo A. Madero,Tarde (12-17),Martes,2,1,0,1,0.0052,0.0422,0.9527,Alto,2,97.4
Gustavo A. Madero,Madrugada (00-05),Miércoles,2,0,0,1,0.6491,0.3187,0.0323,Bajo,0,19.2
Gustavo A. Madero,Madrugada (00-05),Miércoles,2,1,0,1,0.514,0.4415,0.0444,Bajo,0,26.5
Gustavo A. Madero,Mañana (06-11),Miércoles,2,0,0,1,0.0089,0.2744,0.7167,Alto,2,85.4
Gustavo A. Madero,Mañana (06-11),Miércoles,2,1,0,1,0.0063,0.255,0.7387,Alto,2,86.6
Gustavo A. Madero,Noche (18-23),Miércoles,2,0,0,1,0.0061,0.1991,0.7948,Alto,2,89.4
Gustavo A. Madero,Noche (18-23),Miércoles,2,1,0,1,0.0071,0.1841,0.8088,Alto,2,90.1
Gustavo A. Madero,Tarde (12-17),Miércoles,2,0,0,1,0.0054,0.0476,0.947,Alto,2,97.1
Gustavo A. Madero,Tarde (12-17),Miércoles,2,1,0,1,0.0037,0.0452,0.9511,Alto,2,97.4
Gustavo A. Madero,Madrugada (00-05),Sábado,2,0,1,1,0.0122,0.6085,0.3793,Medio,1,68.4
Gustavo A. Madero,Madrugada (00-05),Sábado,2,1,1,1,0.0212,0.5704,0.4084,Medio,1,69.4
Gustavo A. Madero,Mañana (06-11),Sábado,2,0,1,1,0.0126,0.3386,0.6488,Alto,2,81.8
Gustavo A. Madero,Mañana (06-11),Sábado,2,1,1,1,0.0214,0.2881,0.6904,Alto,2,83.5
Gustavo A. Madero,Noche (18-23),Sábado,2,0,1,1,0.0011,0.1342,0.8647,Alto,2,93.2
Gustavo A. Madero,Noche (18-23),Sábado,2,1,1,1,0.0018,0.0927,0.9055,Alto,2,95.2
Gustavo A. Madero,Tarde (12-17),Sábado,2,0,1,1,0.001,0.0531,0.9458,Alto,2,97.2
Gustavo A. Madero,Tarde (12-17),Sábado,2,1,1,1,0.0016,0.07,0.9283,Alto,2,96.3
Gustavo A. Madero,Madrugada (00-05),Viernes,2,0,0,1,0.4646,0.4813,0.054,Medio,1,29.5
Gustavo A. Madero,Madrugada (00-05),Viernes,2,1,0,1,0.3768,0.5506,0.0726,Medio,1,34.8
Gustavo A. Madero,Mañana (06-11),Viernes,2,0,0,1,0.0125,0.2738,0.7137,Alto,2,85.1
Gustavo A. Madero,Mañana (06-11),Viernes,2,1,0,1,0.0097,0.239,0.7513,Alto,2,87.1
Gustavo A. Madero,Noche (18-23),Viernes,2,0,0,1,0.0022,0.0916,0.9063,Alto,2,95.2
Gustavo A. Madero,Noche (18-23),Viernes,2,1,0,1,0.0026,0.0682,0.9292,Alto,2,96.3
Gustavo A. Madero,Tarde (12-17),Viernes,2,0,0,1,0.004,0.0346,0.9613,Alto,2,97.9
Gustavo A. Madero,Tarde (12-17),Viernes,2,1,0,1,0.0048,0.044,0.9512,Alto,2,97.3
Gustavo A. Madero,Madrugada (00-05),Domingo,3,0,1,1,0.0229,0.4739,0.5031,Alto,2,74.0
Gustavo A. Madero,Madrugada (00-05),Domingo,3,1,1,1,0.0162,0.4584,0.5255,Alto,2,75.5
Gustavo A. Madero,Mañana (06-11),Domingo,3,0,1,1,0.0737,0.4303,0.496,Alto,2,71.1
Gustavo A. Madero,Mañana (06-11),Domingo,3,1,1,1,0.0487,0.387,0.5643,Alto,2,75.8
Gustavo A. Madero,Noche (18-23),Domingo,3,0,1,1,0.0019,0.1304,0.8678,Alto,2,93.3
Gustavo A. Madero,Noche (18-23),Domingo,3,1,1,1,0.002,0.0946,0.9033,Alto,2,95.1
Gustavo A. Madero,Tarde (12-17),Domingo,3,0,1,1,0.0049,0.058,0.937,Alto,2,96.6
Gustavo A. Madero,Tarde (12-17),Domingo,3,1,1,1,0.0033,0.0658,0.9308,Alto,2,96.4
Gustavo A. Madero,Madrugada (00-05),Jueves,3,0,0,1,0.4726,0.4666,0.0608,Bajo,0,29.4
Gustavo A. Madero,Madrugada (00-05),Jueves,3,1,0,1,0.3882,0.5169,0.0949,Medio,1,35.3
Gustavo A. Madero,Mañana (06-11),Jueves,3,0,0,1,0.0056,0.2298,0.7646,Alto,2,87.9
Gustavo A. Madero,Mañana (06-11),Jueves,3,1,0,1,0.0042,0.1122,0.8836,Alto,2,94.0
Gustavo A. Madero,Noche (18-23),Jueves,3,0,0,1,0.0036,0.177,0.8194,Alto,2,90.8
Gustavo A. Madero,Noche (18-23),Jueves,3,1,0,1,0.004,0.1233,0.8727,Alto,2,93.4
Gustavo A. Madero,Tarde (12-17),Jueves,3,0,0,1,0.005,0.0768,0.9181,Alto,2,95.7
Gustavo A. Madero,Tarde (12-17),Jueves,3,1,0,1,0.0045,0.0706,0.9249,Alto,2,96.0
Gustavo A. Madero,Madrugada (00-05),Lunes,3,0,0,1,0.4486,0.4963,0.0551,Medio,1,30.3
Gustavo A. Madero,Madrugada (00-05),Lunes,3,1,0,1,0.3327,0.6079,0.0594,Medio,1,36.3
Gustavo A. Madero,Mañana (06-11),Lunes,3,0,0,1,0.0096,0.3418,0.6486,Alto,2,81.9
Gustavo A. Madero,Mañana (06-11),Lunes,3,1,0,1,0.0111,0.3232,0.6656,Alto,2,82.7
Gustavo A. Madero,Noche (18-23),Lunes,3,0,0,1,0.0101,0.2484,0.7415,Alto,2,86.6
Gustavo A. Madero,Noche (18-23),Lunes,3,1,0,1,0.0129,0.1483,0.8387,Alto,2,91.3
Gustavo A. Madero,Tarde (12-17),Lunes,3,0,0,1,0.0078,0.0874,0.9048,Alto,2,94.9
Gustavo A. Madero,Tarde (12-17),Lunes,3,1,0,1,0.0077,0.1329,0.8594,Alto,2,92.6
Gustavo A. Madero,Madrugada (00-05),Martes,3,0,0,1,0.7708,0.1946,0.0346,Bajo,0,13.2
Gustavo A. Madero,Madrugada (00-05),Martes,3,1,0,1,0.6608,0.2938,0.0454,Bajo,0,19.2
Gustavo A. Madero,Mañana (06-11),Martes,3,0,0,1,0.0054,0.2508,0.7438,Alto,2,86.9
Gustavo A. Madero,Mañana (06-11),Martes,3,1,0,1,0.0056,0.213,0.7814,Alto,2,88.8
Gustavo A. Madero,Noche (18-23),Martes,3,0,0,1,0.0066,0.1331,0.8603,Alto,2,92.7
Gustavo A. Madero,Noche (18-23),Martes,3,1,0,1,0.0098,0.1596,0.8305,Alto,2,91.0
Gustavo A. Madero,Tarde (12-17),Martes,3,0,0,1,0.0104,0.032,0.9576,Alto,2,97.4
Gustavo A. Madero,Tarde (12-17),Martes,3,1,0,1,0.0087,0.0437,0.9476,Alto,2,96.9
Gustavo A. Madero,Madrugada (00-05),Miércoles,3,0,0,1,0.5097,0.4379,0.0524,Bajo,0,27.1
Gustavo A. Madero,Madrugada (00-05),Miércoles,3,1,0,1,0.4323,0.5002,0.0675,Medio,1,31.8
Gustavo A. Madero,Mañana (06-11),Miércoles,3,0,0,1,0.0059,0.2456,0.7484,Alto,2,87.1
Gustavo A. Madero,Mañana (06-11),Miércoles,3,1,0,1,0.0052,0.1929,0.8019,Alto,2,89.8
Gustavo A. Madero,Noche (18-23),Miércoles,3,0,0,1,0.0039,0.1302,0.866,Alto,2,93.1
Gustavo A. Madero,Noche (18-23),Miércoles,3,1,0,1,0.0051,0.1058,0.8891,Alto,2,94.2
Gustavo A. Madero,Tarde (12-17),Miércoles,3,0,0,1,0.0041,0.0484,0.9474,Alto,2,97.2
Gustavo A. Madero,Tarde (12-17),Miércoles,3,1,0,1,0.0037,0.0484,0.9479,Alto,2,97.2
Gustavo A. Madero,Madrugada (00-05),Sábado,3,0,1,1,0.0122,0.4612,0.5265,Alto,2,75.7
Gustavo A. Madero,Madrugada (00-05),Sábado,3,1,1,1,0.0243,0.4552,0.5205,Alto,2,74.8
Gustavo A. Madero,Mañana (06-11),Sábado,3,0,1,1,0.0085,0.3436,0.6479,Alto,2,82.0
Gustavo A. Madero,Mañana (06-11),Sábado,3,1,1,1,0.0168,0.3532,0.63,Alto,2,80.7
Gustavo A. Madero,Noche (18-23),Sábado,3,0,1,1,0.0011,0.113,0.8859,Alto,2,94.2
Gustavo A. Madero,Noche (18-23),Sábado,3,1,1,1,0.0022,0.0846,0.9133,Alto,2,95.6
Gustavo A. Madero,Tarde (12-17),Sábado,3,0,1,1,0.0014,0.0623,0.9363,Alto,2,96.7
Gustavo A. Madero,Tarde (12-17),Sábado,3,1,1,1,0.0027,0.0903,0.9071,Alto,2,95.2
Gustavo A. Madero,Madrugada (00-05),Viernes,3,0,0,1,0.4319,0.4975,0.0706,Medio,1,31.9
Gustavo A. Madero,Madrugada (00-05),Viernes,3,1,0,1,0.3214,0.5955,0.0831,Medio,1,38.1
Gustavo A. Madero,Mañana (06-11),Viernes,3,0,0,1,0.0105,0.2189,0.7707,Alto,2,88.0
Gustavo A. Madero,Mañana (06-11),Viernes,3,1,0,1,0.0102,0.2446,0.7452,Alto,2,86.8
Gustavo A. Madero,Noche (18-23),Viernes,3,0,0,1,0.0019,0.057,0.941,Alto,2,97.0
Gustavo A. Madero,Noche (18-23),Viernes,3,1,0,1,0.0023,0.0486,0.9491,Alto,2,97.3
Gustavo A. Madero,Tarde (12-17),Viernes,3,0,0,1,0.0062,0.0359,0.9579,Alto,2,97.6
Gustavo A. Madero,Tarde (12-17),Viernes,3,1,0,1,0.0074,0.0478,0.9448,Alto,2,96.9
Gustavo A. Madero,Madrugada (00-05),Domingo,4,0,1,2,0.0238,0.5359,0.4403,Medio,1,70.8
Gustavo A. Madero,Madrugada (00-05),Domingo,4,1,1,2,0.0171,0.4537,0.5292,Alto,2,75.6
Gustavo A. Madero,Mañana (06-11),Domingo,4,0,1,2,0.0298,0.4883,0.482,Medio,1,72.6
Gustavo A. Madero,Mañana (06-11),Domingo,4,1,1,2,0.0274,0.4031,0.5695,Alto,2,77.1
Gustavo A. Madero,Noche (18-23),Domingo,4,0,1,2,0.0019,0.1588,0.8393,Alto,2,91.9
Gustavo A. Madero,Noche (18-23),Domingo,4,1,1,2,0.0022,0.0856,0.9122,Alto,2,95.5
Gustavo A. Madero,Tarde (12-17),Domingo,4,0,1,2,0.0089,0.1706,0.8205,Alto,2,90.6
Gustavo A. Madero,Tarde (12-17),Domingo,4,1,1,2,0.0043,0.0988,0.897,Alto,2,94.6
Gustavo A. Madero,Madrugada (00-05),Jueves,4,0,0,2,0.4876,0.4584,0.054,Bajo,0,28.3
Gustavo A. Madero,Madrugada (00-05),Jueves,4,1,0,2,0.3946,0.5053,0.1002,Medio,1,35.3
Gustavo A. Madero,Mañana (06-11),Jueves,4,0,0,2,0.0074,0.2859,0.7067,Alto,2,85.0
Gustavo A. Madero,Mañana (06-11),Jueves,4,1,0,2,0.0055,0.1375,0.857,Alto,2,92.6
Gustavo A. Madero,Noche (18-23),Jueves,4,0,0,2,0.0036,0.2087,0.7877,Alto,2,89.2
Gustavo A. Madero,Noche (18-23),Jueves,4,1,0,2,0.0039,0.1124,0.8837,Alto,2,94.0
Gustavo A. Madero,Tarde (12-17),Jueves,4,0,0,2,0.0077,0.1153,0.877,Alto,2,93.5
Gustavo A. Madero,Tarde (12-17),Jueves,4,1,0,2,0.0053,0.0706,0.9242,Alto,2,95.9
Gustavo A. Madero,Madrugada (00-05),Lunes,4,0,0,2,0.452,0.4839,0.064,Medio,1,30.6
Gustavo A. Madero,Madrugada (00-05),Lunes,4,1,0,2,0.3586,0.5735,0.0679,Medio,1,35.5
Gustavo A. Madero,Mañana (06-11),Lunes,4,0,0,2,0.011,0.3667,0.6223,Alto,2,80.6
Gustavo A. Madero,Mañana (06-11),Lunes,4,1,0,2,0.0141,0.3596,0.6262,Alto,2,80.6
Gustavo A. Madero,Noche (18-23),Lunes,4,0,0,2,0.0128,0.2646,0.7226,Alto,2,85.5
Gustavo A. Madero,Noche (18-23),Lunes,4,1,0,2,0.0206,0.1353,0.8441,Alto,2,91.2
Gustavo A. Madero,Tarde (12-17),Lunes,4,0,0,2,0.0077,0.0822,0.9101,Alto,2,95.1
Gustavo A. Madero,Tarde (12-17),Lunes,4,1,0,2,0.0069,0.1077,0.8854,Alto,2,93.9
Gustavo A. Madero,Madrugada (00-05),Martes,4,0,0,2,0.7075,0.2573,0.0353,Bajo,0,16.4
Gustavo A. Madero,Madrugada (00-05),Martes,4,1,0,2,0.5792,0.3804,0.0404,Bajo,0,23.1
Gustavo A. Madero,Mañana (06-11),Martes,4,0,0,2,0.0065,0.2825,0.711,Alto,2,85.2
Gustavo A. Madero,Mañana (06-11),Martes,4,1,0,2,0.0072,0.3033,0.6896,Alto,2,84.1
Gustavo A. Madero,Noche (18-23),Martes,4,0,0,2,0.0057,0.1722,0.8221,Alto,2,90.8
Gustavo A. Madero,Noche (18-23),Martes,4,1,0,2,0.0108,0.2337,0.7555,Alto,2,87.2
Gustavo A. Madero,Tarde (12-17),Martes,4,0,0,2,0.0126,0.0549,0.9325,Alto,2,96.0
Gustavo A. Madero,Tarde (12-17),Martes,4,1,0,2,0.0093,0.0609,0.9298,Alto,2,96.0
Gustavo A. Madero,Madrugada (00-05),Miércoles,4,0,0,2,0.4623,0.4823,0.0554,Medio,1,29.7
Gustavo A. Madero,Madrugada (00-05),Miércoles,4,1,0,2,0.4463,0.4802,0.0734,Medio,1,31.4
Gustavo A. Madero,Mañana (06-11),Miércoles,4,0,0,2,0.007,0.2964,0.6966,Alto,2,84.5
Gustavo A. Madero,Mañana (06-11),Miércoles,4,1,0,2,0.0069,0.2291,0.764,Alto,2,87.9
Gustavo A. Madero,Noche (18-23),Miércoles,4,0,0,2,0.003,0.1122,0.8849,Alto,2,94.1
Gustavo A. Madero,Noche (18-23),Miércoles,4,1,0,2,0.0051,0.0702,0.9247,Alto,2,96.0
Gustavo A. Madero,Tarde (12-17),Miércoles,4,0,0,2,0.0047,0.0794,0.916,Alto,2,95.6
Gustavo A. Madero,Tarde (12-17),Miércoles,4,1,0,2,0.0041,0.0546,0.9413,Alto,2,96.9
Gustavo A. Madero,Madrugada (00-05),Sábado,4,0,1,2,0.0132,0.504,0.4828,Medio,1,73.5
Gustavo A. Madero,Madrugada (00-05),Sábado,4,1,1,2,0.028,0.4353,0.5366,Alto,2,75.4
Gustavo A. Madero,Mañana (06-11),Sábado,4,0,1,2,0.006,0.36,0.634,Alto,2,81.4
Gustavo A. Madero,Mañana (06-11),Sábado,4,1,1,2,0.0132,0.334,0.6527,Alto,2,82.0
Gustavo A. Madero,Noche (18-23),Sábado,4,0,1,2,0.0011,0.1289,0.87,Alto,2,93.4
Gustavo A. Madero,Noche (18-23),Sábado,4,1,1,2,0.0024,0.0724,0.9252,Alto,2,96.1
Gustavo A. Madero,Tarde (12-17),Sábado,4,0,1,2,0.0024,0.159,0.8387,Alto,2,91.8
Gustavo A. Madero,Tarde (12-17),Sábado,4,1,1,2,0.0037,0.1054,0.8909,Alto,2,94.4
Gustavo A. Madero,Madrugada (00-05),Viernes,4,0,0,2,0.4154,0.5202,0.0644,Medio,1,32.5
Gustavo A. Madero,Madrugada (00-05),Viernes,4,1,0,2,0.3017,0.6072,0.0911,Medio,1,39.5
Gustavo A. Madero,Mañana (06-11),Viernes,4,0,0,2,0.0146,0.2699,0.7156,Alto,2,85.1
Gustavo A. Madero,Mañana (06-11),Viernes,4,1,0,2,0.0129,0.2955,0.6916,Alto,2,83.9
Gustavo A. Madero,Noche (18-23),Viernes,4,0,0,2,0.002,0.068,0.93,Alto,2,96.4
Gustavo A. Madero,Noche (18-23),Viernes,4,1,0,2,0.0025,0.0452,0.9523,Alto,2,97.5
Gustavo A. Madero,Tarde (12-17),Viernes,4,0,0,2,0.0086,0.0741,0.9173,Alto,2,95.4
Gustavo A. Madero,Tarde (12-17),Viernes,4,1,0,2,0.0065,0.0546,0.9389,Alto,2,96.6
Gustavo A. Madero,Madrugada (00-05),Domingo,5,0,1,2,0.0201,0.3473,0.6326,Alto,2,80.6
Gustavo A. Madero,Madrugada (00-05),Domingo,5,1,1,2,0.0168,0.361,0.6222,Alto,2,80.3
Gustavo A. Madero,Mañana (06-11),Domingo,5,0,1,2,0.0227,0.3402,0.6371,Alto,2,80.7
Gustavo A. Madero,Mañana (06-11),Domingo,5,1,1,2,0.0242,0.3746,0.6012,Alto,2,78.9
Gustavo A. Madero,Noche (18-23),Domingo,5,0,1,2,0.0021,0.0473,0.9506,Alto,2,97.4
Gustavo A. Madero,Noche (18-23),Domingo,5,1,1,2,0.0064,0.0464,0.9472,Alto,2,97.0
Gustavo A. Madero,Tarde (12-17),Domingo,5,0,1,2,0.0056,0.0885,0.9059,Alto,2,95.0
Gustavo A. Madero,Tarde (12-17),Domingo,5,1,1,2,0.004,0.0869,0.9091,Alto,2,95.3
Gustavo A. Madero,Madrugada (00-05),Jueves,5,0,0,2,0.5228,0.394,0.0831,Bajo,0,28.0
Gustavo A. Madero,Madrugada (00-05),Jueves,5,1,0,2,0.4138,0.4708,0.1154,Medio,1,35.1
Gustavo A. Madero,Mañana (06-11),Jueves,5,0,0,2,0.0052,0.1736,0.8212,Alto,2,90.8
Gustavo A. Madero,Mañana (06-11),Jueves,5,1,0,2,0.0051,0.1226,0.8723,Alto,2,93.4
Gustavo A. Madero,Noche (18-23),Jueves,5,0,0,2,0.0045,0.0768,0.9187,Alto,2,95.7
Gustavo A. Madero,Noche (18-23),Jueves,5,1,0,2,0.0123,0.0693,0.9184,Alto,2,95.3
Gustavo A. Madero,Tarde (12-17),Jueves,5,0,0,2,0.0054,0.0782,0.9164,Alto,2,95.5
Gustavo A. Madero,Tarde (12-17),Jueves,5,1,0,2,0.0047,0.0718,0.9235,Alto,2,95.9
Gustavo A. Madero,Madrugada (00-05),Lunes,5,0,0,2,0.448,0.4831,0.069,Medio,1,31.0
Gustavo A. Madero,Madrugada (00-05),Lunes,5,1,0,2,0.4106,0.5345,0.0549,Medio,1,32.2
Gustavo A. Madero,Mañana (06-11),Lunes,5,0,0,2,0.0091,0.2974,0.6935,Alto,2,84.2
Gustavo A. Madero,Mañana (06-11),Lunes,5,1,0,2,0.0167,0.3796,0.6037,Alto,2,79.3
Gustavo A. Madero,Noche (18-23),Lunes,5,0,0,2,0.0246,0.276,0.6994,Alto,2,83.7
Gustavo A. Madero,Noche (18-23),Lunes,5,1,0,2,0.1076,0.1522,0.7403,Alto,2,81.6
Gustavo A. Madero,Tarde (12-17),Lunes,5,0,0,2,0.007,0.074,0.9189,Alto,2,95.6
Gustavo A. Madero,Tarde (12-17),Lunes,5,1,0,2,0.0093,0.1164,0.8743,Alto,2,93.2
Gustavo A. Madero,Madrugada (00-05),Martes,5,0,0,2,0.7264,0.2276,0.046,Bajo,0,16.0
Gustavo A. Madero,Madrugada (00-05),Martes,5,1,0,2,0.6551,0.292,0.0529,Bajo,0,19.9
Gustavo A. Madero,Mañana (06-11),Martes,5,0,0,2,0.0045,0.1585,0.8371,Alto,2,91.6
Gustavo A. Madero,Mañana (06-11),Martes,5,1,0,2,0.0057,0.1969,0.7974,Alto,2,89.6
Gustavo A. Madero,Noche (18-23),Martes,5,0,0,2,0.0079,0.0803,0.9118,Alto,2,95.2
Gustavo A. Madero,Noche (18-23),Martes,5,1,0,2,0.0362,0.1059,0.8579,Alto,2,91.1
Gustavo A. Madero,Tarde (12-17),Martes,5,0,0,2,0.0098,0.039,0.9512,Alto,2,97.1
Gustavo A. Madero,Tarde (12-17),Martes,5,1,0,2,0.0081,0.0437,0.9482,Alto,2,97.0
Gustavo A. Madero,Madrugada (00-05),Miércoles,5,0,0,2,0.5201,0.3989,0.081,Bajo,0,28.0
Gustavo A. Madero,Madrugada (00-05),Miércoles,5,1,0,2,0.5092,0.4117,0.0791,Bajo,0,28.5
Gustavo A. Madero,Mañana (06-11),Miércoles,5,0,0,2,0.0049,0.1787,0.8164,Alto,2,90.6
Gustavo A. Madero,Mañana (06-11),Miércoles,5,1,0,2,0.0062,0.1918,0.802,Alto,2,89.8
Gustavo A. Madero,Noche (18-23),Miércoles,5,0,0,2,0.0035,0.0407,0.9559,Alto,2,97.6
Gustavo A. Madero,Noche (18-23),Miércoles,5,1,0,2,0.0171,0.0415,0.9414,Alto,2,96.2
Gustavo A. Madero,Tarde (12-17),Miércoles,5,0,0,2,0.0035,0.049,0.9475,Alto,2,97.2
Gustavo A. Madero,Tarde (12-17),Miércoles,5,1,0,2,0.0042,0.055,0.9408,Alto,2,96.8
Gustavo A. Madero,Madrugada (00-05),Sábado,5,0,1,2,0.0104,0.3959,0.5937,Alto,2,79.2
Gustavo A. Madero,Madrugada (00-05),Sábado,5,1,1,2,0.0158,0.3595,0.6247,Alto,2,80.4
Gustavo A. Madero,Mañana (06-11),Sábado,5,0,1,2,0.0044,0.2157,0.7799,Alto,2,88.8
Gustavo A. Madero,Mañana (06-11),Sábado,5,1,1,2,0.0068,0.215,0.7782,Alto,2,88.6
Gustavo A. Madero,Noche (18-23),Sábado,5,0,1,2,0.0011,0.0509,0.948,Alto,2,97.3
Gustavo A. Madero,Noche (18-23),Sábado,5,1,1,2,0.0033,0.0411,0.9556,Alto,2,97.6
Gustavo A. Madero,Tarde (12-17),Sábado,5,0,1,2,0.0018,0.1542,0.8441,Alto,2,92.1
Gustavo A. Madero,Tarde (12-17),Sábado,5,1,1,2,0.0022,0.1331,0.8647,Alto,2,93.1
Gustavo A. Madero,Madrugada (00-05),Viernes,5,0,0,2,0.4801,0.4352,0.0846,Bajo,0,30.2
Gustavo A. Madero,Madrugada (00-05),Viernes,5,1,0,2,0.3625,0.544,0.0934,Medio,1,36.5
Gustavo A. Madero,Mañana (06-11),Viernes,5,0,0,2,0.0105,0.2401,0.7494,Alto,2,86.9
Gustavo A. Madero,Mañana (06-11),Viernes,5,1,0,2,0.0111,0.3368,0.6521,Alto,2,82.0
Gustavo A. Madero,Noche (18-23),Viernes,5,0,0,2,0.0026,0.0327,0.9647,Alto,2,98.1
Gustavo A. Madero,Noche (18-23),Viernes,5,1,0,2,0.0093,0.032,0.9587,Alto,2,97.5
Gustavo A. Madero,Tarde (12-17),Viernes,5,0,0,2,0.0073,0.0441,0.9486,Alto,2,97.1
Gustavo A. Madero,Tarde (12-17),Viernes,5,1,0,2,0.0074,0.0494,0.9432,Alto,2,96.8
Gustavo A. Madero,Madrugada (00-05),Domingo,6,0,1,2,0.0207,0.4283,0.551,Alto,2,76.5
Gustavo A. Madero,Madrugada (00-05),Domingo,6,1,1,2,0.0169,0.4042,0.5789,Alto,2,78.1
Gustavo A. Madero,Mañana (06-11),Domingo,6,0,1,2,0.0234,0.4269,0.5498,Alto,2,76.3
Gustavo A. Madero,Mañana (06-11),Domingo,6,1,1,2,0.0261,0.4262,0.5477,Alto,2,76.1
Gustavo A. Madero,Noche (18-23),Domingo,6,0,1,2,0.0017,0.0804,0.9179,Alto,2,95.8
Gustavo A. Madero,Noche (18-23),Domingo,6,1,1,2,0.0033,0.0736,0.9231,Alto,2,96.0
Gustavo A. Madero,Tarde (12-17),Domingo,6,0,1,2,0.0085,0.0918,0.8998,Alto,2,94.6
Gustavo A. Madero,Tarde (12-17),Domingo,6,1,1,2,0.0055,0.0825,0.912,Alto,2,95.3
Gustavo A. Madero,Madrugada (00-05),Jueves,6,0,0,2,0.5356,0.4116,0.0528,Bajo,0,25.9
Gustavo A. Madero,Madrugada (00-05),Jueves,6,1,0,2,0.437,0.5034,0.0596,Medio,1,31.1
Gustavo A. Madero,Mañana (06-11),Jueves,6,0,0,2,0.008,0.2258,0.7662,Alto,2,87.9
Gustavo A. Madero,Mañana (06-11),Jueves,6,1,0,2,0.01,0.1955,0.7945,Alto,2,89.2
Gustavo A. Madero,Noche (18-23),Jueves,6,0,0,2,0.0047,0.1486,0.8466,Alto,2,92.1
Gustavo A. Madero,Noche (18-23),Jueves,6,1,0,2,0.01,0.1849,0.8051,Alto,2,89.8
Gustavo A. Madero,Tarde (12-17),Jueves,6,0,0,2,0.0128,0.1265,0.8607,Alto,2,92.4
Gustavo A. Madero,Tarde (12-17),Jueves,6,1,0,2,0.012,0.1261,0.862,Alto,2,92.5
Gustavo A. Madero,Madrugada (00-05),Lunes,6,0,0,2,0.4248,0.5222,0.053,Medio,1,31.4
Gustavo A. Madero,Madrugada (00-05),Lunes,6,1,0,2,0.3902,0.5598,0.05,Medio,1,33.0
Gustavo A. Madero,Mañana (06-11),Lunes,6,0,0,2,0.0152,0.3396,0.6452,Alto,2,81.5
Gustavo A. Madero,Mañana (06-11),Lunes,6,1,0,2,0.0374,0.3784,0.5843,Alto,2,77.3
Gustavo A. Madero,Noche (18-23),Lunes,6,0,0,2,0.0097,0.3563,0.6341,Alto,2,81.2
Gustavo A. Madero,Noche (18-23),Lunes,6,1,0,2,0.0295,0.2286,0.7419,Alto,2,85.6
Gustavo A. Madero,Tarde (12-17),Lunes,6,0,0,2,0.0226,0.114,0.8635,Alto,2,92.0
Gustavo A. Madero,Tarde (12-17),Lunes,6,1,0,2,0.0263,0.1442,0.8295,Alto,2,90.2
Gustavo A. Madero,Madrugada (00-05),Martes,6,0,0,2,0.6924,0.2686,0.039,Bajo,0,17.3
Gustavo A. Madero,Madrugada (00-05),Martes,6,1,0,2,0.596,0.3533,0.0507,Bajo,0,22.7
Gustavo A. Madero,Mañana (06-11),Martes,6,0,0,2,0.0053,0.1946,0.8001,Alto,2,89.7
Gustavo A. Madero,Mañana (06-11),Martes,6,1,0,2,0.0067,0.2263,0.767,Alto,2,88.0
Gustavo A. Madero,Noche (18-23),Martes,6,0,0,2,0.0054,0.1244,0.8703,Alto,2,93.2
Gustavo A. Madero,Noche (18-23),Martes,6,1,0,2,0.0137,0.1704,0.8159,Alto,2,90.1
Gustavo A. Madero,Tarde (12-17),Martes,6,0,0,2,0.0256,0.0521,0.9222,Alto,2,94.8
Gustavo A. Madero,Tarde (12-17),Martes,6,1,0,2,0.0205,0.055,0.9245,Alto,2,95.2
Gustavo A. Madero,Madrugada (00-05),Miércoles,6,0,0,2,0.599,0.3488,0.0522,Bajo,0,22.7
Gustavo A. Madero,Madrugada (00-05),Miércoles,6,1,0,2,0.5467,0.3983,0.055,Bajo,0,25.4
Gustavo A. Madero,Mañana (06-11),Miércoles,6,0,0,2,0.0103,0.2418,0.748,Alto,2,86.9
Gustavo A. Madero,Mañana (06-11),Miércoles,6,1,0,2,0.0126,0.262,0.7255,Alto,2,85.6
Gustavo A. Madero,Noche (18-23),Miércoles,6,0,0,2,0.0042,0.0592,0.9366,Alto,2,96.6
Gustavo A. Madero,Noche (18-23),Miércoles,6,1,0,2,0.012,0.0688,0.9192,Alto,2,95.4
Gustavo A. Madero,Tarde (12-17),Miércoles,6,0,0,2,0.01,0.055,0.935,Alto,2,96.3
Gustavo A. Madero,Tarde (12-17),Miércoles,6,1,0,2,0.0106,0.0643,0.925,Alto,2,95.7
Gustavo A. Madero,Madrugada (00-05),Sábado,6,0,1,2,0.0103,0.4212,0.5685,Alto,2,77.9
Gustavo A. Madero,Madrugada (00-05),Sábado,6,1,1,2,0.0152,0.3736,0.6113,Alto,2,79.8
Gustavo A. Madero,Mañana (06-11),Sábado,6,0,1,2,0.0046,0.2442,0.7512,Alto,2,87.3
Gustavo A. Madero,Mañana (06-11),Sábado,6,1,1,2,0.0074,0.2331,0.7595,Alto,2,87.6
Gustavo A. Madero,Noche (18-23),Sábado,6,0,1,2,0.001,0.0641,0.9349,Alto,2,96.7
Gustavo A. Madero,Noche (18-23),Sábado,6,1,1,2,0.0017,0.0544,0.9438,Alto,2,97.1
Gustavo A. Madero,Tarde (12-17),Sábado,6,0,1,2,0.0016,0.0772,0.9213,Alto,2,96.0
Gustavo A. Madero,Tarde (12-17),Sábado,6,1,1,2,0.0018,0.0644,0.9338,Alto,2,96.6
Gustavo A. Madero,Madrugada (00-05),Viernes,6,0,0,2,0.4918,0.4384,0.0698,Bajo,0,28.9
Gustavo A. Madero,Madrugada (00-05),Viernes,6,1,0,2,0.3822,0.5345,0.0834,Medio,1,35.1
Gustavo A. Madero,Mañana (06-11),Viernes,6,0,0,2,0.0125,0.2396,0.748,Alto,2,86.8
Gustavo A. Madero,Mañana (06-11),Viernes,6,1,0,2,0.0142,0.3118,0.6739,Alto,2,83.0
Gustavo A. Madero,Noche (18-23),Viernes,6,0,0,2,0.002,0.0433,0.9547,Alto,2,97.6
Gustavo A. Madero,Noche (18-23),Viernes,6,1,0,2,0.0048,0.0461,0.9491,Alto,2,97.2
Gustavo A. Madero,Tarde (12-17),Viernes,6,0,0,2,0.0153,0.0498,0.935,Alto,2,96.0
Gustavo A. Madero,Tarde (12-17),Viernes,6,1,0,2,0.0148,0.0526,0.9326,Alto,2,95.9
Gustavo A. Madero,Madrugada (00-05),Domingo,7,0,1,3,0.033,0.4596,0.5074,Alto,2,73.7
Gustavo A. Madero,Madrugada (00-05),Domingo,7,1,1,3,0.0235,0.441,0.5354,Alto,2,75.6
Gustavo A. Madero,Mañana (06-11),Domingo,7,0,1,3,0.0543,0.4547,0.491,Alto,2,71.8
Gustavo A. Madero,Mañana (06-11),Domingo,7,1,1,3,0.0672,0.4836,0.4492,Medio,1,69.1
Gustavo A. Madero,Noche (18-23),Domingo,7,0,1,3,0.0024,0.0884,0.9092,Alto,2,95.3
Gustavo A. Madero,Noche (18-23),Domingo,7,1,1,3,0.0037,0.0866,0.9097,Alto,2,95.3
Gustavo A. Madero,Tarde (12-17),Domingo,7,0,1,3,0.0124,0.1488,0.8388,Alto,2,91.3
Gustavo A. Madero,Tarde (12-17),Domingo,7,1,1,3,0.0066,0.1371,0.8563,Alto,2,92.5
Gustavo A. Madero,Madrugada (00-05),Jueves,7,0,0,3,0.582,0.3708,0.0472,Bajo,0,23.3
Gustavo A. Madero,Madrugada (00-05),Jueves,7,1,0,3,0.4334,0.506,0.0606,Medio,1,31.4
Gustavo A. Madero,Mañana (06-11),Jueves,7,0,0,3,0.0135,0.2523,0.7343,Alto,2,86.0
Gustavo A. Madero,Mañana (06-11),Jueves,7,1,0,3,0.0139,0.2806,0.7055,Alto,2,84.6
Gustavo A. Madero,Noche (18-23),Jueves,7,0,0,3,0.0053,0.1287,0.866,Alto,2,93.0
Gustavo A. Madero,Noche (18-23),Jueves,7,1,0,3,0.0081,0.1461,0.8458,Alto,2,91.9
Gustavo A. Madero,Tarde (12-17),Jueves,7,0,0,3,0.009,0.1576,0.8334,Alto,2,91.2
Gustavo A. Madero,Tarde (12-17),Jueves,7,1,0,3,0.0072,0.1666,0.8261,Alto,2,90.9
Gustavo A. Madero,Madrugada (00-05),Lunes,7,0,0,3,0.3796,0.5817,0.0387,Medio,1,33.0
Gustavo A. Madero,Madrugada (00-05),Lunes,7,1,0,3,0.3009,0.6558,0.0434,Medio,1,37.1
Gustavo A. Madero,Mañana (06-11),Lunes,7,0,0,3,0.0179,0.4053,0.5768,Alto,2,77.9
Gustavo A. Madero,Mañana (06-11),Lunes,7,1,0,3,0.0328,0.4463,0.5209,Alto,2,74.4
Gustavo A. Madero,Noche (18-23),Lunes,7,0,0,3,0.0086,0.4292,0.5622,Alto,2,77.7
Gustavo A. Madero,Noche (18-23),Lunes,7,1,0,3,0.0195,0.2542,0.7262,Alto,2,85.3
Gustavo A. Madero,Tarde (12-17),Lunes,7,0,0,3,0.0112,0.2626,0.7261,Alto,2,85.7
Gustavo A. Madero,Tarde (12-17),Lunes,7,1,0,3,0.0101,0.2998,0.6901,Alto,2,84.0
Gustavo A. Madero,Madrugada (00-05),Martes,7,0,0,3,0.7389,0.2273,0.0338,Bajo,0,14.7
Gustavo A. Madero,Madrugada (00-05),Martes,7,1,0,3,0.6121,0.3286,0.0593,Bajo,0,22.4
Gustavo A. Madero,Mañana (06-11),Martes,7,0,0,3,0.0079,0.1958,0.7963,Alto,2,89.4
Gustavo A. Madero,Mañana (06-11),Martes,7,1,0,3,0.0076,0.2076,0.7848,Alto,2,88.9
Gustavo A. Madero,Noche (18-23),Martes,7,0,0,3,0.007,0.1348,0.8581,Alto,2,92.6
Gustavo A. Madero,Noche (18-23),Martes,7,1,0,3,0.0112,0.1252,0.8636,Alto,2,92.6
Gustavo A. Madero,Tarde (12-17),Martes,7,0,0,3,0.0189,0.0943,0.8868,Alto,2,93.4
Gustavo A. Madero,Tarde (12-17),Martes,7,1,0,3,0.0115,0.0804,0.9081,Alto,2,94.8
Gustavo A. Madero,Madrugada (00-05),Miércoles,7,0,0,3,0.7258,0.2387,0.0354,Bajo,0,15.5
Gustavo A. Madero,Madrugada (00-05),Miércoles,7,1,0,3,0.6851,0.28,0.0349,Bajo,0,17.5
Gustavo A. Madero,Mañana (06-11),Miércoles,7,0,0,3,0.0464,0.2486,0.705,Alto,2,82.9
Gustavo A. Madero,Mañana (06-11),Miércoles,7,1,0,3,0.0419,0.2883,0.6698,Alto,2,81.4
Gustavo A. Madero,Noche (18-23),Miércoles,7,0,0,3,0.0068,0.0555,0.9378,Alto,2,96.5
Gustavo A. Madero,Noche (18-23),Miércoles,7,1,0,3,0.0191,0.0636,0.9174,Alto,2,94.9
Gustavo A. Madero,Tarde (12-17),Miércoles,7,0,0,3,0.0106,0.0804,0.909,Alto,2,94.9
Gustavo A. Madero,Tarde (12-17),Miércoles,7,1,0,3,0.0123,0.1015,0.8862,Alto,2,93.7
Gustavo A. Madero,Madrugada (00-05),Sábado,7,0,1,3,0.0136,0.438,0.5484,Alto,2,76.7
Gustavo A. Madero,Madrugada (00-05),Sábado,7,1,1,3,0.0184,0.401,0.5806,Alto,2,78.1
Gustavo A. Madero,Mañana (06-11),Sábado,7,0,1,3,0.0072,0.2731,0.7197,Alto,2,85.6
Gustavo A. Madero,Mañana (06-11),Sábado,7,1,1,3,0.0113,0.3045,0.6841,Alto,2,83.6
Gustavo A. Madero,Noche (18-23),Sábado,7,0,1,3,0.0012,0.0652,0.9336,Alto,2,96.6
Gustavo A. Madero,Noche (18-23),Sábado,7,1,1,3,0.0018,0.062,0.9363,Alto,2,96.7
Gustavo A. Madero,Tarde (12-17),Sábado,7,0,1,3,0.0021,0.1099,0.8881,Alto,2,94.3
Gustavo A. Madero,Tarde (12-17),Sábado,7,1,1,3,0.002,0.0965,0.9015,Alto,2,95.0
Gustavo A. Madero,Madrugada (00-05),Viernes,7,0,0,3,0.5521,0.3903,0.0576,Bajo,0,25.3
Gustavo A. Madero,Madrugada (00-05),Viernes,7,1,0,3,0.4421,0.4809,0.077,Medio,1,31.7
Gustavo A. Madero,Mañana (06-11),Viernes,7,0,0,3,0.0178,0.259,0.7232,Alto,2,85.3
Gustavo A. Madero,Mañana (06-11),Viernes,7,1,0,3,0.0196,0.3492,0.6313,Alto,2,80.6
Gustavo A. Madero,Noche (18-23),Viernes,7,0,0,3,0.003,0.0468,0.9502,Alto,2,97.4
Gustavo A. Madero,Noche (18-23),Viernes,7,1,0,3,0.0054,0.0385,0.9561,Alto,2,97.5
Gustavo A. Madero,Tarde (12-17),Viernes,7,0,0,3,0.0125,0.0908,0.8967,Alto,2,94.2
Gustavo A. Madero,Tarde (12-17),Viernes,7,1,0,3,0.0112,0.0839,0.9049,Alto,2,94.7
Gustavo A. Madero,Madrugada (00-05),Domingo,8,0,1,3,0.0354,0.4942,0.4704,Medio,1,71.7
Gustavo A. Madero,Madrugada (00-05),Domingo,8,1,1,3,0.023,0.3998,0.5772,Alto,2,77.7
Gustavo A. Madero,Mañana (06-11),Domingo,8,0,1,3,0.0697,0.5,0.4303,Medio,1,68.0
Gustavo A. Madero,Mañana (06-11),Domingo,8,1,1,3,0.08,0.4638,0.4562,Medio,1,68.8
Gustavo A. Madero,Noche (18-23),Domingo,8,0,1,3,0.0027,0.1011,0.8961,Alto,2,94.7
Gustavo A. Madero,Noche (18-23),Domingo,8,1,1,3,0.0034,0.07,0.9266,Alto,2,96.2
Gustavo A. Madero,Tarde (12-17),Domingo,8,0,1,3,0.0141,0.1369,0.8489,Alto,2,91.7
Gustavo A. Madero,Tarde (12-17),Domingo,8,1,1,3,0.0062,0.1191,0.8747,Alto,2,93.4
Gustavo A. Madero,Madrugada (00-05),Jueves,8,0,0,3,0.5888,0.3699,0.0413,Bajo,0,22.6
Gustavo A. Madero,Madrugada (00-05),Jueves,8,1,0,3,0.4167,0.5079,0.0754,Medio,1,32.9
Gustavo A. Madero,Mañana (06-11),Jueves,8,0,0,3,0.0129,0.2577,0.7294,Alto,2,85.8
Gustavo A. Madero,Mañana (06-11),Jueves,8,1,0,3,0.0099,0.2331,0.757,Alto,2,87.4
Gustavo A. Madero,Noche (18-23),Jueves,8,0,0,3,0.0056,0.1464,0.8479,Alto,2,92.1
Gustavo A. Madero,Noche (18-23),Jueves,8,1,0,3,0.0064,0.1092,0.8845,Alto,2,93.9
Gustavo A. Madero,Tarde (12-17),Jueves,8,0,0,3,0.0092,0.1379,0.8529,Alto,2,92.2
Gustavo A. Madero,Tarde (12-17),Jueves,8,1,0,3,0.0055,0.1267,0.8678,Alto,2,93.1
Gustavo A. Madero,Madrugada (00-05),Lunes,8,0,0,3,0.4935,0.4501,0.0564,Bajo,0,28.1
Gustavo A. Madero,Madrugada (00-05),Lunes,8,1,0,3,0.4063,0.5192,0.0745,Medio,1,33.4
Gustavo A. Madero,Mañana (06-11),Lunes,8,0,0,3,0.016,0.2291,0.755,Alto,2,87.0
Gustavo A. Madero,Mañana (06-11),Lunes,8,1,0,3,0.0295,0.2726,0.6979,Alto,2,83.4
Gustavo A. Madero,Noche (18-23),Lunes,8,0,0,3,0.0087,0.255,0.7363,Alto,2,86.4
Gustavo A. Madero,Noche (18-23),Lunes,8,1,0,3,0.0152,0.1196,0.8652,Alto,2,92.5
Gustavo A. Madero,Tarde (12-17),Lunes,8,0,0,3,0.0095,0.1176,0.8729,Alto,2,93.2
Gustavo A. Madero,Tarde (12-17),Lunes,8,1,0,3,0.008,0.1287,0.8633,Alto,2,92.8
Gustavo A. Madero,Madrugada (00-05),Martes,8,0,0,3,0.7554,0.2154,0.0292,Bajo,0,13.7
Gustavo A. Madero,Madrugada (00-05),Martes,8,1,0,3,0.6596,0.2875,0.0529,Bajo,0,19.7
Gustavo A. Madero,Mañana (06-11),Martes,8,0,0,3,0.0084,0.2349,0.7567,Alto,2,87.4
Gustavo A. Madero,Mañana (06-11),Martes,8,1,0,3,0.0081,0.2302,0.7617,Alto,2,87.7
Gustavo A. Madero,Noche (18-23),Martes,8,0,0,3,0.0077,0.1493,0.843,Alto,2,91.8
Gustavo A. Madero,Noche (18-23),Martes,8,1,0,3,0.0128,0.1171,0.8701,Alto,2,92.9
Gustavo A. Madero,Tarde (12-17),Martes,8,0,0,3,0.0191,0.0724,0.9085,Alto,2,94.5
Gustavo A. Madero,Tarde (12-17),Martes,8,1,0,3,0.0117,0.0621,0.9262,Alto,2,95.7
Gustavo A. Madero,Madrugada (00-05),Miércoles,8,0,0,3,0.681,0.2829,0.0362,Bajo,0,17.8
Gustavo A. Madero,Madrugada (00-05),Miércoles,8,1,0,3,0.6635,0.2958,0.0408,Bajo,0,18.9
Gustavo A. Madero,Mañana (06-11),Miércoles,8,0,0,3,0.0267,0.2509,0.7224,Alto,2,84.8
Gustavo A. Madero,Mañana (06-11),Miércoles,8,1,0,3,0.029,0.2486,0.7225,Alto,2,84.7
Gustavo A. Madero,Noche (18-23),Miércoles,8,0,0,3,0.0073,0.067,0.9257,Alto,2,95.9
Gustavo A. Madero,Noche (18-23),Miércoles,8,1,0,3,0.0189,0.056,0.9251,Alto,2,95.3
Gustavo A. Madero,Tarde (12-17),Miércoles,8,0,0,3,0.0088,0.0816,0.9096,Alto,2,95.0
Gustavo A. Madero,Tarde (12-17),Miércoles,8,1,0,3,0.0092,0.0896,0.9012,Alto,2,94.6
Gustavo A. Madero,Madrugada (00-05),Sábado,8,0,1,3,0.0144,0.4523,0.5333,Alto,2,75.9
Gustavo A. Madero,Madrugada (00-05),Sábado,8,1,1,3,0.0182,0.3431,0.6387,Alto,2,81.0
Gustavo A. Madero,Mañana (06-11),Sábado,8,0,1,3,0.0086,0.3126,0.6789,Alto,2,83.5
Gustavo A. Madero,Mañana (06-11),Sábado,8,1,1,3,0.0125,0.2951,0.6925,Alto,2,84.0
Gustavo A. Madero,Noche (18-23),Sábado,8,0,1,3,0.0014,0.0684,0.9302,Alto,2,96.4
Gustavo A. Madero,Noche (18-23),Sábado,8,1,1,3,0.0018,0.0495,0.9487,Alto,2,97.3
Gustavo A. Madero,Tarde (12-17),Sábado,8,0,1,3,0.0025,0.1002,0.8974,Alto,2,94.7
Gustavo A. Madero,Tarde (12-17),Sábado,8,1,1,3,0.0021,0.0827,0.9153,Alto,2,95.7
Gustavo A. Madero,Madrugada (00-05),Viernes,8,0,0,3,0.4997,0.4441,0.0562,Bajo,0,27.8
Gustavo A. Madero,Madrugada (00-05),Viernes,8,1,0,3,0.4282,0.4782,0.0936,Medio,1,33.3
Gustavo A. Madero,Mañana (06-11),Viernes,8,0,0,3,0.0139,0.2925,0.6937,Alto,2,84.0
Gustavo A. Madero,Mañana (06-11),Viernes,8,1,0,3,0.0148,0.324,0.6612,Alto,2,82.3
Gustavo A. Madero,Noche (18-23),Viernes,8,0,0,3,0.0021,0.06,0.9379,Alto,2,96.8
Gustavo A. Madero,Noche (18-23),Viernes,8,1,0,3,0.0036,0.0319,0.9645,Alto,2,98.0
Gustavo A. Madero,Tarde (12-17),Viernes,8,0,0,3,0.0116,0.0746,0.9139,Alto,2,95.1
Gustavo A. Madero,Tarde (12-17),Viernes,8,1,0,3,0.0091,0.0611,0.9297,Alto,2,96.0
Gustavo A. Madero,Madrugada (00-05),Domingo,9,0,1,3,0.0551,0.4001,0.5448,Alto,2,74.5
Gustavo A. Madero,Madrugada (00-05),Domingo,9,1,1,3,0.0493,0.3555,0.5952,Alto,2,77.3
Gustavo A. Madero,Mañana (06-11),Domingo,9,0,1,3,0.0688,0.343,0.5881,Alto,2,76.0
Gustavo A. Madero,Mañana (06-11),Domingo,9,1,1,3,0.1172,0.3702,0.5125,Alto,2,69.8
Gustavo A. Madero,Noche (18-23),Domingo,9,0,1,3,0.0041,0.0965,0.8995,Alto,2,94.8
Gustavo A. Madero,Noche (18-23),Domingo,9,1,1,3,0.007,0.0757,0.9173,Alto,2,95.5
Gustavo A. Madero,Tarde (12-17),Domingo,9,0,1,3,0.0988,0.0952,0.8061,Alto,2,85.4
Gustavo A. Madero,Tarde (12-17),Domingo,9,1,1,3,0.0511,0.1102,0.8387,Alto,2,89.4
Gustavo A. Madero,Madrugada (00-05),Jueves,9,0,0,3,0.3654,0.5635,0.0711,Medio,1,35.3
Gustavo A. Madero,Madrugada (00-05),Jueves,9,1,0,3,0.2744,0.6492,0.0763,Medio,1,40.1
Gustavo A. Madero,Mañana (06-11),Jueves,9,0,0,3,0.0037,0.164,0.8322,Alto,2,91.4
Gustavo A. Madero,Mañana (06-11),Jueves,9,1,0,3,0.0066,0.2341,0.7594,Alto,2,87.6
Gustavo A. Madero,Noche (18-23),Jueves,9,0,0,3,0.0027,0.1594,0.8378,Alto,2,91.8
Gustavo A. Madero,Noche (18-23),Jueves,9,1,0,3,0.0048,0.1511,0.8441,Alto,2,92.0
Gustavo A. Madero,Tarde (12-17),Jueves,9,0,0,3,0.0052,0.0977,0.8971,Alto,2,94.6
Gustavo A. Madero,Tarde (12-17),Jueves,9,1,0,3,0.0044,0.1133,0.8823,Alto,2,93.9
Gustavo A. Madero,Madrugada (00-05),Lunes,9,0,0,3,0.4226,0.4925,0.0849,Medio,1,33.1
Gustavo A. Madero,Madrugada (00-05),Lunes,9,1,0,3,0.4136,0.4975,0.0889,Medio,1,33.8
Gustavo A. Madero,Mañana (06-11),Lunes,9,0,0,3,0.0063,0.1135,0.8802,Alto,2,93.7
Gustavo A. Madero,Mañana (06-11),Lunes,9,1,0,3,0.0257,0.1892,0.7852,Alto,2,88.0
Gustavo A. Madero,Noche (18-23),Lunes,9,0,0,3,0.006,0.2147,0.7793,Alto,2,88.7
Gustavo A. Madero,Noche (18-23),Lunes,9,1,0,3,0.015,0.1093,0.8757,Alto,2,93.0
Gustavo A. Madero,Tarde (12-17),Lunes,9,0,0,3,0.0081,0.1031,0.8888,Alto,2,94.0
Gustavo A. Madero,Tarde (12-17),Lunes,9,1,0,3,0.0089,0.1219,0.8692,Alto,2,93.0
Gustavo A. Madero,Madrugada (00-05),Martes,9,0,0,3,0.6956,0.2542,0.0501,Bajo,0,17.7
Gustavo A. Madero,Madrugada (00-05),Martes,9,1,0,3,0.6433,0.299,0.0577,Bajo,0,20.7
Gustavo A. Madero,Mañana (06-11),Martes,9,0,0,3,0.0033,0.1072,0.8895,Alto,2,94.3
Gustavo A. Madero,Mañana (06-11),Martes,9,1,0,3,0.0071,0.1677,0.8252,Alto,2,90.9
Gustavo A. Madero,Noche (18-23),Martes,9,0,0,3,0.0049,0.1094,0.8856,Alto,2,94.0
Gustavo A. Madero,Noche (18-23),Martes,9,1,0,3,0.0118,0.1089,0.8794,Alto,2,93.4
Gustavo A. Madero,Tarde (12-17),Martes,9,0,0,3,0.0158,0.0684,0.9159,Alto,2,95.0
Gustavo A. Madero,Tarde (12-17),Martes,9,1,0,3,0.015,0.0798,0.9051,Alto,2,94.5
Gustavo A. Madero,Madrugada (00-05),Miércoles,9,0,0,3,0.5997,0.3325,0.0677,Bajo,0,23.4
Gustavo A. Madero,Madrugada (00-05),Miércoles,9,1,0,3,0.5825,0.3636,0.054,Bajo,0,23.6
Gustavo A. Madero,Mañana (06-11),Miércoles,9,0,0,3,0.0107,0.1192,0.87,Alto,2,93.0
Gustavo A. Madero,Mañana (06-11),Miércoles,9,1,0,3,0.0206,0.1978,0.7817,Alto,2,88.1
Gustavo A. Madero,Noche (18-23),Miércoles,9,0,0,3,0.0048,0.056,0.9392,Alto,2,96.7
Gustavo A. Madero,Noche (18-23),Miércoles,9,1,0,3,0.015,0.0626,0.9224,Alto,2,95.4
Gustavo A. Madero,Tarde (12-17),Miércoles,9,0,0,3,0.0066,0.062,0.9314,Alto,2,96.2
Gustavo A. Madero,Tarde (12-17),Miércoles,9,1,0,3,0.0085,0.0993,0.8922,Alto,2,94.2
Gustavo A. Madero,Madrugada (00-05),Sábado,9,0,1,3,0.0331,0.4988,0.468,Medio,1,71.7
Gustavo A. Madero,Madrugada (00-05),Sábado,9,1,1,3,0.0604,0.3701,0.5695,Alto,2,75.5
Gustavo A. Madero,Mañana (06-11),Sábado,9,0,1,3,0.0094,0.319,0.6715,Alto,2,83.1
Gustavo A. Madero,Mañana (06-11),Sábado,9,1,1,3,0.0199,0.2907,0.6895,Alto,2,83.5
Gustavo A. Madero,Noche (18-23),Sábado,9,0,1,3,0.0035,0.0869,0.9097,Alto,2,95.3
Gustavo A. Madero,Noche (18-23),Sábado,9,1,1,3,0.0063,0.067,0.9266,Alto,2,96.0
Gustavo A. Madero,Tarde (12-17),Sábado,9,0,1,3,0.0187,0.0636,0.9177,Alto,2,95.0
Gustavo A. Madero,Tarde (12-17),Sábado,9,1,1,3,0.0168,0.0536,0.9296,Alto,2,95.6
Gustavo A. Madero,Madrugada (00-05),Viernes,9,0,0,3,0.4136,0.5073,0.079,Medio,1,33.3
Gustavo A. Madero,Madrugada (00-05),Viernes,9,1,0,3,0.4046,0.5029,0.0925,Medio,1,34.4
Gustavo A. Madero,Mañana (06-11),Viernes,9,0,0,3,0.0064,0.1694,0.8242,Alto,2,90.9
Gustavo A. Madero,Mañana (06-11),Viernes,9,1,0,3,0.0139,0.284,0.7021,Alto,2,84.4
Gustavo A. Madero,Noche (18-23),Viernes,9,0,0,3,0.0018,0.0663,0.9319,Alto,2,96.5
Gustavo A. Madero,Noche (18-23),Viernes,9,1,0,3,0.0042,0.0426,0.9532,Alto,2,97.5
Gustavo A. Madero,Tarde (12-17),Viernes,9,0,0,3,0.0078,0.058,0.9342,Alto,2,96.3
Gustavo A. Madero,Tarde (12-17),Viernes,9,1,0,3,0.008,0.0586,0.9334,Alto,2,96.3
Gustavo A. Madero,Madrugada (00-05),Domingo,10,0,1,4,0.0511,0.3245,0.6245,Alto,2,78.7
Gustavo A. Madero,Madrugada (00-05),Domingo,10,1,1,4,0.0458,0.2863,0.6679,Alto,2,81.1
Gustavo A. Madero,Mañana (06-11),Domingo,10,0,1,4,0.048,0.3262,0.6258,Alto,2,78.9
Gustavo A. Madero,Mañana (06-11),Domingo,10,1,1,4,0.0856,0.3417,0.5727,Alto,2,74.4
Gustavo A. Madero,Noche (18-23),Domingo,10,0,1,4,0.0034,0.1043,0.8923,Alto,2,94.4
Gustavo A. Madero,Noche (18-23),Domingo,10,1,1,4,0.0053,0.0739,0.9209,Alto,2,95.8
Gustavo A. Madero,Tarde (12-17),Domingo,10,0,1,4,0.0417,0.094,0.8644,Alto,2,91.1
Gustavo A. Madero,Tarde (12-17),Domingo,10,1,1,4,0.0266,0.1146,0.8588,Alto,2,91.6
Gustavo A. Madero,Madrugada (00-05),Jueves,10,0,0,4,0.4975,0.44,0.0626,Bajo,0,28.3
Gustavo A. Madero,Madrugada (00-05),Jueves,10,1,0,4,0.2802,0.6224,0.0974,Medio,1,40.9
Gustavo A. Madero,Mañana (06-11),Jueves,10,0,0,4,0.0046,0.2065,0.7889,Alto,2,89.2
Gustavo A. Madero,Mañana (06-11),Jueves,10,1,0,4,0.0053,0.2024,0.7922,Alto,2,89.3
Gustavo A. Madero,Noche (18-23),Jueves,10,0,0,4,0.0047,0.1922,0.8031,Alto,2,89.9
Gustavo A. Madero,Noche (18-23),Jueves,10,1,0,4,0.0044,0.1425,0.8531,Alto,2,92.4
Gustavo A. Madero,Tarde (12-17),Jueves,10,0,0,4,0.0063,0.074,0.9197,Alto,2,95.7
Gustavo A. Madero,Tarde (12-17),Jueves,10,1,0,4,0.0033,0.0801,0.9166,Alto,2,95.7
Gustavo A. Madero,Madrugada (00-05),Lunes,10,0,0,4,0.6245,0.298,0.0776,Bajo,0,22.7
Gustavo A. Madero,Madrugada (00-05),Lunes,10,1,0,4,0.5622,0.3337,0.1041,Bajo,0,27.1
Gustavo A. Madero,Mañana (06-11),Lunes,10,0,0,4,0.0087,0.1158,0.8754,Alto,2,93.3
Gustavo A. Madero,Mañana (06-11),Lunes,10,1,0,4,0.0271,0.155,0.8179,Alto,2,89.5
Gustavo A. Madero,Noche (18-23),Lunes,10,0,0,4,0.0083,0.222,0.7698,Alto,2,88.1
Gustavo A. Madero,Noche (18-23),Lunes,10,1,0,4,0.0141,0.089,0.8969,Alto,2,94.1
Gustavo A. Madero,Tarde (12-17),Lunes,10,0,0,4,0.0093,0.0584,0.9323,Alto,2,96.2
Gustavo A. Madero,Tarde (12-17),Lunes,10,1,0,4,0.0086,0.0568,0.9346,Alto,2,96.3
Gustavo A. Madero,Madrugada (00-05),Martes,10,0,0,4,0.8508,0.1091,0.0401,Bajo,0,9.5
Gustavo A. Madero,Madrugada (00-05),Martes,10,1,0,4,0.7786,0.1508,0.0706,Bajo,0,14.6
Gustavo A. Madero,Mañana (06-11),Martes,10,0,0,4,0.0036,0.085,0.9114,Alto,2,95.4
Gustavo A. Madero,Mañana (06-11),Martes,10,1,0,4,0.0056,0.0978,0.8966,Alto,2,94.5
Gustavo A. Madero,Noche (18-23),Martes,10,0,0,4,0.0061,0.0712,0.9226,Alto,2,95.8
Gustavo A. Madero,Noche (18-23),Martes,10,1,0,4,0.0093,0.0532,0.9375,Alto,2,96.4
Gustavo A. Madero,Tarde (12-17),Martes,10,0,0,4,0.0197,0.0526,0.9278,Alto,2,95.4
Gustavo A. Madero,Tarde (12-17),Martes,10,1,0,4,0.0165,0.0524,0.9311,Alto,2,95.7
Gustavo A. Madero,Madrugada (00-05),Miércoles,10,0,0,4,0.7355,0.2086,0.0559,Bajo,0,16.0
Gustavo A. Madero,Madrugada (00-05),Miércoles,10,1,0,4,0.6781,0.2621,0.0598,Bajo,0,19.1
Gustavo A. Madero,Mañana (06-11),Miércoles,10,0,0,4,0.0151,0.1273,0.8576,Alto,2,92.1
Gustavo A. Madero,Mañana (06-11),Miércoles,10,1,0,4,0.0208,0.1585,0.8207,Alto,2,90.0
Gustavo A. Madero,Noche (18-23),Miércoles,10,0,0,4,0.0072,0.1021,0.8907,Alto,2,94.2
Gustavo A. Madero,Noche (18-23),Miércoles,10,1,0,4,0.0149,0.0896,0.8955,Alto,2,94.0
Gustavo A. Madero,Tarde (12-17),Miércoles,10,0,0,4,0.0075,0.0531,0.9394,Alto,2,96.6
Gustavo A. Madero,Tarde (12-17),Miércoles,10,1,0,4,0.0082,0.0802,0.9116,Alto,2,95.2
Gustavo A. Madero,Madrugada (00-05),Sábado,10,0,1,4,0.0419,0.4065,0.5516,Alto,2,75.5
Gustavo A. Madero,Madrugada (00-05),Sábado,10,1,1,4,0.0787,0.2871,0.6342,Alto,2,77.8
Gustavo A. Madero,Mañana (06-11),Sábado,10,0,1,4,0.0091,0.2894,0.7015,Alto,2,84.6
Gustavo A. Madero,Mañana (06-11),Sábado,10,1,1,4,0.0226,0.2898,0.6877,Alto,2,83.3
Gustavo A. Madero,Noche (18-23),Sábado,10,0,1,4,0.0034,0.092,0.9047,Alto,2,95.1
Gustavo A. Madero,Noche (18-23),Sábado,10,1,1,4,0.0066,0.0617,0.9317,Alto,2,96.3
Gustavo A. Madero,Tarde (12-17),Sábado,10,0,1,4,0.01,0.0547,0.9353,Alto,2,96.3
Gustavo A. Madero,Tarde (12-17),Sábado,10,1,1,4,0.0118,0.0499,0.9383,Alto,2,96.3
Gustavo A. Madero,Madrugada (00-05),Viernes,10,0,0,4,0.7387,0.1854,0.076,Bajo,0,16.9
Gustavo A. Madero,Madrugada (00-05),Viernes,10,1,0,4,0.6811,0.1994,0.1195,Bajo,0,21.9
Gustavo A. Madero,Mañana (06-11),Viernes,10,0,0,4,0.01,0.1357,0.8543,Alto,2,92.2
Gustavo A. Madero,Mañana (06-11),Viernes,10,1,0,4,0.0168,0.179,0.8043,Alto,2,89.4
Gustavo A. Madero,Noche (18-23),Viernes,10,0,0,4,0.0024,0.0282,0.9694,Alto,2,98.4
Gustavo A. Madero,Noche (18-23),Viernes,10,1,0,4,0.0036,0.0143,0.9821,Alto,2,98.9
Gustavo A. Madero,Tarde (12-17),Viernes,10,0,0,4,0.0108,0.0314,0.9578,Alto,2,97.4
Gustavo A. Madero,Tarde (12-17),Viernes,10,1,0,4,0.0091,0.0285,0.9624,Alto,2,97.7
Gustavo A. Madero,Madrugada (00-05),Domingo,11,0,1,4,0.0278,0.2428,0.7294,Alto,2,85.1
Gustavo A. Madero,Madrugada (00-05),Domingo,11,1,1,4,0.0321,0.1947,0.7732,Alto,2,87.1
Gustavo A. Madero,Mañana (06-11),Domingo,11,0,1,4,0.0345,0.3709,0.5946,Alto,2,78.0
Gustavo A. Madero,Mañana (06-11),Domingo,11,1,1,4,0.0859,0.3622,0.5519,Alto,2,73.3
Gustavo A. Madero,Noche (18-23),Domingo,11,0,1,4,0.0022,0.0826,0.9153,Alto,2,95.7
Gustavo A. Madero,Noche (18-23),Domingo,11,1,1,4,0.0035,0.0553,0.9413,Alto,2,96.9
Gustavo A. Madero,Tarde (12-17),Domingo,11,0,1,4,0.016,0.0464,0.9376,Alto,2,96.1
Gustavo A. Madero,Tarde (12-17),Domingo,11,1,1,4,0.0145,0.0526,0.933,Alto,2,95.9
Gustavo A. Madero,Madrugada (00-05),Jueves,11,0,0,4,0.5804,0.3241,0.0955,Bajo,0,25.8
Gustavo A. Madero,Madrugada (00-05),Jueves,11,1,0,4,0.3267,0.5003,0.173,Medio,1,42.3
Gustavo A. Madero,Mañana (06-11),Jueves,11,0,0,4,0.0048,0.1846,0.8106,Alto,2,90.3
Gustavo A. Madero,Mañana (06-11),Jueves,11,1,0,4,0.0053,0.1637,0.831,Alto,2,91.3
Gustavo A. Madero,Noche (18-23),Jueves,11,0,0,4,0.0049,0.1218,0.8733,Alto,2,93.4
Gustavo A. Madero,Noche (18-23),Jueves,11,1,0,4,0.0031,0.0836,0.9132,Alto,2,95.5
Gustavo A. Madero,Tarde (12-17),Jueves,11,0,0,4,0.0055,0.039,0.9555,Alto,2,97.5
Gustavo A. Madero,Tarde (12-17),Jueves,11,1,0,4,0.0025,0.0393,0.9582,Alto,2,97.8
Gustavo A. Madero,Madrugada (00-05),Lunes,11,0,0,4,0.5111,0.3724,0.1165,Bajo,0,30.3
Gustavo A. Madero,Madrugada (00-05),Lunes,11,1,0,4,0.577,0.293,0.13,Bajo,0,27.6
Gustavo A. Madero,Mañana (06-11),Lunes,11,0,0,4,0.006,0.172,0.8219,Alto,2,90.8
Gustavo A. Madero,Mañana (06-11),Lunes,11,1,0,4,0.029,0.2325,0.7385,Alto,2,85.5
Gustavo A. Madero,Noche (18-23),Lunes,11,0,0,4,0.0059,0.2375,0.7567,Alto,2,87.5
Gustavo A. Madero,Noche (18-23),Lunes,11,1,0,4,0.0125,0.0819,0.9056,Alto,2,94.7
Gustavo A. Madero,Tarde (12-17),Lunes,11,0,0,4,0.0058,0.045,0.9492,Alto,2,97.2
Gustavo A. Madero,Tarde (12-17),Lunes,11,1,0,4,0.0081,0.0378,0.9541,Alto,2,97.3
Gustavo A. Madero,Madrugada (00-05),Martes,11,0,0,4,0.8363,0.1007,0.063,Bajo,0,11.3
Gustavo A. Madero,Madrugada (00-05),Martes,11,1,0,4,0.8553,0.0811,0.0636,Bajo,0,10.4
Gustavo A. Madero,Mañana (06-11),Martes,11,0,0,4,0.0027,0.0753,0.9221,Alto,2,96.0
Gustavo A. Madero,Mañana (06-11),Martes,11,1,0,4,0.0062,0.0812,0.9125,Alto,2,95.3
Gustavo A. Madero,Noche (18-23),Martes,11,0,0,4,0.0047,0.053,0.9423,Alto,2,96.9
Gustavo A. Madero,Noche (18-23),Martes,11,1,0,4,0.0111,0.0388,0.9501,Alto,2,97.0
Gustavo A. Madero,Tarde (12-17),Martes,11,0,0,4,0.0129,0.0268,0.9602,Alto,2,97.4
Gustavo A. Madero,Tarde (12-17),Martes,11,1,0,4,0.0197,0.0267,0.9536,Alto,2,96.7
Gustavo A. Madero,Madrugada (00-05),Miércoles,11,0,0,4,0.6927,0.2276,0.0797,Bajo,0,19.4
Gustavo A. Madero,Madrugada (00-05),Miércoles,11,1,0,4,0.7346,0.1835,0.0819,Bajo,0,17.4
Gustavo A. Madero,Mañana (06-11),Miércoles,11,0,0,4,0.0132,0.1608,0.8259,Alto,2,90.6
Gustavo A. Madero,Mañana (06-11),Miércoles,11,1,0,4,0.0216,0.1332,0.8452,Alto,2,91.2
Gustavo A. Madero,Noche (18-23),Miércoles,11,0,0,4,0.0065,0.1073,0.8862,Alto,2,94.0
Gustavo A. Madero,Noche (18-23),Miércoles,11,1,0,4,0.0138,0.0665,0.9198,Alto,2,95.3
Gustavo A. Madero,Tarde (12-17),Miércoles,11,0,0,4,0.0066,0.0482,0.9452,Alto,2,96.9
Gustavo A. Madero,Tarde (12-17),Miércoles,11,1,0,4,0.0088,0.0506,0.9406,Alto,2,96.6
Gustavo A. Madero,Madrugada (00-05),Sábado,11,0,1,4,0.0179,0.2125,0.7696,Alto,2,87.6
Gustavo A. Madero,Madrugada (00-05),Sábado,11,1,1,4,0.034,0.1229,0.8431,Alto,2,90.5
Gustavo A. Madero,Mañana (06-11),Sábado,11,0,1,4,0.0066,0.2791,0.7143,Alto,2,85.4
Gustavo A. Madero,Mañana (06-11),Sábado,11,1,1,4,0.0195,0.2578,0.7227,Alto,2,85.2
Gustavo A. Madero,Noche (18-23),Sábado,11,0,1,4,0.0018,0.0541,0.9441,Alto,2,97.1
Gustavo A. Madero,Noche (18-23),Sábado,11,1,1,4,0.0031,0.0308,0.9661,Alto,2,98.1
Gustavo A. Madero,Tarde (12-17),Sábado,11,0,1,4,0.0036,0.0231,0.9732,Alto,2,98.5
Gustavo A. Madero,Tarde (12-17),Sábado,11,1,1,4,0.0048,0.0173,0.9778,Alto,2,98.7
Gustavo A. Madero,Madrugada (00-05),Viernes,11,0,0,4,0.6268,0.2082,0.1649,Bajo,0,26.9
Gustavo A. Madero,Madrugada (00-05),Viernes,11,1,0,4,0.605,0.1634,0.2316,Bajo,0,31.3
Gustavo A. Madero,Mañana (06-11),Viernes,11,0,0,4,0.0053,0.1408,0.8539,Alto,2,92.4
Gustavo A. Madero,Mañana (06-11),Viernes,11,1,0,4,0.0108,0.1525,0.8367,Alto,2,91.3
Gustavo A. Madero,Noche (18-23),Viernes,11,0,0,4,0.0016,0.0239,0.9745,Alto,2,98.6
Gustavo A. Madero,Noche (18-23),Viernes,11,1,0,4,0.0027,0.0103,0.987,Alto,2,99.2
Gustavo A. Madero,Tarde (12-17),Viernes,11,0,0,4,0.0052,0.0146,0.9802,Alto,2,98.8
Gustavo A. Madero,Tarde (12-17),Viernes,11,1,0,4,0.0051,0.0108,0.9841,Alto,2,99.0
Gustavo A. Madero,Madrugada (00-05),Domingo,12,0,1,4,0.0244,0.4188,0.5569,Alto,2,76.6
Gustavo A. Madero,Madrugada (00-05),Domingo,12,1,1,4,0.0424,0.5012,0.4564,Medio,1,70.7
Gustavo A. Madero,Mañana (06-11),Domingo,12,0,1,4,0.0514,0.4077,0.5409,Alto,2,74.5
Gustavo A. Madero,Mañana (06-11),Domingo,12,1,1,4,0.2481,0.5162,0.2357,Medio,1,49.4
Gustavo A. Madero,Noche (18-23),Domingo,12,0,1,4,0.0011,0.0327,0.9662,Alto,2,98.3
Gustavo A. Madero,Noche (18-23),Domingo,12,1,1,4,0.0026,0.0314,0.966,Alto,2,98.2
Gustavo A. Madero,Tarde (12-17),Domingo,12,0,1,4,0.0138,0.0826,0.9036,Alto,2,94.5
Gustavo A. Madero,Tarde (12-17),Domingo,12,1,1,4,0.0233,0.1624,0.8143,Alto,2,89.5
Gustavo A. Madero,Madrugada (00-05),Jueves,12,0,0,4,0.4929,0.3775,0.1295,Bajo,0,31.8
Gustavo A. Madero,Madrugada (00-05),Jueves,12,1,0,4,0.359,0.4626,0.1784,Medio,1,41.0
Gustavo A. Madero,Mañana (06-11),Jueves,12,0,0,4,0.006,0.1034,0.8906,Alto,2,94.2
Gustavo A. Madero,Mañana (06-11),Jueves,12,1,0,4,0.0272,0.1418,0.831,Alto,2,90.2
Gustavo A. Madero,Noche (18-23),Jueves,12,0,0,4,0.0021,0.029,0.9689,Alto,2,98.3
Gustavo A. Madero,Noche (18-23),Jueves,12,1,0,4,0.0019,0.0172,0.9809,Alto,2,98.9
Gustavo A. Madero,Tarde (12-17),Jueves,12,0,0,4,0.0058,0.0373,0.9569,Alto,2,97.6
Gustavo A. Madero,Tarde (12-17),Jueves,12,1,0,4,0.0054,0.0383,0.9563,Alto,2,97.5
Gustavo A. Madero,Madrugada (00-05),Lunes,12,0,0,4,0.4641,0.4412,0.0947,Bajo,0,31.5
Gustavo A. Madero,Madrugada (00-05),Lunes,12,1,0,4,0.5981,0.337,0.065,Bajo,0,23.3
Gustavo A. Madero,Mañana (06-11),Lunes,12,0,0,4,0.0085,0.1887,0.8028,Alto,2,89.7
Gustavo A. Madero,Mañana (06-11),Lunes,12,1,0,4,0.1165,0.3649,0.5186,Alto,2,70.1
Gustavo A. Madero,Noche (18-23),Lunes,12,0,0,4,0.0062,0.0768,0.917,Alto,2,95.5
Gustavo A. Madero,Noche (18-23),Lunes,12,1,0,4,0.0113,0.0362,0.9526,Alto,2,97.1
Gustavo A. Madero,Tarde (12-17),Lunes,12,0,0,4,0.0091,0.0723,0.9186,Alto,2,95.5
Gustavo A. Madero,Tarde (12-17),Lunes,12,1,0,4,0.0262,0.0883,0.8856,Alto,2,93.0
Gustavo A. Madero,Madrugada (00-05),Martes,12,0,0,4,0.6028,0.324,0.0733,Bajo,0,23.5
Gustavo A. Madero,Madrugada (00-05),Martes,12,1,0,4,0.7584,0.1987,0.043,Bajo,0,14.2
Gustavo A. Madero,Mañana (06-11),Martes,12,0,0,4,0.0047,0.1429,0.8524,Alto,2,92.4
Gustavo A. Madero,Mañana (06-11),Martes,12,1,0,4,0.053,0.2547,0.6923,Alto,2,82.0
Gustavo A. Madero,Noche (18-23),Martes,12,0,0,4,0.0021,0.0376,0.9603,Alto,2,97.9
Gustavo A. Madero,Noche (18-23),Martes,12,1,0,4,0.0082,0.0292,0.9627,Alto,2,97.7
Gustavo A. Madero,Tarde (12-17),Martes,12,0,0,4,0.0134,0.0768,0.9098,Alto,2,94.8
Gustavo A. Madero,Tarde (12-17),Martes,12,1,0,4,0.0477,0.0915,0.8608,Alto,2,90.7
Gustavo A. Madero,Madrugada (00-05),Miércoles,12,0,0,4,0.4475,0.5103,0.0422,Medio,1,29.7
Gustavo A. Madero,Madrugada (00-05),Miércoles,12,1,0,4,0.5087,0.4576,0.0337,Bajo,0,26.3
Gustavo A. Madero,Mañana (06-11),Miércoles,12,0,0,4,0.0217,0.1972,0.7811,Alto,2,88.0
Gustavo A. Madero,Mañana (06-11),Miércoles,12,1,0,4,0.122,0.2769,0.6011,Alto,2,74.0
Gustavo A. Madero,Noche (18-23),Miércoles,12,0,0,4,0.0042,0.0615,0.9344,Alto,2,96.5
Gustavo A. Madero,Noche (18-23),Miércoles,12,1,0,4,0.0103,0.0447,0.945,Alto,2,96.7
Gustavo A. Madero,Tarde (12-17),Miércoles,12,0,0,4,0.0118,0.2026,0.7856,Alto,2,88.7
Gustavo A. Madero,Tarde (12-17),Miércoles,12,1,0,4,0.0231,0.2652,0.7116,Alto,2,84.4
Gustavo A. Madero,Madrugada (00-05),Sábado,12,0,1,4,0.012,0.3044,0.6836,Alto,2,83.6
Gustavo A. Madero,Madrugada (00-05),Sábado,12,1,1,4,0.0355,0.3159,0.6486,Alto,2,80.7
Gustavo A. Madero,Mañana (06-11),Sábado,12,0,1,4,0.0112,0.2788,0.71,Alto,2,84.9
Gustavo A. Madero,Mañana (06-11),Sábado,12,1,1,4,0.0695,0.5432,0.3874,Medio,1,65.9
Gustavo A. Madero,Noche (18-23),Sábado,12,0,1,4,0.0009,0.0198,0.9793,Alto,2,98.9
Gustavo A. Madero,Noche (18-23),Sábado,12,1,1,4,0.002,0.0161,0.9819,Alto,2,99.0
Gustavo A. Madero,Tarde (12-17),Sábado,12,0,1,4,0.0023,0.0311,0.9666,Alto,2,98.2
Gustavo A. Madero,Tarde (12-17),Sábado,12,1,1,4,0.0065,0.0514,0.9421,Alto,2,96.8
Gustavo A. Madero,Madrugada (00-05),Viernes,12,0,0,4,0.4926,0.2849,0.2225,Bajo,0,36.5
Gustavo A. Madero,Madrugada (00-05),Viernes,12,1,0,4,0.5568,0.193,0.2502,Bajo,0,34.7
Gustavo A. Madero,Mañana (06-11),Viernes,12,0,0,4,0.0084,0.1107,0.8809,Alto,2,93.6
Gustavo A. Madero,Mañana (06-11),Viernes,12,1,0,4,0.0523,0.1406,0.8071,Alto,2,87.7
Gustavo A. Madero,Noche (18-23),Viernes,12,0,0,4,0.0008,0.0115,0.9877,Alto,2,99.3
Gustavo A. Madero,Noche (18-23),Viernes,12,1,0,4,0.0023,0.0053,0.9924,Alto,2,99.5
Gustavo A. Madero,Tarde (12-17),Viernes,12,0,0,4,0.0048,0.0199,0.9753,Alto,2,98.5
Gustavo A. Madero,Tarde (12-17),Viernes,12,1,0,4,0.0079,0.0145,0.9776,Alto,2,98.5
Iztacalco,Madrugada (00-05),Domingo,1,0,1,1,0.4779,0.4757,0.0463,Bajo,0,28.4
Iztacalco,Madrugada (00-05),Domingo,1,1,1,1,0.4018,0.5353,0.0629,Medio,1,33.1
Iztacalco,Mañana (06-11),Domingo,1,0,1,1,0.4844,0.4708,0.0448,Bajo,0,28.0
Iztacalco,Mañana (06-11),Domingo,1,1,1,1,0.4223,0.5224,0.0553,Medio,1,31.7
Iztacalco,Noche (18-23),Domingo,1,0,1,1,0.2376,0.6535,0.1089,Medio,1,43.6
Iztacalco,Noche (18-23),Domingo,1,1,1,1,0.2418,0.6492,0.109,Medio,1,43.4
Iztacalco,Tarde (12-17),Domingo,1,0,1,1,0.2225,0.6698,0.1077,Medio,1,44.3
Iztacalco,Tarde (12-17),Domingo,1,1,1,1,0.179,0.6845,0.1366,Medio,1,47.9
Iztacalco,Madrugada (00-05),Jueves,1,0,0,1,0.9128,0.0836,0.0036,Bajo,0,4.5
Iztacalco,Madrugada (00-05),Jueves,1,1,0,1,0.924,0.0723,0.0037,Bajo,0,4.0
Iztacalco,Mañana (06-11),Jueves,1,0,0,1,0.4667,0.3726,0.1607,Bajo,0,34.7
Iztacalco,Mañana (06-11),Jueves,1,1,0,1,0.4975,0.3255,0.177,Bajo,0,34.0
Iztacalco,Noche (18-23),Jueves,1,0,0,1,0.3568,0.5038,0.1394,Medio,1,39.1
Iztacalco,Noche (18-23),Jueves,1,1,0,1,0.3882,0.4922,0.1196,Medio,1,36.6
Iztacalco,Tarde (12-17),Jueves,1,0,0,1,0.262,0.6323,0.1057,Medio,1,42.2
Iztacalco,Tarde (12-17),Jueves,1,1,0,1,0.334,0.5338,0.1322,Medio,1,39.9
Iztacalco,Madrugada (00-05),Lunes,1,0,0,1,0.871,0.122,0.0069,Bajo,0,6.8
Iztacalco,Madrugada (00-05),Lunes,1,1,0,1,0.8283,0.1669,0.0048,Bajo,0,8.8
Iztacalco,Mañana (06-11),Lunes,1,0,0,1,0.4286,0.4304,0.141,Medio,1,35.6
Iztacalco,Mañana (06-11),Lunes,1,1,0,1,0.3862,0.5184,0.0954,Medio,1,35.5
Iztacalco,Noche (18-23),Lunes,1,0,0,1,0.3584,0.4906,0.151,Medio,1,39.6
Iztacalco,Noche (18-23),Lunes,1,1,0,1,0.2435,0.6741,0.0825,Medio,1,42.0
Iztacalco,Tarde (12-17),Lunes,1,0,0,1,0.3029,0.4083,0.2888,Medio,1,49.3
Iztacalco,Tarde (12-17),Lunes,1,1,0,1,0.2536,0.5626,0.1837,Medio,1,46.5
Iztacalco,Madrugada (00-05),Martes,1,0,0,1,0.9042,0.093,0.0028,Bajo,0,4.9
Iztacalco,Madrugada (00-05),Martes,1,1,0,1,0.8817,0.1149,0.0034,Bajo,0,6.1
Iztacalco,Mañana (06-11),Martes,1,0,0,1,0.3976,0.5018,0.1006,Medio,1,35.1
Iztacalco,Mañana (06-11),Martes,1,1,0,1,0.3343,0.5507,0.115,Medio,1,39.0
Iztacalco,Noche (18-23),Martes,1,0,0,1,0.2498,0.6505,0.0997,Medio,1,42.5
Iztacalco,Noche (18-23),Martes,1,1,0,1,0.2541,0.6337,0.1122,Medio,1,42.9
Iztacalco,Tarde (12-17),Martes,1,0,0,1,0.2334,0.6202,0.1464,Medio,1,45.7
Iztacalco,Tarde (12-17),Martes,1,1,0,1,0.1577,0.7313,0.111,Medio,1,47.7
Iztacalco,Madrugada (00-05),Miércoles,1,0,0,1,0.93,0.0657,0.0043,Bajo,0,3.7
Iztacalco,Madrugada (00-05),Miércoles,1,1,0,1,0.9228,0.0731,0.0041,Bajo,0,4.1
Iztacalco,Mañana (06-11),Miércoles,1,0,0,1,0.5429,0.3039,0.1532,Bajo,0,30.5
Iztacalco,Mañana (06-11),Miércoles,1,1,0,1,0.4989,0.3562,0.1449,Bajo,0,32.3
Iztacalco,Noche (18-23),Miércoles,1,0,0,1,0.1824,0.7095,0.108,Medio,1,46.3
Iztacalco,Noche (18-23),Miércoles,1,1,0,1,0.2305,0.6949,0.0745,Medio,1,42.2
Iztacalco,Tarde (12-17),Miércoles,1,0,0,1,0.3191,0.2535,0.4273,Alto,2,55.4
Iztacalco,Tarde (12-17),Miércoles,1,1,0,1,0.3024,0.3175,0.3801,Alto,2,53.9
Iztacalco,Madrugada (00-05),Sábado,1,0,1,1,0.4888,0.472,0.0391,Bajo,0,27.5
Iztacalco,Madrugada (00-05),Sábado,1,1,1,1,0.3448,0.6142,0.041,Medio,1,34.8
Iztacalco,Mañana (06-11),Sábado,1,0,1,1,0.4051,0.5155,0.0794,Medio,1,33.7
Iztacalco,Mañana (06-11),Sábado,1,1,1,1,0.284,0.6499,0.0661,Medio,1,39.1
Iztacalco,Noche (18-23),Sábado,1,0,1,1,0.2278,0.6583,0.1139,Medio,1,44.3
Iztacalco,Noche (18-23),Sábado,1,1,1,1,0.1681,0.7519,0.08,Medio,1,45.6
Iztacalco,Tarde (12-17),Sábado,1,0,1,1,0.1694,0.6749,0.1558,Medio,1,49.3
Iztacalco,Tarde (12-17),Sábado,1,1,1,1,0.0934,0.7523,0.1543,Medio,1,53.0
Iztacalco,Madrugada (00-05),Viernes,1,0,0,1,0.8052,0.1882,0.0067,Bajo,0,10.1
Iztacalco,Madrugada (00-05),Viernes,1,1,0,1,0.7418,0.2509,0.0073,Bajo,0,13.3
Iztacalco,Mañana (06-11),Viernes,1,0,0,1,0.3616,0.5196,0.1188,Medio,1,37.9
Iztacalco,Mañana (06-11),Viernes,1,1,0,1,0.2814,0.6084,0.1102,Medio,1,41.4
Iztacalco,Noche (18-23),Viernes,1,0,0,1,0.2008,0.5493,0.2499,Medio,1,52.5
Iztacalco,Noche (18-23),Viernes,1,1,0,1,0.2069,0.6014,0.1917,Medio,1,49.2
Iztacalco,Tarde (12-17),Viernes,1,0,0,1,0.1646,0.63,0.2053,Medio,1,52.0
Iztacalco,Tarde (12-17),Viernes,1,1,0,1,0.1264,0.7212,0.1525,Medio,1,51.3
Iztacalco,Madrugada (00-05),Domingo,2,0,1,1,0.4052,0.5242,0.0705,Medio,1,33.3
Iztacalco,Madrugada (00-05),Domingo,2,1,1,1,0.3695,0.5357,0.0948,Medio,1,36.3
Iztacalco,Mañana (06-11),Domingo,2,0,1,1,0.4294,0.5144,0.0562,Medio,1,31.3
Iztacalco,Mañana (06-11),Domingo,2,1,1,1,0.3906,0.5289,0.0806,Medio,1,34.5
Iztacalco,Noche (18-23),Domingo,2,0,1,1,0.2724,0.5126,0.2151,Medio,1,47.1
Iztacalco,Noche (18-23),Domingo,2,1,1,1,0.2701,0.534,0.1959,Medio,1,46.3
Iztacalco,Tarde (12-17),Domingo,2,0,1,1,0.2803,0.5885,0.1311,Medio,1,42.5
Iztacalco,Tarde (12-17),Domingo,2,1,1,1,0.2296,0.6065,0.1639,Medio,1,46.7
Iztacalco,Madrugada (00-05),Jueves,2,0,0,1,0.7828,0.2121,0.0051,Bajo,0,11.1
Iztacalco,Madrugada (00-05),Jueves,2,1,0,1,0.7838,0.2099,0.0062,Bajo,0,11.1
Iztacalco,Mañana (06-11),Jueves,2,0,0,1,0.3024,0.5755,0.1221,Medio,1,41.0
Iztacalco,Mañana (06-11),Jueves,2,1,0,1,0.2994,0.5276,0.173,Medio,1,43.7
Iztacalco,Noche (18-23),Jueves,2,0,0,1,0.1943,0.6946,0.1111,Medio,1,45.8
Iztacalco,Noche (18-23),Jueves,2,1,0,1,0.1853,0.7071,0.1076,Medio,1,46.1
Iztacalco,Tarde (12-17),Jueves,2,0,0,1,0.2034,0.7031,0.0935,Medio,1,44.5
Iztacalco,Tarde (12-17),Jueves,2,1,0,1,0.2242,0.6501,0.1256,Medio,1,45.1
Iztacalco,Madrugada (00-05),Lunes,2,0,0,1,0.8402,0.152,0.0078,Bajo,0,8.4
Iztacalco,Madrugada (00-05),Lunes,2,1,0,1,0.7996,0.1922,0.0083,Bajo,0,10.4
Iztacalco,Mañana (06-11),Lunes,2,0,0,1,0.4788,0.4057,0.1155,Bajo,0,31.8
Iztacalco,Mañana (06-11),Lunes,2,1,0,1,0.4138,0.4602,0.1259,Medio,1,35.6
Iztacalco,Noche (18-23),Lunes,2,0,0,1,0.3571,0.4706,0.1723,Medio,1,40.8
Iztacalco,Noche (18-23),Lunes,2,1,0,1,0.2664,0.5987,0.135,Medio,1,43.4
Iztacalco,Tarde (12-17),Lunes,2,0,0,1,0.3546,0.3975,0.2479,Medio,1,44.7
Iztacalco,Tarde (12-17),Lunes,2,1,0,1,0.2665,0.4877,0.2458,Medio,1,49.0
Iztacalco,Madrugada (00-05),Martes,2,0,0,1,0.8696,0.1258,0.0046,Bajo,0,6.7
Iztacalco,Madrugada (00-05),Martes,2,1,0,1,0.8561,0.138,0.0059,Bajo,0,7.5
Iztacalco,Mañana (06-11),Martes,2,0,0,1,0.3213,0.5547,0.1241,Medio,1,40.1
Iztacalco,Mañana (06-11),Martes,2,1,0,1,0.2774,0.5609,0.1618,Medio,1,44.2
Iztacalco,Noche (18-23),Martes,2,0,0,1,0.2792,0.5741,0.1467,Medio,1,43.4
Iztacalco,Noche (18-23),Martes,2,1,0,1,0.2619,0.558,0.1802,Medio,1,45.9
Iztacalco,Tarde (12-17),Martes,2,0,0,1,0.2174,0.5952,0.1874,Medio,1,48.5
Iztacalco,Tarde (12-17),Martes,2,1,0,1,0.1491,0.6879,0.163,Medio,1,50.7
Iztacalco,Madrugada (00-05),Miércoles,2,0,0,1,0.917,0.0777,0.0053,Bajo,0,4.4
Iztacalco,Madrugada (00-05),Miércoles,2,1,0,1,0.8903,0.1028,0.0069,Bajo,0,5.8
Iztacalco,Mañana (06-11),Miércoles,2,0,0,1,0.5056,0.319,0.1754,Bajo,0,33.5
Iztacalco,Mañana (06-11),Miércoles,2,1,0,1,0.4088,0.3982,0.193,Bajo,0,39.2
Iztacalco,Noche (18-23),Miércoles,2,0,0,1,0.2694,0.5891,0.1415,Medio,1,43.6
Iztacalco,Noche (18-23),Miércoles,2,1,0,1,0.2335,0.6392,0.1274,Medio,1,44.7
Iztacalco,Tarde (12-17),Miércoles,2,0,0,1,0.3605,0.3223,0.3172,Bajo,0,47.8
Iztacalco,Tarde (12-17),Miércoles,2,1,0,1,0.2727,0.3988,0.3286,Medio,1,52.8
Iztacalco,Madrugada (00-05),Sábado,2,0,1,1,0.5011,0.4435,0.0553,Bajo,0,27.7
Iztacalco,Madrugada (00-05),Sábado,2,1,1,1,0.436,0.5015,0.0625,Medio,1,31.3
Iztacalco,Mañana (06-11),Sábado,2,0,1,1,0.4324,0.4723,0.0953,Medio,1,33.1
Iztacalco,Mañana (06-11),Sábado,2,1,1,1,0.3404,0.5645,0.0951,Medio,1,37.7
Iztacalco,Noche (18-23),Sábado,2,0,1,1,0.282,0.4966,0.2215,Medio,1,47.0
Iztacalco,Noche (18-23),Sábado,2,1,1,1,0.2798,0.5613,0.1589,Medio,1,44.0
Iztacalco,Tarde (12-17),Sábado,2,0,1,1,0.2431,0.564,0.1929,Medio,1,47.5
Iztacalco,Tarde (12-17),Sábado,2,1,1,1,0.1484,0.6292,0.2224,Medio,1,53.7
Iztacalco,Madrugada (00-05),Viernes,2,0,0,1,0.7207,0.2678,0.0115,Bajo,0,14.5
Iztacalco,Madrugada (00-05),Viernes,2,1,0,1,0.6426,0.3455,0.0119,Bajo,0,18.5
Iztacalco,Mañana (06-11),Viernes,2,0,0,1,0.3195,0.5183,0.1622,Medio,1,42.1
Iztacalco,Mañana (06-11),Viernes,2,1,0,1,0.2463,0.5948,0.1589,Medio,1,45.6
Iztacalco,Noche (18-23),Viernes,2,0,0,1,0.1324,0.5415,0.326,Medio,1,59.7
Iztacalco,Noche (18-23),Viernes,2,1,0,1,0.1269,0.6276,0.2455,Medio,1,55.9
Iztacalco,Tarde (12-17),Viernes,2,0,0,1,0.1462,0.6143,0.2394,Medio,1,54.7
Iztacalco,Tarde (12-17),Viernes,2,1,0,1,0.1107,0.7222,0.167,Medio,1,52.8
Iztacalco,Madrugada (00-05),Domingo,3,0,1,1,0.4036,0.5173,0.0791,Medio,1,33.8
Iztacalco,Madrugada (00-05),Domingo,3,1,1,1,0.3743,0.5295,0.0962,Medio,1,36.1
Iztacalco,Mañana (06-11),Domingo,3,0,1,1,0.4274,0.5093,0.0633,Medio,1,31.8
Iztacalco,Mañana (06-11),Domingo,3,1,1,1,0.3948,0.5211,0.0841,Medio,1,34.5
Iztacalco,Noche (18-23),Domingo,3,0,1,1,0.268,0.47,0.262,Medio,1,49.7
Iztacalco,Noche (18-23),Domingo,3,1,1,1,0.2759,0.4978,0.2263,Medio,1,47.5
Iztacalco,Tarde (12-17),Domingo,3,0,1,1,0.3103,0.5227,0.1671,Medio,1,42.8
Iztacalco,Tarde (12-17),Domingo,3,1,1,1,0.2742,0.5329,0.1929,Medio,1,45.9
Iztacalco,Madrugada (00-05),Jueves,3,0,0,1,0.7672,0.227,0.0059,Bajo,0,11.9
Iztacalco,Madrugada (00-05),Jueves,3,1,0,1,0.7606,0.2328,0.0066,Bajo,0,12.3
Iztacalco,Mañana (06-11),Jueves,3,0,0,1,0.2865,0.5948,0.1187,Medio,1,41.6
Iztacalco,Mañana (06-11),Jueves,3,1,0,1,0.2849,0.5481,0.167,Medio,1,44.1
Iztacalco,Noche (18-23),Jueves,3,0,0,1,0.184,0.6728,0.1432,Medio,1,48.0
Iztacalco,Noche (18-23),Jueves,3,1,0,1,0.1738,0.7013,0.1249,Medio,1,47.6
Iztacalco,Tarde (12-17),Jueves,3,0,0,1,0.2052,0.6778,0.117,Medio,1,45.6
Iztacalco,Tarde (12-17),Jueves,3,1,0,1,0.2268,0.6297,0.1435,Medio,1,45.8
Iztacalco,Madrugada (00-05),Lunes,3,0,0,1,0.8248,0.1671,0.0081,Bajo,0,9.2
Iztacalco,Madrugada (00-05),Lunes,3,1,0,1,0.7993,0.1915,0.0092,Bajo,0,10.5
Iztacalco,Mañana (06-11),Lunes,3,0,0,1,0.4691,0.4191,0.1119,Bajo,0,32.1
Iztacalco,Mañana (06-11),Lunes,3,1,0,1,0.4102,0.454,0.1359,Medio,1,36.3
Iztacalco,Noche (18-23),Lunes,3,0,0,1,0.2945,0.4946,0.2109,Medio,1,45.8
Iztacalco,Noche (18-23),Lunes,3,1,0,1,0.2922,0.5475,0.1604,Medio,1,43.4
Iztacalco,Tarde (12-17),Lunes,3,0,0,1,0.3046,0.4109,0.2844,Medio,1,49.0
Iztacalco,Tarde (12-17),Lunes,3,1,0,1,0.2685,0.4523,0.2792,Medio,1,50.5
Iztacalco,Madrugada (00-05),Martes,3,0,0,1,0.8635,0.1298,0.0067,Bajo,0,7.2
Iztacalco,Madrugada (00-05),Martes,3,1,0,1,0.8463,0.1449,0.0088,Bajo,0,8.1
Iztacalco,Mañana (06-11),Martes,3,0,0,1,0.2869,0.5453,0.1678,Medio,1,44.0
Iztacalco,Mañana (06-11),Martes,3,1,0,1,0.2353,0.5325,0.2322,Medio,1,49.8
Iztacalco,Noche (18-23),Martes,3,0,0,1,0.2653,0.5229,0.2119,Medio,1,47.3
Iztacalco,Noche (18-23),Martes,3,1,0,1,0.2419,0.5478,0.2103,Medio,1,48.4
Iztacalco,Tarde (12-17),Martes,3,0,0,1,0.2264,0.521,0.2526,Medio,1,51.3
Iztacalco,Tarde (12-17),Martes,3,1,0,1,0.1573,0.6223,0.2204,Medio,1,53.2
Iztacalco,Madrugada (00-05),Miércoles,3,0,0,1,0.8949,0.0997,0.0054,Bajo,0,5.5
Iztacalco,Madrugada (00-05),Miércoles,3,1,0,1,0.8791,0.1141,0.0068,Bajo,0,6.4
Iztacalco,Mañana (06-11),Miércoles,3,0,0,1,0.4524,0.39,0.1575,Bajo,0,35.3
Iztacalco,Mañana (06-11),Miércoles,3,1,0,1,0.3808,0.4299,0.1893,Medio,1,40.4
Iztacalco,Noche (18-23),Miércoles,3,0,0,1,0.2619,0.5472,0.1909,Medio,1,46.4
Iztacalco,Noche (18-23),Miércoles,3,1,0,1,0.2525,0.5684,0.1791,Medio,1,46.3
Iztacalco,Tarde (12-17),Miércoles,3,0,0,1,0.3218,0.393,0.2852,Medio,1,48.2
Iztacalco,Tarde (12-17),Miércoles,3,1,0,1,0.2594,0.4371,0.3035,Medio,1,52.2
Iztacalco,Madrugada (00-05),Sábado,3,0,1,1,0.4699,0.4626,0.0676,Bajo,0,29.9
Iztacalco,Madrugada (00-05),Sábado,3,1,1,1,0.4144,0.5151,0.0705,Medio,1,32.8
Iztacalco,Mañana (06-11),Sábado,3,0,1,1,0.4152,0.4819,0.1029,Medio,1,34.4
Iztacalco,Mañana (06-11),Sábado,3,1,1,1,0.3271,0.576,0.0969,Medio,1,38.5
Iztacalco,Noche (18-23),Sábado,3,0,1,1,0.2568,0.4784,0.2648,Medio,1,50.4
Iztacalco,Noche (18-23),Sábado,3,1,1,1,0.2651,0.5436,0.1913,Medio,1,46.3
Iztacalco,Tarde (12-17),Sábado,3,0,1,1,0.2472,0.4964,0.2564,Medio,1,50.5
Iztacalco,Tarde (12-17),Sábado,3,1,1,1,0.171,0.5724,0.2566,Medio,1,54.3
Iztacalco,Madrugada (00-05),Viernes,3,0,0,1,0.7492,0.2372,0.0136,Bajo,0,13.2
Iztacalco,Madrugada (00-05),Viernes,3,1,0,1,0.6935,0.293,0.0135,Bajo,0,16.0
Iztacalco,Mañana (06-11),Viernes,3,0,0,1,0.3281,0.5251,0.1468,Medio,1,40.9
Iztacalco,Mañana (06-11),Viernes,3,1,0,1,0.2638,0.5945,0.1417,Medio,1,43.9
Iztacalco,Noche (18-23),Viernes,3,0,0,1,0.1316,0.44,0.4284,Medio,1,64.8
Iztacalco,Noche (18-23),Viernes,3,1,0,1,0.1401,0.5277,0.3322,Medio,1,59.6
Iztacalco,Tarde (12-17),Viernes,3,0,0,1,0.1838,0.4705,0.3458,Medio,1,58.1
Iztacalco,Tarde (12-17),Viernes,3,1,0,1,0.1647,0.5847,0.2506,Medio,1,54.3
Iztacalco,Madrugada (00-05),Domingo,4,0,1,2,0.3826,0.5477,0.0697,Medio,1,34.4
Iztacalco,Madrugada (00-05),Domingo,4,1,1,2,0.4001,0.5055,0.0944,Medio,1,34.7
Iztacalco,Mañana (06-11),Domingo,4,0,1,2,0.4433,0.4987,0.058,Medio,1,30.7
Iztacalco,Mañana (06-11),Domingo,4,1,1,2,0.4652,0.4543,0.0805,Bajo,0,30.8
Iztacalco,Noche (18-23),Domingo,4,0,1,2,0.2508,0.4848,0.2644,Medio,1,50.7
Iztacalco,Noche (18-23),Domingo,4,1,1,2,0.2724,0.4887,0.2389,Medio,1,48.3
Iztacalco,Tarde (12-17),Domingo,4,0,1,2,0.2548,0.6083,0.1368,Medio,1,44.1
Iztacalco,Tarde (12-17),Domingo,4,1,1,2,0.2596,0.5476,0.1928,Medio,1,46.7
Iztacalco,Madrugada (00-05),Jueves,4,0,0,2,0.7879,0.2057,0.0064,Bajo,0,10.9
Iztacalco,Madrugada (00-05),Jueves,4,1,0,2,0.7914,0.2013,0.0073,Bajo,0,10.8
Iztacalco,Mañana (06-11),Jueves,4,0,0,2,0.3501,0.5483,0.1016,Medio,1,37.6
Iztacalco,Mañana (06-11),Jueves,4,1,0,2,0.3416,0.514,0.1444,Medio,1,40.1
Iztacalco,Noche (18-23),Jueves,4,0,0,2,0.1565,0.6649,0.1787,Medio,1,51.1
Iztacalco,Noche (18-23),Jueves,4,1,0,2,0.1556,0.6731,0.1713,Medio,1,50.8
Iztacalco,Tarde (12-17),Jueves,4,0,0,2,0.294,0.5673,0.1387,Medio,1,42.2
Iztacalco,Tarde (12-17),Jueves,4,1,0,2,0.3258,0.5046,0.1696,Medio,1,42.2
Iztacalco,Madrugada (00-05),Lunes,4,0,0,2,0.8059,0.1857,0.0084,Bajo,0,10.1
Iztacalco,Madrugada (00-05),Lunes,4,1,0,2,0.787,0.2033,0.0097,Bajo,0,11.1
Iztacalco,Mañana (06-11),Lunes,4,0,0,2,0.4309,0.4768,0.0923,Medio,1,33.1
Iztacalco,Mañana (06-11),Lunes,4,1,0,2,0.377,0.5074,0.1155,Medio,1,36.9
Iztacalco,Noche (18-23),Lunes,4,0,0,2,0.2491,0.5563,0.1946,Medio,1,47.3
Iztacalco,Noche (18-23),Lunes,4,1,0,2,0.2602,0.5815,0.1583,Medio,1,44.9
Iztacalco,Tarde (12-17),Lunes,4,0,0,2,0.2689,0.4439,0.2872,Medio,1,50.9
Iztacalco,Tarde (12-17),Lunes,4,1,0,2,0.2461,0.4544,0.2995,Medio,1,52.7
Iztacalco,Madrugada (00-05),Martes,4,0,0,2,0.8652,0.1302,0.0046,Bajo,0,7.0
Iztacalco,Madrugada (00-05),Martes,4,1,0,2,0.8575,0.1355,0.0071,Bajo,0,7.5
Iztacalco,Mañana (06-11),Martes,4,0,0,2,0.3564,0.5438,0.0998,Medio,1,37.2
Iztacalco,Mañana (06-11),Martes,4,1,0,2,0.3004,0.536,0.1636,Medio,1,43.2
Iztacalco,Noche (18-23),Martes,4,0,0,2,0.2557,0.582,0.1623,Medio,1,45.3
Iztacalco,Noche (18-23),Martes,4,1,0,2,0.2324,0.5858,0.1818,Medio,1,47.5
Iztacalco,Tarde (12-17),Martes,4,0,0,2,0.242,0.5969,0.1611,Medio,1,46.0
Iztacalco,Tarde (12-17),Martes,4,1,0,2,0.1738,0.6451,0.1811,Medio,1,50.4
Iztacalco,Madrugada (00-05),Miércoles,4,0,0,2,0.8956,0.0987,0.0057,Bajo,0,5.5
Iztacalco,Madrugada (00-05),Miércoles,4,1,0,2,0.8797,0.1131,0.0072,Bajo,0,6.4
Iztacalco,Mañana (06-11),Miércoles,4,0,0,2,0.5168,0.3574,0.1258,Bajo,0,30.4
Iztacalco,Mañana (06-11),Miércoles,4,1,0,2,0.4349,0.4106,0.1545,Bajo,0,36.0
Iztacalco,Noche (18-23),Miércoles,4,0,0,2,0.2085,0.592,0.1995,Medio,1,49.6
Iztacalco,Noche (18-23),Miércoles,4,1,0,2,0.213,0.5928,0.1943,Medio,1,49.1
Iztacalco,Tarde (12-17),Miércoles,4,0,0,2,0.3005,0.4476,0.2519,Medio,1,47.6
Iztacalco,Tarde (12-17),Miércoles,4,1,0,2,0.2454,0.491,0.2636,Medio,1,50.9
Iztacalco,Madrugada (00-05),Sábado,4,0,1,2,0.4595,0.4772,0.0634,Medio,1,30.2
Iztacalco,Madrugada (00-05),Sábado,4,1,1,2,0.4471,0.4805,0.0724,Medio,1,31.3
Iztacalco,Mañana (06-11),Sábado,4,0,1,2,0.4452,0.454,0.1008,Medio,1,32.8
Iztacalco,Mañana (06-11),Sábado,4,1,1,2,0.4078,0.49,0.1022,Medio,1,34.7
Iztacalco,Noche (18-23),Sábado,4,0,1,2,0.2344,0.5043,0.2613,Medio,1,51.3
Iztacalco,Noche (18-23),Sábado,4,1,1,2,0.265,0.5286,0.2064,Medio,1,47.1
Iztacalco,Tarde (12-17),Sábado,4,0,1,2,0.2203,0.547,0.2327,Medio,1,50.6
Iztacalco,Tarde (12-17),Sábado,4,1,1,2,0.1934,0.5342,0.2724,Medio,1,53.9
Iztacalco,Madrugada (00-05),Viernes,4,0,0,2,0.7233,0.2623,0.0144,Bajo,0,14.6
Iztacalco,Madrugada (00-05),Viernes,4,1,0,2,0.6883,0.2956,0.0161,Bajo,0,16.4
Iztacalco,Mañana (06-11),Viernes,4,0,0,2,0.3725,0.5188,0.1087,Medio,1,36.8
Iztacalco,Mañana (06-11),Viernes,4,1,0,2,0.3133,0.5673,0.1194,Medio,1,40.3
Iztacalco,Noche (18-23),Viernes,4,0,0,2,0.1012,0.4521,0.4468,Medio,1,67.3
Iztacalco,Noche (18-23),Viernes,4,1,0,2,0.1137,0.4871,0.3991,Medio,1,64.3
Iztacalco,Tarde (12-17),Viernes,4,0,0,2,0.1557,0.5656,0.2787,Medio,1,56.1
Iztacalco,Tarde (12-17),Viernes,4,1,0,2,0.142,0.6173,0.2407,Medio,1,54.9
Iztacalco,Madrugada (00-05),Domingo,5,0,1,2,0.3663,0.5555,0.0782,Medio,1,35.6
Iztacalco,Madrugada (00-05),Domingo,5,1,1,2,0.3946,0.5166,0.0888,Medio,1,34.7
Iztacalco,Mañana (06-11),Domingo,5,0,1,2,0.4306,0.5116,0.0578,Medio,1,31.4
Iztacalco,Mañana (06-11),Domingo,5,1,1,2,0.4622,0.4752,0.0626,Medio,1,30.0
Iztacalco,Noche (18-23),Domingo,5,0,1,2,0.249,0.496,0.255,Medio,1,50.3
Iztacalco,Noche (18-23),Domingo,5,1,1,2,0.2904,0.4971,0.2126,Medio,1,46.1
Iztacalco,Tarde (12-17),Domingo,5,0,1,2,0.2297,0.6129,0.1574,Medio,1,46.4
Iztacalco,Tarde (12-17),Domingo,5,1,1,2,0.2412,0.5693,0.1895,Medio,1,47.4
Iztacalco,Madrugada (00-05),Jueves,5,0,0,2,0.7834,0.2103,0.0063,Bajo,0,11.1
Iztacalco,Madrugada (00-05),Jueves,5,1,0,2,0.7922,0.2016,0.0062,Bajo,0,10.7
Iztacalco,Mañana (06-11),Jueves,5,0,0,2,0.3441,0.5529,0.103,Medio,1,37.9
Iztacalco,Mañana (06-11),Jueves,5,1,0,2,0.3495,0.5333,0.1172,Medio,1,38.4
Iztacalco,Noche (18-23),Jueves,5,0,0,2,0.1468,0.6781,0.1751,Medio,1,51.4
Iztacalco,Noche (18-23),Jueves,5,1,0,2,0.1553,0.6953,0.1495,Medio,1,49.7
Iztacalco,Tarde (12-17),Jueves,5,0,0,2,0.2598,0.5988,0.1414,Medio,1,44.1
Iztacalco,Tarde (12-17),Jueves,5,1,0,2,0.2971,0.5461,0.1569,Medio,1,43.0
Iztacalco,Madrugada (00-05),Lunes,5,0,0,2,0.7872,0.2045,0.0083,Bajo,0,11.1
Iztacalco,Madrugada (00-05),Lunes,5,1,0,2,0.7871,0.2053,0.0076,Bajo,0,11.0
Iztacalco,Mañana (06-11),Lunes,5,0,0,2,0.4104,0.5028,0.0868,Medio,1,33.8
Iztacalco,Mañana (06-11),Lunes,5,1,0,2,0.3874,0.5268,0.0857,Medio,1,34.9
Iztacalco,Noche (18-23),Lunes,5,0,0,2,0.239,0.5734,0.1876,Medio,1,47.4
Iztacalco,Noche (18-23),Lunes,5,1,0,2,0.2799,0.5872,0.1329,Medio,1,42.7
Iztacalco,Tarde (12-17),Lunes,5,0,0,2,0.2541,0.4782,0.2677,Medio,1,50.7
Iztacalco,Tarde (12-17),Lunes,5,1,0,2,0.2524,0.5034,0.2442,Medio,1,49.6
Iztacalco,Madrugada (00-05),Martes,5,0,0,2,0.8614,0.1335,0.0051,Bajo,0,7.2
Iztacalco,Madrugada (00-05),Martes,5,1,0,2,0.8601,0.135,0.0049,Bajo,0,7.2
Iztacalco,Mañana (06-11),Martes,5,0,0,2,0.3252,0.5627,0.1121,Medio,1,39.3
Iztacalco,Mañana (06-11),Martes,5,1,0,2,0.2963,0.5892,0.1145,Medio,1,40.9
Iztacalco,Noche (18-23),Martes,5,0,0,2,0.2664,0.554,0.1796,Medio,1,45.7
Iztacalco,Noche (18-23),Martes,5,1,0,2,0.2772,0.575,0.1478,Medio,1,43.5
Iztacalco,Tarde (12-17),Martes,5,0,0,2,0.2233,0.6046,0.172,Medio,1,47.4
Iztacalco,Tarde (12-17),Martes,5,1,0,2,0.1709,0.691,0.1381,Medio,1,48.4
Iztacalco,Madrugada (00-05),Miércoles,5,0,0,2,0.8734,0.1204,0.0062,Bajo,0,6.6
Iztacalco,Madrugada (00-05),Miércoles,5,1,0,2,0.8593,0.1351,0.0057,Bajo,0,7.3
Iztacalco,Mañana (06-11),Miércoles,5,0,0,2,0.4789,0.3699,0.1512,Bajo,0,33.6
Iztacalco,Mañana (06-11),Miércoles,5,1,0,2,0.4182,0.4384,0.1435,Medio,1,36.3
Iztacalco,Noche (18-23),Miércoles,5,0,0,2,0.1998,0.6032,0.1969,Medio,1,49.9
Iztacalco,Noche (18-23),Miércoles,5,1,0,2,0.2274,0.6169,0.1556,Medio,1,46.4
Iztacalco,Tarde (12-17),Miércoles,5,0,0,2,0.2393,0.5225,0.2381,Medio,1,49.9
Iztacalco,Tarde (12-17),Miércoles,5,1,0,2,0.1992,0.6119,0.1889,Medio,1,49.5
Iztacalco,Madrugada (00-05),Sábado,5,0,1,2,0.4291,0.5002,0.0707,Medio,1,32.1
Iztacalco,Madrugada (00-05),Sábado,5,1,1,2,0.4448,0.4784,0.0768,Medio,1,31.6
Iztacalco,Mañana (06-11),Sábado,5,0,1,2,0.4172,0.4855,0.0973,Medio,1,34.0
Iztacalco,Mañana (06-11),Sábado,5,1,1,2,0.413,0.5,0.087,Medio,1,33.7
Iztacalco,Noche (18-23),Sábado,5,0,1,2,0.2199,0.5258,0.2543,Medio,1,51.7
Iztacalco,Noche (18-23),Sábado,5,1,1,2,0.2507,0.5378,0.2115,Medio,1,48.0
Iztacalco,Tarde (12-17),Sábado,5,0,1,2,0.1953,0.5299,0.2748,Medio,1,54.0
Iztacalco,Tarde (12-17),Sábado,5,1,1,2,0.1796,0.5105,0.3099,Medio,1,56.5
Iztacalco,Madrugada (00-05),Viernes,5,0,0,2,0.752,0.2381,0.0099,Bajo,0,12.9
Iztacalco,Madrugada (00-05),Viernes,5,1,0,2,0.7216,0.2697,0.0087,Bajo,0,14.4
Iztacalco,Mañana (06-11),Viernes,5,0,0,2,0.4015,0.5091,0.0893,Medio,1,34.4
Iztacalco,Mañana (06-11),Viernes,5,1,0,2,0.3426,0.5805,0.0769,Medio,1,36.7
Iztacalco,Noche (18-23),Viernes,5,0,0,2,0.1084,0.4912,0.4004,Medio,1,64.6
Iztacalco,Noche (18-23),Viernes,5,1,0,2,0.1429,0.556,0.3011,Medio,1,57.9
Iztacalco,Tarde (12-17),Viernes,5,0,0,2,0.1967,0.5834,0.2199,Medio,1,51.2
Iztacalco,Tarde (12-17),Viernes,5,1,0,2,0.1822,0.6594,0.1584,Medio,1,48.8
Iztacalco,Madrugada (00-05),Domingo,6,0,1,2,0.339,0.5545,0.1064,Medio,1,38.4
Iztacalco,Madrugada (00-05),Domingo,6,1,1,2,0.3837,0.5081,0.1081,Medio,1,36.2
Iztacalco,Mañana (06-11),Domingo,6,0,1,2,0.3381,0.6014,0.0604,Medio,1,36.1
Iztacalco,Mañana (06-11),Domingo,6,1,1,2,0.4025,0.5384,0.059,Medio,1,32.8
Iztacalco,Noche (18-23),Domingo,6,0,1,2,0.2332,0.4921,0.2747,Medio,1,52.1
Iztacalco,Noche (18-23),Domingo,6,1,1,2,0.2861,0.4855,0.2285,Medio,1,47.1
Iztacalco,Tarde (12-17),Domingo,6,0,1,2,0.2232,0.5964,0.1804,Medio,1,47.9
Iztacalco,Tarde (12-17),Domingo,6,1,1,2,0.2454,0.5659,0.1887,Medio,1,47.2
Iztacalco,Madrugada (00-05),Jueves,6,0,0,2,0.7876,0.2054,0.007,Bajo,0,11.0
Iztacalco,Madrugada (00-05),Jueves,6,1,0,2,0.7991,0.1945,0.0064,Bajo,0,10.4
Iztacalco,Mañana (06-11),Jueves,6,0,0,2,0.3081,0.5952,0.0967,Medio,1,39.4
Iztacalco,Mañana (06-11),Jueves,6,1,0,2,0.3368,0.5636,0.0996,Medio,1,38.1
Iztacalco,Noche (18-23),Jueves,6,0,0,2,0.1546,0.6732,0.1721,Medio,1,50.9
Iztacalco,Noche (18-23),Jueves,6,1,0,2,0.1647,0.6849,0.1503,Medio,1,49.3
Iztacalco,Tarde (12-17),Jueves,6,0,0,2,0.2776,0.5666,0.1558,Medio,1,43.9
Iztacalco,Tarde (12-17),Jueves,6,1,0,2,0.3249,0.5178,0.1574,Medio,1,41.6
Iztacalco,Madrugada (00-05),Lunes,6,0,0,2,0.7742,0.2169,0.0089,Bajo,0,11.7
Iztacalco,Madrugada (00-05),Lunes,6,1,0,2,0.7733,0.2195,0.0072,Bajo,0,11.7
Iztacalco,Mañana (06-11),Lunes,6,0,0,2,0.3575,0.561,0.0815,Medio,1,36.2
Iztacalco,Mañana (06-11),Lunes,6,1,0,2,0.3648,0.5643,0.0709,Medio,1,35.3
Iztacalco,Noche (18-23),Lunes,6,0,0,2,0.2289,0.5975,0.1735,Medio,1,47.2
Iztacalco,Noche (18-23),Lunes,6,1,0,2,0.2728,0.6087,0.1185,Medio,1,42.3
Iztacalco,Tarde (12-17),Lunes,6,0,0,2,0.3155,0.4853,0.1992,Medio,1,44.2
Iztacalco,Tarde (12-17),Lunes,6,1,0,2,0.3105,0.5385,0.151,Medio,1,42.0
Iztacalco,Madrugada (00-05),Martes,6,0,0,2,0.868,0.1263,0.0057,Bajo,0,6.9
Iztacalco,Madrugada (00-05),Martes,6,1,0,2,0.8679,0.1273,0.0048,Bajo,0,6.8
Iztacalco,Mañana (06-11),Martes,6,0,0,2,0.2917,0.6024,0.1059,Medio,1,40.7
Iztacalco,Mañana (06-11),Martes,6,1,0,2,0.292,0.6111,0.0969,Medio,1,40.2
Iztacalco,Noche (18-23),Martes,6,0,0,2,0.2707,0.5431,0.1863,Medio,1,45.8
Iztacalco,Noche (18-23),Martes,6,1,0,2,0.2913,0.5622,0.1465,Medio,1,42.8
Iztacalco,Tarde (12-17),Martes,6,0,0,2,0.2565,0.5637,0.1798,Medio,1,46.2
Iztacalco,Tarde (12-17),Martes,6,1,0,2,0.2153,0.6664,0.1184,Medio,1,45.2
Iztacalco,Madrugada (00-05),Miércoles,6,0,0,2,0.8632,0.1302,0.0067,Bajo,0,7.2
Iztacalco,Madrugada (00-05),Miércoles,6,1,0,2,0.8703,0.124,0.0057,Bajo,0,6.8
Iztacalco,Mañana (06-11),Miércoles,6,0,0,2,0.3857,0.4753,0.139,Medio,1,37.7
Iztacalco,Mañana (06-11),Miércoles,6,1,0,2,0.4102,0.463,0.1268,Medio,1,35.8
Iztacalco,Noche (18-23),Miércoles,6,0,0,2,0.192,0.6135,0.1945,Medio,1,50.1
Iztacalco,Noche (18-23),Miércoles,6,1,0,2,0.2417,0.5931,0.1652,Medio,1,46.2
Iztacalco,Tarde (12-17),Miércoles,6,0,0,2,0.2579,0.5112,0.2308,Medio,1,48.6
Iztacalco,Tarde (12-17),Miércoles,6,1,0,2,0.233,0.5969,0.1701,Medio,1,46.9
Iztacalco,Madrugada (00-05),Sábado,6,0,1,2,0.4084,0.4983,0.0933,Medio,1,34.2
Iztacalco,Madrugada (00-05),Sábado,6,1,1,2,0.4327,0.4785,0.0888,Medio,1,32.8
Iztacalco,Mañana (06-11),Sábado,6,0,1,2,0.3381,0.5676,0.0943,Medio,1,37.8
Iztacalco,Mañana (06-11),Sábado,6,1,1,2,0.3657,0.5588,0.0755,Medio,1,35.5
Iztacalco,Noche (18-23),Sábado,6,0,1,2,0.2233,0.5029,0.2737,Medio,1,52.5
Iztacalco,Noche (18-23),Sábado,6,1,1,2,0.2549,0.522,0.2231,Medio,1,48.4
Iztacalco,Tarde (12-17),Sábado,6,0,1,2,0.1937,0.493,0.3133,Medio,1,56.0
Iztacalco,Tarde (12-17),Sábado,6,1,1,2,0.1911,0.505,0.3039,Medio,1,55.6
Iztacalco,Madrugada (00-05),Viernes,6,0,0,2,0.7716,0.2161,0.0123,Bajo,0,12.0
Iztacalco,Madrugada (00-05),Viernes,6,1,0,2,0.7559,0.2339,0.0102,Bajo,0,12.7
Iztacalco,Mañana (06-11),Viernes,6,0,0,2,0.3961,0.5036,0.1003,Medio,1,35.2
Iztacalco,Mañana (06-11),Viernes,6,1,0,2,0.3795,0.5351,0.0855,Medio,1,35.3
Iztacalco,Noche (18-23),Viernes,6,0,0,2,0.108,0.4351,0.4569,Alto,2,67.4
Iztacalco,Noche (18-23),Viernes,6,1,0,2,0.1466,0.4813,0.3721,Medio,1,61.3
Iztacalco,Tarde (12-17),Viernes,6,0,0,2,0.2165,0.5272,0.2563,Medio,1,52.0
Iztacalco,Tarde (12-17),Viernes,6,1,0,2,0.2079,0.6245,0.1676,Medio,1,48.0
Iztacalco,Madrugada (00-05),Domingo,7,0,1,3,0.3109,0.5846,0.1045,Medio,1,39.7
Iztacalco,Madrugada (00-05),Domingo,7,1,1,3,0.3531,0.5266,0.1204,Medio,1,38.4
Iztacalco,Mañana (06-11),Domingo,7,0,1,3,0.3173,0.6276,0.0551,Medio,1,36.9
Iztacalco,Mañana (06-11),Domingo,7,1,1,3,0.345,0.6001,0.055,Medio,1,35.5
Iztacalco,Noche (18-23),Domingo,7,0,1,3,0.2303,0.519,0.2507,Medio,1,51.0
Iztacalco,Noche (18-23),Domingo,7,1,1,3,0.2758,0.494,0.2302,Medio,1,47.7
Iztacalco,Tarde (12-17),Domingo,7,0,1,3,0.2216,0.5892,0.1892,Medio,1,48.4
Iztacalco,Tarde (12-17),Domingo,7,1,1,3,0.2502,0.5202,0.2296,Medio,1,49.0
Iztacalco,Madrugada (00-05),Jueves,7,0,0,3,0.8154,0.177,0.0076,Bajo,0,9.6
Iztacalco,Madrugada (00-05),Jueves,7,1,0,3,0.8014,0.1912,0.0074,Bajo,0,10.3
Iztacalco,Mañana (06-11),Jueves,7,0,0,3,0.3941,0.5051,0.1008,Medio,1,35.3
Iztacalco,Mañana (06-11),Jueves,7,1,0,3,0.3634,0.5475,0.0891,Medio,1,36.3
Iztacalco,Noche (18-23),Jueves,7,0,0,3,0.1756,0.6105,0.214,Medio,1,51.9
Iztacalco,Noche (18-23),Jueves,7,1,0,3,0.1624,0.6596,0.178,Medio,1,50.8
Iztacalco,Tarde (12-17),Jueves,7,0,0,3,0.302,0.4978,0.2002,Medio,1,44.9
Iztacalco,Tarde (12-17),Jueves,7,1,0,3,0.3262,0.4711,0.2028,Medio,1,43.8
Iztacalco,Madrugada (00-05),Lunes,7,0,0,3,0.7834,0.2082,0.0084,Bajo,0,11.2
Iztacalco,Madrugada (00-05),Lunes,7,1,0,3,0.763,0.2293,0.0077,Bajo,0,12.2
Iztacalco,Mañana (06-11),Lunes,7,0,0,3,0.3876,0.533,0.0794,Medio,1,34.6
Iztacalco,Mañana (06-11),Lunes,7,1,0,3,0.3483,0.5878,0.0639,Medio,1,35.8
Iztacalco,Noche (18-23),Lunes,7,0,0,3,0.2139,0.6046,0.1814,Medio,1,48.4
Iztacalco,Noche (18-23),Lunes,7,1,0,3,0.2276,0.6409,0.1315,Medio,1,45.2
Iztacalco,Tarde (12-17),Lunes,7,0,0,3,0.2544,0.5606,0.1851,Medio,1,46.5
Iztacalco,Tarde (12-17),Lunes,7,1,0,3,0.2403,0.6013,0.1584,Medio,1,45.9
Iztacalco,Madrugada (00-05),Martes,7,0,0,3,0.9167,0.0784,0.0049,Bajo,0,4.4
Iztacalco,Madrugada (00-05),Martes,7,1,0,3,0.9083,0.087,0.0048,Bajo,0,4.8
Iztacalco,Mañana (06-11),Martes,7,0,0,3,0.4194,0.4756,0.105,Medio,1,34.3
Iztacalco,Mañana (06-11),Martes,7,1,0,3,0.3791,0.5247,0.0962,Medio,1,35.9
Iztacalco,Noche (18-23),Martes,7,0,0,3,0.3739,0.4213,0.2048,Medio,1,41.5
Iztacalco,Noche (18-23),Martes,7,1,0,3,0.3696,0.4583,0.1721,Medio,1,40.1
Iztacalco,Tarde (12-17),Martes,7,0,0,3,0.322,0.488,0.1899,Medio,1,43.4
Iztacalco,Tarde (12-17),Martes,7,1,0,3,0.2798,0.5655,0.1548,Medio,1,43.8
Iztacalco,Madrugada (00-05),Miércoles,7,0,0,3,0.8819,0.1124,0.0057,Bajo,0,6.2
Iztacalco,Madrugada (00-05),Miércoles,7,1,0,3,0.8753,0.1192,0.0054,Bajo,0,6.5
Iztacalco,Mañana (06-11),Miércoles,7,0,0,3,0.5353,0.3663,0.0983,Bajo,0,28.2
Iztacalco,Mañana (06-11),Miércoles,7,1,0,3,0.4498,0.4503,0.0999,Medio,1,32.5
Iztacalco,Noche (18-23),Miércoles,7,0,0,3,0.2253,0.5672,0.2075,Medio,1,49.1
Iztacalco,Noche (18-23),Miércoles,7,1,0,3,0.2421,0.5887,0.1692,Medio,1,46.4
Iztacalco,Tarde (12-17),Miércoles,7,0,0,3,0.2718,0.5105,0.2177,Medio,1,47.3
Iztacalco,Tarde (12-17),Miércoles,7,1,0,3,0.2384,0.5801,0.1816,Medio,1,47.2
Iztacalco,Madrugada (00-05),Sábado,7,0,1,3,0.3859,0.5083,0.1059,Medio,1,36.0
Iztacalco,Madrugada (00-05),Sábado,7,1,1,3,0.4002,0.4918,0.1081,Medio,1,35.4
Iztacalco,Mañana (06-11),Sábado,7,0,1,3,0.3206,0.576,0.1034,Medio,1,39.1
Iztacalco,Mañana (06-11),Sábado,7,1,1,3,0.3102,0.6178,0.072,Medio,1,38.1
Iztacalco,Noche (18-23),Sábado,7,0,1,3,0.2289,0.4914,0.2798,Medio,1,52.5
Iztacalco,Noche (18-23),Sábado,7,1,1,3,0.2445,0.5212,0.2343,Medio,1,49.5
Iztacalco,Tarde (12-17),Sábado,7,0,1,3,0.189,0.4433,0.3677,Medio,1,58.9
Iztacalco,Tarde (12-17),Sábado,7,1,1,3,0.1867,0.4264,0.3869,Medio,1,60.0
Iztacalco,Madrugada (00-05),Viernes,7,0,0,3,0.7534,0.2352,0.0114,Bajo,0,12.9
Iztacalco,Madrugada (00-05),Viernes,7,1,0,3,0.7193,0.2702,0.0105,Bajo,0,14.6
Iztacalco,Mañana (06-11),Viernes,7,0,0,3,0.3159,0.6102,0.0739,Medio,1,37.9
Iztacalco,Mañana (06-11),Viernes,7,1,0,3,0.2973,0.6394,0.0633,Medio,1,38.3
Iztacalco,Noche (18-23),Viernes,7,0,0,3,0.122,0.4736,0.4044,Medio,1,64.1
Iztacalco,Noche (18-23),Viernes,7,1,0,3,0.1504,0.5287,0.3209,Medio,1,58.5
Iztacalco,Tarde (12-17),Viernes,7,0,0,3,0.1899,0.5808,0.2293,Medio,1,52.0
Iztacalco,Tarde (12-17),Viernes,7,1,0,3,0.177,0.6489,0.1741,Medio,1,49.9
Iztacalco,Madrugada (00-05),Domingo,8,0,1,3,0.3206,0.5872,0.0922,Medio,1,38.6
Iztacalco,Madrugada (00-05),Domingo,8,1,1,3,0.3723,0.5162,0.1115,Medio,1,37.0
Iztacalco,Mañana (06-11),Domingo,8,0,1,3,0.3166,0.638,0.0454,Medio,1,36.4
Iztacalco,Mañana (06-11),Domingo,8,1,1,3,0.3315,0.62,0.0484,Medio,1,35.8
Iztacalco,Noche (18-23),Domingo,8,0,1,3,0.2423,0.5471,0.2106,Medio,1,48.4
Iztacalco,Noche (18-23),Domingo,8,1,1,3,0.3004,0.4936,0.206,Medio,1,45.3
Iztacalco,Tarde (12-17),Domingo,8,0,1,3,0.2198,0.6182,0.162,Medio,1,47.1
Iztacalco,Tarde (12-17),Domingo,8,1,1,3,0.2672,0.5282,0.2046,Medio,1,46.9
Iztacalco,Madrugada (00-05),Jueves,8,0,0,3,0.7959,0.1976,0.0065,Bajo,0,10.5
Iztacalco,Madrugada (00-05),Jueves,8,1,0,3,0.7846,0.2088,0.0066,Bajo,0,11.1
Iztacalco,Mañana (06-11),Jueves,8,0,0,3,0.3481,0.5665,0.0853,Medio,1,36.9
Iztacalco,Mañana (06-11),Jueves,8,1,0,3,0.3144,0.6014,0.0842,Medio,1,38.5
Iztacalco,Noche (18-23),Jueves,8,0,0,3,0.1599,0.665,0.1751,Medio,1,50.8
Iztacalco,Noche (18-23),Jueves,8,1,0,3,0.153,0.6894,0.1577,Medio,1,50.2
Iztacalco,Tarde (12-17),Jueves,8,0,0,3,0.2809,0.5274,0.1916,Medio,1,45.5
Iztacalco,Tarde (12-17),Jueves,8,1,0,3,0.3068,0.527,0.1663,Medio,1,43.0
Iztacalco,Madrugada (00-05),Lunes,8,0,0,3,0.7999,0.1909,0.0093,Bajo,0,10.5
Iztacalco,Madrugada (00-05),Lunes,8,1,0,3,0.7875,0.2043,0.0083,Bajo,0,11.0
Iztacalco,Mañana (06-11),Lunes,8,0,0,3,0.3855,0.5305,0.084,Medio,1,34.9
Iztacalco,Mañana (06-11),Lunes,8,1,0,3,0.3574,0.5718,0.0709,Medio,1,35.7
Iztacalco,Noche (18-23),Lunes,8,0,0,3,0.2003,0.5966,0.2031,Medio,1,50.1
Iztacalco,Noche (18-23),Lunes,8,1,0,3,0.2167,0.6306,0.1526,Medio,1,46.8
Iztacalco,Tarde (12-17),Lunes,8,0,0,3,0.2541,0.5033,0.2425,Medio,1,49.4
Iztacalco,Tarde (12-17),Lunes,8,1,0,3,0.2569,0.5396,0.2035,Medio,1,47.3
Iztacalco,Madrugada (00-05),Martes,8,0,0,3,0.8976,0.0966,0.0058,Bajo,0,5.4
Iztacalco,Madrugada (00-05),Martes,8,1,0,3,0.8892,0.1051,0.0057,Bajo,0,5.8
Iztacalco,Mañana (06-11),Martes,8,0,0,3,0.3956,0.4725,0.1319,Medio,1,36.8
Iztacalco,Mañana (06-11),Martes,8,1,0,3,0.3662,0.4976,0.1362,Medio,1,38.5
Iztacalco,Noche (18-23),Martes,8,0,0,3,0.3249,0.4723,0.2028,Medio,1,43.9
Iztacalco,Noche (18-23),Martes,8,1,0,3,0.3214,0.5012,0.1773,Medio,1,42.8
Iztacalco,Tarde (12-17),Martes,8,0,0,3,0.2532,0.54,0.2068,Medio,1,47.7
Iztacalco,Tarde (12-17),Martes,8,1,0,3,0.2267,0.609,0.1643,Medio,1,46.9
Iztacalco,Madrugada (00-05),Miércoles,8,0,0,3,0.8649,0.1298,0.0053,Bajo,0,7.0
Iztacalco,Madrugada (00-05),Miércoles,8,1,0,3,0.8649,0.1302,0.005,Bajo,0,7.0
Iztacalco,Mañana (06-11),Miércoles,8,0,0,3,0.446,0.4466,0.1074,Medio,1,33.1
Iztacalco,Mañana (06-11),Miércoles,8,1,0,3,0.4195,0.4731,0.1074,Medio,1,34.4
Iztacalco,Noche (18-23),Miércoles,8,0,0,3,0.2109,0.6192,0.1699,Medio,1,47.9
Iztacalco,Noche (18-23),Miércoles,8,1,0,3,0.2333,0.6202,0.1466,Medio,1,45.7
Iztacalco,Tarde (12-17),Miércoles,8,0,0,3,0.2452,0.5533,0.2015,Medio,1,47.8
Iztacalco,Tarde (12-17),Miércoles,8,1,0,3,0.2222,0.6105,0.1673,Medio,1,47.3
Iztacalco,Madrugada (00-05),Sábado,8,0,1,3,0.3889,0.4807,0.1303,Medio,1,37.1
Iztacalco,Madrugada (00-05),Sábado,8,1,1,3,0.3935,0.4739,0.1326,Medio,1,37.0
Iztacalco,Mañana (06-11),Sábado,8,0,1,3,0.3181,0.5665,0.1154,Medio,1,39.9
Iztacalco,Mañana (06-11),Sábado,8,1,1,3,0.2911,0.6269,0.0819,Medio,1,39.5
Iztacalco,Noche (18-23),Sábado,8,0,1,3,0.2431,0.5044,0.2526,Medio,1,50.5
Iztacalco,Noche (18-23),Sábado,8,1,1,3,0.2565,0.5299,0.2136,Medio,1,47.9
Iztacalco,Tarde (12-17),Sábado,8,0,1,3,0.1762,0.4253,0.3985,Medio,1,61.1
Iztacalco,Tarde (12-17),Sábado,8,1,1,3,0.1785,0.4082,0.4133,Alto,2,61.7
Iztacalco,Madrugada (00-05),Viernes,8,0,0,3,0.7642,0.2256,0.0102,Bajo,0,12.3
Iztacalco,Madrugada (00-05),Viernes,8,1,0,3,0.7391,0.2515,0.0094,Bajo,0,13.5
Iztacalco,Mañana (06-11),Viernes,8,0,0,3,0.3059,0.628,0.0661,Medio,1,38.0
Iztacalco,Mañana (06-11),Viernes,8,1,0,3,0.2929,0.644,0.0631,Medio,1,38.5
Iztacalco,Noche (18-23),Viernes,8,0,0,3,0.1033,0.517,0.3797,Medio,1,63.8
Iztacalco,Noche (18-23),Viernes,8,1,0,3,0.142,0.5478,0.3103,Medio,1,58.4
Iztacalco,Tarde (12-17),Viernes,8,0,0,3,0.214,0.5742,0.2118,Medio,1,49.9
Iztacalco,Tarde (12-17),Viernes,8,1,0,3,0.2035,0.6342,0.1623,Medio,1,47.9
Iztacalco,Madrugada (00-05),Domingo,9,0,1,3,0.3435,0.5264,0.13,Medio,1,39.3
Iztacalco,Madrugada (00-05),Domingo,9,1,1,3,0.4047,0.4712,0.1242,Medio,1,36.0
Iztacalco,Mañana (06-11),Domingo,9,0,1,3,0.3532,0.575,0.0718,Medio,1,35.9
Iztacalco,Mañana (06-11),Domingo,9,1,1,3,0.38,0.5606,0.0594,Medio,1,34.0
Iztacalco,Noche (18-23),Domingo,9,0,1,3,0.2153,0.4978,0.2869,Medio,1,53.6
Iztacalco,Noche (18-23),Domingo,9,1,1,3,0.3079,0.4549,0.2372,Medio,1,46.5
Iztacalco,Tarde (12-17),Domingo,9,0,1,3,0.2269,0.5238,0.2493,Medio,1,51.1
Iztacalco,Tarde (12-17),Domingo,9,1,1,3,0.2913,0.4567,0.2519,Medio,1,48.0
Iztacalco,Madrugada (00-05),Jueves,9,0,0,3,0.8195,0.167,0.0134,Bajo,0,9.7
Iztacalco,Madrugada (00-05),Jueves,9,1,0,3,0.8168,0.1717,0.0115,Bajo,0,9.7
Iztacalco,Mañana (06-11),Jueves,9,0,0,3,0.2646,0.5169,0.2185,Medio,1,47.7
Iztacalco,Mañana (06-11),Jueves,9,1,0,3,0.2947,0.5393,0.1661,Medio,1,43.6
Iztacalco,Noche (18-23),Jueves,9,0,0,3,0.1486,0.4943,0.3571,Medio,1,60.4
Iztacalco,Noche (18-23),Jueves,9,1,0,3,0.1735,0.526,0.3005,Medio,1,56.4
Iztacalco,Tarde (12-17),Jueves,9,0,0,3,0.2495,0.3998,0.3507,Medio,1,55.1
Iztacalco,Tarde (12-17),Jueves,9,1,0,3,0.2822,0.4338,0.284,Medio,1,50.1
Iztacalco,Madrugada (00-05),Lunes,9,0,0,3,0.7091,0.2756,0.0153,Bajo,0,15.3
Iztacalco,Madrugada (00-05),Lunes,9,1,0,3,0.695,0.2928,0.0122,Bajo,0,15.9
Iztacalco,Mañana (06-11),Lunes,9,0,0,3,0.2017,0.6134,0.1849,Medio,1,49.2
Iztacalco,Mañana (06-11),Lunes,9,1,0,3,0.2267,0.6499,0.1234,Medio,1,44.8
Iztacalco,Noche (18-23),Lunes,9,0,0,3,0.1246,0.6302,0.2452,Medio,1,56.0
Iztacalco,Noche (18-23),Lunes,9,1,0,3,0.1314,0.6884,0.1803,Medio,1,52.4
Iztacalco,Tarde (12-17),Lunes,9,0,0,3,0.1421,0.5956,0.2622,Medio,1,56.0
Iztacalco,Tarde (12-17),Lunes,9,1,0,3,0.1449,0.6542,0.2009,Medio,1,52.8
Iztacalco,Madrugada (00-05),Martes,9,0,0,3,0.8545,0.1297,0.0158,Bajo,0,8.1
Iztacalco,Madrugada (00-05),Martes,9,1,0,3,0.8549,0.134,0.0111,Bajo,0,7.8
Iztacalco,Mañana (06-11),Martes,9,0,0,3,0.1959,0.4701,0.334,Medio,1,56.9
Iztacalco,Mañana (06-11),Martes,9,1,0,3,0.2432,0.5077,0.2491,Medio,1,50.3
Iztacalco,Noche (18-23),Martes,9,0,0,3,0.2049,0.4404,0.3546,Medio,1,57.5
Iztacalco,Noche (18-23),Martes,9,1,0,3,0.259,0.4864,0.2545,Medio,1,49.8
Iztacalco,Tarde (12-17),Martes,9,0,0,3,0.1643,0.4628,0.3729,Medio,1,60.4
Iztacalco,Tarde (12-17),Martes,9,1,0,3,0.1827,0.5736,0.2437,Medio,1,53.0
Iztacalco,Madrugada (00-05),Miércoles,9,0,0,3,0.8828,0.1056,0.0116,Bajo,0,6.4
Iztacalco,Madrugada (00-05),Miércoles,9,1,0,3,0.8769,0.1147,0.0084,Bajo,0,6.6
Iztacalco,Mañana (06-11),Miércoles,9,0,0,3,0.3008,0.4275,0.2717,Medio,1,48.5
Iztacalco,Mañana (06-11),Miércoles,9,1,0,3,0.326,0.4854,0.1886,Medio,1,43.1
Iztacalco,Noche (18-23),Miércoles,9,0,0,3,0.1948,0.4768,0.3284,Medio,1,56.7
Iztacalco,Noche (18-23),Miércoles,9,1,0,3,0.2355,0.5306,0.2339,Medio,1,49.9
Iztacalco,Tarde (12-17),Miércoles,9,0,0,3,0.2464,0.3464,0.4072,Alto,2,58.0
Iztacalco,Tarde (12-17),Miércoles,9,1,0,3,0.2488,0.4554,0.2958,Medio,1,52.3
Iztacalco,Madrugada (00-05),Sábado,9,0,1,3,0.2981,0.5581,0.1439,Medio,1,42.3
Iztacalco,Madrugada (00-05),Sábado,9,1,1,3,0.3322,0.5451,0.1227,Medio,1,39.5
Iztacalco,Mañana (06-11),Sábado,9,0,1,3,0.2268,0.6336,0.1396,Medio,1,45.6
Iztacalco,Mañana (06-11),Sábado,9,1,1,3,0.2275,0.6925,0.08,Medio,1,42.6
Iztacalco,Noche (18-23),Sábado,9,0,1,3,0.1519,0.5652,0.283,Medio,1,56.6
Iztacalco,Noche (18-23),Sábado,9,1,1,3,0.2074,0.5798,0.2128,Medio,1,50.3
Iztacalco,Tarde (12-17),Sábado,9,0,1,3,0.1448,0.4127,0.4425,Alto,2,64.9
Iztacalco,Tarde (12-17),Sábado,9,1,1,3,0.173,0.4127,0.4143,Alto,2,62.1
Iztacalco,Madrugada (00-05),Viernes,9,0,0,3,0.7477,0.2314,0.0209,Bajo,0,13.7
Iztacalco,Madrugada (00-05),Viernes,9,1,0,3,0.7246,0.2601,0.0153,Bajo,0,14.5
Iztacalco,Mañana (06-11),Viernes,9,0,0,3,0.2133,0.6203,0.1663,Medio,1,47.7
Iztacalco,Mañana (06-11),Viernes,9,1,0,3,0.243,0.6431,0.1139,Medio,1,43.5
Iztacalco,Noche (18-23),Viernes,9,0,0,3,0.0692,0.3889,0.5419,Alto,2,73.6
Iztacalco,Noche (18-23),Viernes,9,1,0,3,0.1109,0.4713,0.4178,Medio,1,65.3
Iztacalco,Tarde (12-17),Viernes,9,0,0,3,0.1456,0.4563,0.398,Medio,1,62.6
Iztacalco,Tarde (12-17),Viernes,9,1,0,3,0.1519,0.5561,0.292,Medio,1,57.0
Iztacalco,Madrugada (00-05),Domingo,10,0,1,4,0.2742,0.6119,0.1138,Medio,1,42.0
Iztacalco,Madrugada (00-05),Domingo,10,1,1,4,0.3065,0.5659,0.1276,Medio,1,41.1
Iztacalco,Mañana (06-11),Domingo,10,0,1,4,0.3525,0.5911,0.0564,Medio,1,35.2
Iztacalco,Mañana (06-11),Domingo,10,1,1,4,0.3601,0.5818,0.058,Medio,1,34.9
Iztacalco,Noche (18-23),Domingo,10,0,1,4,0.108,0.6026,0.2894,Medio,1,59.1
Iztacalco,Noche (18-23),Domingo,10,1,1,4,0.1664,0.5629,0.2707,Medio,1,55.2
Iztacalco,Tarde (12-17),Domingo,10,0,1,4,0.1501,0.5861,0.2638,Medio,1,55.7
Iztacalco,Tarde (12-17),Domingo,10,1,1,4,0.1837,0.5112,0.3051,Medio,1,56.1
Iztacalco,Madrugada (00-05),Jueves,10,0,0,4,0.7907,0.1972,0.0121,Bajo,0,11.1
Iztacalco,Madrugada (00-05),Jueves,10,1,0,4,0.7679,0.2197,0.0124,Bajo,0,12.2
Iztacalco,Mañana (06-11),Jueves,10,0,0,4,0.2321,0.5899,0.1779,Medio,1,47.3
Iztacalco,Mañana (06-11),Jueves,10,1,0,4,0.2328,0.6009,0.1663,Medio,1,46.7
Iztacalco,Noche (18-23),Jueves,10,0,0,4,0.0905,0.6545,0.255,Medio,1,58.2
Iztacalco,Noche (18-23),Jueves,10,1,0,4,0.1055,0.66,0.2346,Medio,1,56.5
Iztacalco,Tarde (12-17),Jueves,10,0,0,4,0.2234,0.4029,0.3736,Medio,1,57.5
Iztacalco,Tarde (12-17),Jueves,10,1,0,4,0.2263,0.4532,0.3205,Medio,1,54.7
Iztacalco,Madrugada (00-05),Lunes,10,0,0,4,0.545,0.4441,0.0109,Bajo,0,23.3
Iztacalco,Madrugada (00-05),Lunes,10,1,0,4,0.3984,0.594,0.0077,Medio,1,30.5
Iztacalco,Mañana (06-11),Lunes,10,0,0,4,0.1747,0.7179,0.1074,Medio,1,46.6
Iztacalco,Mañana (06-11),Lunes,10,1,0,4,0.1295,0.8078,0.0627,Medio,1,46.7
Iztacalco,Noche (18-23),Lunes,10,0,0,4,0.0426,0.8341,0.1233,Medio,1,54.0
Iztacalco,Noche (18-23),Lunes,10,1,0,4,0.0315,0.9056,0.0628,Medio,1,51.6
Iztacalco,Tarde (12-17),Lunes,10,0,0,4,0.0838,0.7346,0.1816,Medio,1,54.9
Iztacalco,Tarde (12-17),Lunes,10,1,0,4,0.0623,0.8191,0.1186,Medio,1,52.8
Iztacalco,Madrugada (00-05),Martes,10,0,0,4,0.7641,0.2207,0.0152,Bajo,0,12.6
Iztacalco,Madrugada (00-05),Martes,10,1,0,4,0.7537,0.2328,0.0135,Bajo,0,13.0
Iztacalco,Mañana (06-11),Martes,10,0,0,4,0.1434,0.5852,0.2714,Medio,1,56.4
Iztacalco,Mañana (06-11),Martes,10,1,0,4,0.1687,0.579,0.2523,Medio,1,54.2
Iztacalco,Noche (18-23),Martes,10,0,0,4,0.1071,0.6475,0.2455,Medio,1,56.9
Iztacalco,Noche (18-23),Martes,10,1,0,4,0.1282,0.6746,0.1972,Medio,1,53.5
Iztacalco,Tarde (12-17),Martes,10,0,0,4,0.1098,0.5571,0.3332,Medio,1,61.2
Iztacalco,Tarde (12-17),Martes,10,1,0,4,0.1229,0.6422,0.2349,Medio,1,55.6
Iztacalco,Madrugada (00-05),Miércoles,10,0,0,4,0.82,0.1673,0.0126,Bajo,0,9.6
Iztacalco,Madrugada (00-05),Miércoles,10,1,0,4,0.8066,0.1824,0.011,Bajo,0,10.2
Iztacalco,Mañana (06-11),Miércoles,10,0,0,4,0.2813,0.4926,0.2262,Medio,1,47.2
Iztacalco,Mañana (06-11),Miércoles,10,1,0,4,0.2927,0.4928,0.2145,Medio,1,46.1
Iztacalco,Noche (18-23),Miércoles,10,0,0,4,0.1189,0.6327,0.2484,Medio,1,56.5
Iztacalco,Noche (18-23),Miércoles,10,1,0,4,0.1193,0.684,0.1968,Medio,1,53.9
Iztacalco,Tarde (12-17),Miércoles,10,0,0,4,0.1947,0.3676,0.4377,Alto,2,62.2
Iztacalco,Tarde (12-17),Miércoles,10,1,0,4,0.1848,0.4581,0.3571,Medio,1,58.6
Iztacalco,Madrugada (00-05),Sábado,10,0,1,4,0.2948,0.5561,0.1491,Medio,1,42.7
Iztacalco,Madrugada (00-05),Sábado,10,1,1,4,0.2941,0.5652,0.1407,Medio,1,42.3
Iztacalco,Mañana (06-11),Sábado,10,0,1,4,0.2891,0.5868,0.1241,Medio,1,41.7
Iztacalco,Mañana (06-11),Sábado,10,1,1,4,0.2601,0.6531,0.0868,Medio,1,41.3
Iztacalco,Noche (18-23),Sábado,10,0,1,4,0.0904,0.519,0.3907,Medio,1,65.0
Iztacalco,Noche (18-23),Sábado,10,1,1,4,0.1373,0.5448,0.3179,Medio,1,59.0
Iztacalco,Tarde (12-17),Sábado,10,0,1,4,0.099,0.3922,0.5088,Alto,2,70.5
Iztacalco,Tarde (12-17),Sábado,10,1,1,4,0.1096,0.3872,0.5032,Alto,2,69.7
Iztacalco,Madrugada (00-05),Viernes,10,0,0,4,0.6732,0.3057,0.0211,Bajo,0,17.4
Iztacalco,Madrugada (00-05),Viernes,10,1,0,4,0.6271,0.3546,0.0183,Bajo,0,19.6
Iztacalco,Mañana (06-11),Viernes,10,0,0,4,0.1885,0.6726,0.1389,Medio,1,47.5
Iztacalco,Mañana (06-11),Viernes,10,1,0,4,0.2018,0.6766,0.1216,Medio,1,46.0
Iztacalco,Noche (18-23),Viernes,10,0,0,4,0.04,0.5062,0.4538,Medio,1,70.7
Iztacalco,Noche (18-23),Viernes,10,1,0,4,0.0585,0.5768,0.3647,Medio,1,65.3
Iztacalco,Tarde (12-17),Viernes,10,0,0,4,0.1146,0.4495,0.4359,Medio,1,66.1
Iztacalco,Tarde (12-17),Viernes,10,1,0,4,0.1113,0.5332,0.3555,Medio,1,62.2
Iztacalco,Madrugada (00-05),Domingo,11,0,1,4,0.3955,0.5402,0.0643,Medio,1,33.4
Iztacalco,Madrugada (00-05),Domingo,11,1,1,4,0.4612,0.4507,0.088,Bajo,0,31.3
Iztacalco,Mañana (06-11),Domingo,11,0,1,4,0.4146,0.543,0.0424,Medio,1,31.4
Iztacalco,Mañana (06-11),Domingo,11,1,1,4,0.4553,0.491,0.0538,Medio,1,29.9
Iztacalco,Noche (18-23),Domingo,11,0,1,4,0.1964,0.6221,0.1816,Medio,1,49.3
Iztacalco,Noche (18-23),Domingo,11,1,1,4,0.2757,0.521,0.2033,Medio,1,46.4
Iztacalco,Tarde (12-17),Domingo,11,0,1,4,0.2131,0.589,0.1979,Medio,1,49.2
Iztacalco,Tarde (12-17),Domingo,11,1,1,4,0.2552,0.4905,0.2543,Medio,1,50.0
Iztacalco,Madrugada (00-05),Jueves,11,0,0,4,0.8577,0.1335,0.0089,Bajo,0,7.6
Iztacalco,Madrugada (00-05),Jueves,11,1,0,4,0.8309,0.1596,0.0095,Bajo,0,8.9
Iztacalco,Mañana (06-11),Jueves,11,0,0,4,0.3249,0.5086,0.1666,Medio,1,42.1
Iztacalco,Mañana (06-11),Jueves,11,1,0,4,0.3413,0.4998,0.1589,Medio,1,40.9
Iztacalco,Noche (18-23),Jueves,11,0,0,4,0.1449,0.6134,0.2417,Medio,1,54.8
Iztacalco,Noche (18-23),Jueves,11,1,0,4,0.1489,0.6235,0.2276,Medio,1,53.9
Iztacalco,Tarde (12-17),Jueves,11,0,0,4,0.2672,0.3877,0.3451,Medio,1,53.9
Iztacalco,Tarde (12-17),Jueves,11,1,0,4,0.2524,0.474,0.2735,Medio,1,51.1
Iztacalco,Madrugada (00-05),Lunes,11,0,0,4,0.7354,0.2558,0.0088,Bajo,0,13.7
Iztacalco,Madrugada (00-05),Lunes,11,1,0,4,0.5755,0.418,0.0065,Bajo,0,21.5
Iztacalco,Mañana (06-11),Lunes,11,0,0,4,0.2734,0.6108,0.1159,Medio,1,42.1
Iztacalco,Mañana (06-11),Lunes,11,1,0,4,0.1976,0.7374,0.065,Medio,1,43.4
Iztacalco,Noche (18-23),Lunes,11,0,0,4,0.0982,0.7611,0.1406,Medio,1,52.1
Iztacalco,Noche (18-23),Lunes,11,1,0,4,0.0618,0.8712,0.0669,Medio,1,50.3
Iztacalco,Tarde (12-17),Lunes,11,0,0,4,0.1682,0.6091,0.2227,Medio,1,52.7
Iztacalco,Tarde (12-17),Lunes,11,1,0,4,0.1278,0.7353,0.1368,Medio,1,50.4
Iztacalco,Madrugada (00-05),Martes,11,0,0,4,0.8855,0.1033,0.0111,Bajo,0,6.3
Iztacalco,Madrugada (00-05),Martes,11,1,0,4,0.8806,0.1084,0.011,Bajo,0,6.5
Iztacalco,Mañana (06-11),Martes,11,0,0,4,0.2501,0.4428,0.3071,Medio,1,52.8
Iztacalco,Mañana (06-11),Martes,11,1,0,4,0.2777,0.4046,0.3177,Medio,1,52.0
Iztacalco,Noche (18-23),Martes,11,0,0,4,0.1801,0.5369,0.283,Medio,1,55.1
Iztacalco,Noche (18-23),Martes,11,1,0,4,0.2043,0.5434,0.2523,Medio,1,52.4
Iztacalco,Tarde (12-17),Martes,11,0,0,4,0.1893,0.4323,0.3785,Medio,1,59.5
Iztacalco,Tarde (12-17),Martes,11,1,0,4,0.2016,0.5222,0.2762,Medio,1,53.7
Iztacalco,Madrugada (00-05),Miércoles,11,0,0,4,0.926,0.0677,0.0063,Bajo,0,4.0
Iztacalco,Madrugada (00-05),Miércoles,11,1,0,4,0.8927,0.099,0.0083,Bajo,0,5.8
Iztacalco,Mañana (06-11),Miércoles,11,0,0,4,0.5345,0.2747,0.1908,Bajo,0,32.8
Iztacalco,Mañana (06-11),Miércoles,11,1,0,4,0.4766,0.2585,0.2649,Bajo,0,39.4
Iztacalco,Noche (18-23),Miércoles,11,0,0,4,0.3344,0.4037,0.2619,Medio,1,46.4
Iztacalco,Noche (18-23),Miércoles,11,1,0,4,0.2594,0.4768,0.2638,Medio,1,50.2
Iztacalco,Tarde (12-17),Miércoles,11,0,0,4,0.3483,0.3154,0.3363,Bajo,0,49.4
Iztacalco,Tarde (12-17),Miércoles,11,1,0,4,0.2634,0.4219,0.3147,Medio,1,52.6
Iztacalco,Madrugada (00-05),Sábado,11,0,1,4,0.4183,0.4883,0.0934,Medio,1,33.8
Iztacalco,Madrugada (00-05),Sábado,11,1,1,4,0.426,0.4601,0.1139,Medio,1,34.4
Iztacalco,Mañana (06-11),Sábado,11,0,1,4,0.3574,0.548,0.0946,Medio,1,36.9
Iztacalco,Mañana (06-11),Sábado,11,1,1,4,0.3283,0.5863,0.0853,Medio,1,37.8
Iztacalco,Noche (18-23),Sábado,11,0,1,4,0.1772,0.5662,0.2566,Medio,1,54.0
Iztacalco,Noche (18-23),Sábado,11,1,1,4,0.2363,0.5151,0.2486,Medio,1,50.6
Iztacalco,Tarde (12-17),Sábado,11,0,1,4,0.1634,0.4607,0.3758,Medio,1,60.6
Iztacalco,Tarde (12-17),Sábado,11,1,1,4,0.1665,0.3993,0.4342,Alto,2,63.4
Iztacalco,Madrugada (00-05),Viernes,11,0,0,4,0.7816,0.2073,0.0111,Bajo,0,11.5
Iztacalco,Madrugada (00-05),Viernes,11,1,0,4,0.7483,0.2399,0.0117,Bajo,0,13.2
Iztacalco,Mañana (06-11),Viernes,11,0,0,4,0.226,0.6761,0.0979,Medio,1,43.6
Iztacalco,Mañana (06-11),Viernes,11,1,0,4,0.244,0.6499,0.1061,Medio,1,43.1
Iztacalco,Noche (18-23),Viernes,11,0,0,4,0.0854,0.5728,0.3419,Medio,1,62.8
Iztacalco,Noche (18-23),Viernes,11,1,0,4,0.1213,0.5842,0.2946,Medio,1,58.7
Iztacalco,Tarde (12-17),Viernes,11,0,0,4,0.2018,0.4659,0.3323,Medio,1,56.5
Iztacalco,Tarde (12-17),Viernes,11,1,0,4,0.1748,0.5555,0.2697,Medio,1,54.7
Iztacalco,Madrugada (00-05),Domingo,12,0,1,4,0.2929,0.6332,0.0739,Medio,1,39.0
Iztacalco,Madrugada (00-05),Domingo,12,1,1,4,0.3853,0.5143,0.1005,Medio,1,35.8
Iztacalco,Mañana (06-11),Domingo,12,0,1,4,0.2828,0.6685,0.0486,Medio,1,38.3
Iztacalco,Mañana (06-11),Domingo,12,1,1,4,0.3769,0.5747,0.0483,Medio,1,33.6
Iztacalco,Noche (18-23),Domingo,12,0,1,4,0.1412,0.6523,0.2065,Medio,1,53.3
Iztacalco,Noche (18-23),Domingo,12,1,1,4,0.2379,0.4763,0.2858,Medio,1,52.4
Iztacalco,Tarde (12-17),Domingo,12,0,1,4,0.1585,0.6216,0.2198,Medio,1,53.1
Iztacalco,Tarde (12-17),Domingo,12,1,1,4,0.2371,0.5014,0.2615,Medio,1,51.2
Iztacalco,Madrugada (00-05),Jueves,12,0,0,4,0.8109,0.1773,0.0118,Bajo,0,10.0
Iztacalco,Madrugada (00-05),Jueves,12,1,0,4,0.806,0.1818,0.0123,Bajo,0,10.3
Iztacalco,Mañana (06-11),Jueves,12,0,0,4,0.2882,0.5365,0.1753,Medio,1,44.4
Iztacalco,Mañana (06-11),Jueves,12,1,0,4,0.4082,0.4684,0.1234,Medio,1,35.8
Iztacalco,Noche (18-23),Jueves,12,0,0,4,0.1093,0.5763,0.3144,Medio,1,60.3
Iztacalco,Noche (18-23),Jueves,12,1,0,4,0.1236,0.51,0.3664,Medio,1,62.1
Iztacalco,Tarde (12-17),Jueves,12,0,0,4,0.2401,0.4582,0.3016,Medio,1,53.1
Iztacalco,Tarde (12-17),Jueves,12,1,0,4,0.2648,0.4701,0.2651,Medio,1,50.0
Iztacalco,Madrugada (00-05),Lunes,12,0,0,4,0.6701,0.3141,0.0158,Bajo,0,17.3
Iztacalco,Madrugada (00-05),Lunes,12,1,0,4,0.5647,0.4254,0.0099,Bajo,0,22.3
Iztacalco,Mañana (06-11),Lunes,12,0,0,4,0.2176,0.6109,0.1716,Medio,1,47.7
Iztacalco,Mañana (06-11),Lunes,12,1,0,4,0.2501,0.6731,0.0768,Medio,1,41.3
Iztacalco,Noche (18-23),Lunes,12,0,0,4,0.0891,0.6394,0.2715,Medio,1,59.1
Iztacalco,Noche (18-23),Lunes,12,1,0,4,0.0638,0.7725,0.1637,Medio,1,55.0
Iztacalco,Tarde (12-17),Lunes,12,0,0,4,0.1196,0.6859,0.1945,Medio,1,53.7
Iztacalco,Tarde (12-17),Lunes,12,1,0,4,0.1199,0.7499,0.1302,Medio,1,50.5
Iztacalco,Madrugada (00-05),Martes,12,0,0,4,0.7333,0.2553,0.0113,Bajo,0,13.9
Iztacalco,Madrugada (00-05),Martes,12,1,0,4,0.7686,0.221,0.0103,Bajo,0,12.1
Iztacalco,Mañana (06-11),Martes,12,0,0,4,0.1914,0.6663,0.1424,Medio,1,47.5
Iztacalco,Mañana (06-11),Martes,12,1,0,4,0.3368,0.5564,0.1068,Medio,1,38.5
Iztacalco,Noche (18-23),Martes,12,0,0,4,0.1004,0.6754,0.2242,Medio,1,56.2
Iztacalco,Noche (18-23),Martes,12,1,0,4,0.1414,0.6082,0.2504,Medio,1,55.5
Iztacalco,Tarde (12-17),Martes,12,0,0,4,0.1071,0.7269,0.166,Medio,1,52.9
Iztacalco,Tarde (12-17),Martes,12,1,0,4,0.1326,0.7349,0.1325,Medio,1,50.0
Iztacalco,Madrugada (00-05),Miércoles,12,0,0,4,0.8836,0.1078,0.0086,Bajo,0,6.2
Iztacalco,Madrugada (00-05),Miércoles,12,1,0,4,0.8743,0.1161,0.0096,Bajo,0,6.8
Iztacalco,Mañana (06-11),Miércoles,12,0,0,4,0.4489,0.3495,0.2016,Bajo,0,37.6
Iztacalco,Mañana (06-11),Miércoles,12,1,0,4,0.5852,0.2408,0.1739,Bajo,0,29.4
Iztacalco,Noche (18-23),Miércoles,12,0,0,4,0.2524,0.389,0.3585,Medio,1,55.3
Iztacalco,Noche (18-23),Miércoles,12,1,0,4,0.2354,0.3609,0.4037,Alto,2,58.4
Iztacalco,Tarde (12-17),Miércoles,12,0,0,4,0.2593,0.4872,0.2536,Medio,1,49.7
Iztacalco,Tarde (12-17),Miércoles,12,1,0,4,0.2395,0.5091,0.2515,Medio,1,50.6
Iztacalco,Madrugada (00-05),Sábado,12,0,1,4,0.3143,0.5561,0.1296,Medio,1,40.8
Iztacalco,Madrugada (00-05),Sábado,12,1,1,4,0.3371,0.5241,0.1387,Medio,1,40.1
Iztacalco,Mañana (06-11),Sábado,12,0,1,4,0.2998,0.5916,0.1085,Medio,1,40.4
Iztacalco,Mañana (06-11),Sábado,12,1,1,4,0.2826,0.6489,0.0686,Medio,1,39.3
Iztacalco,Noche (18-23),Sábado,12,0,1,4,0.1488,0.5753,0.2759,Medio,1,56.4
Iztacalco,Noche (18-23),Sábado,12,1,1,4,0.2273,0.4742,0.2984,Medio,1,53.6
Iztacalco,Tarde (12-17),Sábado,12,0,1,4,0.1112,0.4437,0.4451,Alto,2,66.7
Iztacalco,Tarde (12-17),Sábado,12,1,1,4,0.1476,0.4279,0.4245,Medio,1,63.8
Iztacalco,Madrugada (00-05),Viernes,12,0,0,4,0.6637,0.315,0.0213,Bajo,0,17.9
Iztacalco,Madrugada (00-05),Viernes,12,1,0,4,0.6559,0.3225,0.0216,Bajo,0,18.3
Iztacalco,Mañana (06-11),Viernes,12,0,0,4,0.1796,0.7065,0.114,Medio,1,46.7
Iztacalco,Mañana (06-11),Viernes,12,1,0,4,0.2769,0.6196,0.1036,Medio,1,41.3
Iztacalco,Noche (18-23),Viernes,12,0,0,4,0.0484,0.5171,0.4345,Medio,1,69.3
Iztacalco,Noche (18-23),Viernes,12,1,0,4,0.085,0.4721,0.443,Medio,1,67.9
Iztacalco,Tarde (12-17),Viernes,12,0,0,4,0.1128,0.5132,0.374,Medio,1,63.1
Iztacalco,Tarde (12-17),Viernes,12,1,0,4,0.119,0.5316,0.3494,Medio,1,61.5
Iztapalapa,Madrugada (00-05),Domingo,1,0,1,1,0.0899,0.1973,0.7128,Alto,2,81.1
Iztapalapa,Madrugada (00-05),Domingo,1,1,1,1,0.0408,0.1655,0.7936,Alto,2,87.6
Iztapalapa,Mañana (06-11),Domingo,1,0,1,1,0.0166,0.1606,0.8228,Alto,2,90.3
Iztapalapa,Mañana (06-11),Domingo,1,1,1,1,0.0095,0.1164,0.874,Alto,2,93.2
Iztapalapa,Noche (18-23),Domingo,1,0,1,1,0.004,0.0184,0.9776,Alto,2,98.7
Iztapalapa,Noche (18-23),Domingo,1,1,1,1,0.0027,0.0328,0.9645,Alto,2,98.1
Iztapalapa,Tarde (12-17),Domingo,1,0,1,1,0.0112,0.0612,0.9275,Alto,2,95.8
Iztapalapa,Tarde (12-17),Domingo,1,1,1,1,0.0073,0.0601,0.9326,Alto,2,96.3
Iztapalapa,Madrugada (00-05),Jueves,1,0,0,1,0.5336,0.3566,0.1098,Bajo,0,28.8
Iztapalapa,Madrugada (00-05),Jueves,1,1,0,1,0.4112,0.5255,0.0633,Medio,1,32.6
Iztapalapa,Mañana (06-11),Jueves,1,0,0,1,0.0081,0.0505,0.9414,Alto,2,96.7
Iztapalapa,Mañana (06-11),Jueves,1,1,0,1,0.015,0.1336,0.8514,Alto,2,91.8
Iztapalapa,Noche (18-23),Jueves,1,0,0,1,0.0043,0.0141,0.9816,Alto,2,98.9
Iztapalapa,Noche (18-23),Jueves,1,1,0,1,0.0076,0.1138,0.8786,Alto,2,93.6
Iztapalapa,Tarde (12-17),Jueves,1,0,0,1,0.0177,0.1075,0.8748,Alto,2,92.9
Iztapalapa,Tarde (12-17),Jueves,1,1,0,1,0.0321,0.2281,0.7399,Alto,2,85.4
Iztapalapa,Madrugada (00-05),Lunes,1,0,0,1,0.3472,0.5228,0.13,Medio,1,39.1
Iztapalapa,Madrugada (00-05),Lunes,1,1,0,1,0.2862,0.6092,0.1046,Medio,1,40.9
Iztapalapa,Mañana (06-11),Lunes,1,0,0,1,0.0218,0.0839,0.8943,Alto,2,93.6
Iztapalapa,Mañana (06-11),Lunes,1,1,0,1,0.0452,0.1149,0.8398,Alto,2,89.7
Iztapalapa,Noche (18-23),Lunes,1,0,0,1,0.0041,0.0204,0.9755,Alto,2,98.6
Iztapalapa,Noche (18-23),Lunes,1,1,0,1,0.0053,0.1038,0.8909,Alto,2,94.3
Iztapalapa,Tarde (12-17),Lunes,1,0,0,1,0.0114,0.0474,0.9412,Alto,2,96.5
Iztapalapa,Tarde (12-17),Lunes,1,1,0,1,0.0167,0.0853,0.898,Alto,2,94.1
Iztapalapa,Madrugada (00-05),Martes,1,0,0,1,0.3938,0.4972,0.1091,Medio,1,35.8
Iztapalapa,Madrugada (00-05),Martes,1,1,0,1,0.7314,0.2077,0.0609,Bajo,0,16.5
Iztapalapa,Mañana (06-11),Martes,1,0,0,1,0.0042,0.0528,0.9429,Alto,2,96.9
Iztapalapa,Mañana (06-11),Martes,1,1,0,1,0.0081,0.0374,0.9546,Alto,2,97.3
Iztapalapa,Noche (18-23),Martes,1,0,0,1,0.004,0.0161,0.9799,Alto,2,98.8
Iztapalapa,Noche (18-23),Martes,1,1,0,1,0.0126,0.0282,0.9592,Alto,2,97.3
Iztapalapa,Tarde (12-17),Martes,1,0,0,1,0.006,0.0243,0.9697,Alto,2,98.2
Iztapalapa,Tarde (12-17),Martes,1,1,0,1,0.0171,0.025,0.9579,Alto,2,97.0
Iztapalapa,Madrugada (00-05),Miércoles,1,0,0,1,0.5577,0.3986,0.0437,Bajo,0,24.3
Iztapalapa,Madrugada (00-05),Miércoles,1,1,0,1,0.5298,0.4143,0.0559,Bajo,0,26.3
Iztapalapa,Mañana (06-11),Miércoles,1,0,0,1,0.0107,0.1597,0.8296,Alto,2,90.9
Iztapalapa,Mañana (06-11),Miércoles,1,1,0,1,0.0106,0.1434,0.846,Alto,2,91.8
Iztapalapa,Noche (18-23),Miércoles,1,0,0,1,0.003,0.0253,0.9717,Alto,2,98.4
Iztapalapa,Noche (18-23),Miércoles,1,1,0,1,0.0048,0.0593,0.9359,Alto,2,96.6
Iztapalapa,Tarde (12-17),Miércoles,1,0,0,1,0.0078,0.046,0.9463,Alto,2,96.9
Iztapalapa,Tarde (12-17),Miércoles,1,1,0,1,0.009,0.0442,0.9467,Alto,2,96.9
Iztapalapa,Madrugada (00-05),Sábado,1,0,1,1,0.047,0.2874,0.6656,Alto,2,80.9
Iztapalapa,Madrugada (00-05),Sábado,1,1,1,1,0.0176,0.1967,0.7856,Alto,2,88.4
Iztapalapa,Mañana (06-11),Sábado,1,0,1,1,0.0053,0.0793,0.9154,Alto,2,95.5
Iztapalapa,Mañana (06-11),Sábado,1,1,1,1,0.0028,0.0608,0.9363,Alto,2,96.7
Iztapalapa,Noche (18-23),Sábado,1,0,1,1,0.0021,0.0179,0.9799,Alto,2,98.9
Iztapalapa,Noche (18-23),Sábado,1,1,1,1,0.0012,0.0294,0.9694,Alto,2,98.4
Iztapalapa,Tarde (12-17),Sábado,1,0,1,1,0.0027,0.0225,0.9748,Alto,2,98.6
Iztapalapa,Tarde (12-17),Sábado,1,1,1,1,0.0013,0.0181,0.9806,Alto,2,99.0
Iztapalapa,Madrugada (00-05),Viernes,1,0,0,1,0.273,0.5483,0.1787,Medio,1,45.3
Iztapalapa,Madrugada (00-05),Viernes,1,1,0,1,0.3042,0.5765,0.1193,Medio,1,40.8
Iztapalapa,Mañana (06-11),Viernes,1,0,0,1,0.0102,0.0711,0.9187,Alto,2,95.4
Iztapalapa,Mañana (06-11),Viernes,1,1,0,1,0.0173,0.1068,0.8759,Alto,2,92.9
Iztapalapa,Noche (18-23),Viernes,1,0,0,1,0.0009,0.005,0.994,Alto,2,99.7
Iztapalapa,Noche (18-23),Viernes,1,1,0,1,0.0025,0.0191,0.9784,Alto,2,98.8
Iztapalapa,Tarde (12-17),Viernes,1,0,0,1,0.0063,0.0359,0.9577,Alto,2,97.6
Iztapalapa,Tarde (12-17),Viernes,1,1,0,1,0.0165,0.0624,0.9211,Alto,2,95.2
Iztapalapa,Madrugada (00-05),Domingo,2,0,1,1,0.0072,0.0817,0.9112,Alto,2,95.2
Iztapalapa,Madrugada (00-05),Domingo,2,1,1,1,0.0054,0.0693,0.9253,Alto,2,96.0
Iztapalapa,Mañana (06-11),Domingo,2,0,1,1,0.0023,0.1331,0.8646,Alto,2,93.1
Iztapalapa,Mañana (06-11),Domingo,2,1,1,1,0.0018,0.0927,0.9054,Alto,2,95.2
Iztapalapa,Noche (18-23),Domingo,2,0,1,1,0.0007,0.0106,0.9887,Alto,2,99.4
Iztapalapa,Noche (18-23),Domingo,2,1,1,1,0.0007,0.0209,0.9784,Alto,2,98.9
Iztapalapa,Tarde (12-17),Domingo,2,0,1,1,0.0019,0.0463,0.9518,Alto,2,97.5
Iztapalapa,Tarde (12-17),Domingo,2,1,1,1,0.0023,0.0538,0.9439,Alto,2,97.1
Iztapalapa,Madrugada (00-05),Jueves,2,0,0,1,0.4016,0.4592,0.1392,Medio,1,36.9
Iztapalapa,Madrugada (00-05),Jueves,2,1,0,1,0.192,0.7124,0.0955,Medio,1,45.2
Iztapalapa,Mañana (06-11),Jueves,2,0,0,1,0.004,0.0344,0.9616,Alto,2,97.9
Iztapalapa,Mañana (06-11),Jueves,2,1,0,1,0.0039,0.0827,0.9134,Alto,2,95.5
Iztapalapa,Noche (18-23),Jueves,2,0,0,1,0.0032,0.0087,0.9881,Alto,2,99.2
Iztapalapa,Noche (18-23),Jueves,2,1,0,1,0.0028,0.0442,0.953,Alto,2,97.5
Iztapalapa,Tarde (12-17),Jueves,2,0,0,1,0.0141,0.0481,0.9378,Alto,2,96.2
Iztapalapa,Tarde (12-17),Jueves,2,1,0,1,0.0166,0.1043,0.879,Alto,2,93.1
Iztapalapa,Madrugada (00-05),Lunes,2,0,0,1,0.2125,0.5714,0.2161,Medio,1,50.2
Iztapalapa,Madrugada (00-05),Lunes,2,1,0,1,0.1612,0.6328,0.206,Medio,1,52.2
Iztapalapa,Mañana (06-11),Lunes,2,0,0,1,0.008,0.0666,0.9254,Alto,2,95.9
Iztapalapa,Mañana (06-11),Lunes,2,1,0,1,0.0121,0.0874,0.9005,Alto,2,94.4
Iztapalapa,Noche (18-23),Lunes,2,0,0,1,0.0018,0.0077,0.9905,Alto,2,99.4
Iztapalapa,Noche (18-23),Lunes,2,1,0,1,0.0021,0.0223,0.9756,Alto,2,98.7
Iztapalapa,Tarde (12-17),Lunes,2,0,0,1,0.0059,0.0243,0.9697,Alto,2,98.2
Iztapalapa,Tarde (12-17),Lunes,2,1,0,1,0.0076,0.0382,0.9542,Alto,2,97.3
Iztapalapa,Madrugada (00-05),Martes,2,0,0,1,0.2424,0.6018,0.1559,Medio,1,45.7
Iztapalapa,Madrugada (00-05),Martes,2,1,0,1,0.4404,0.4227,0.1369,Bajo,0,34.8
Iztapalapa,Mañana (06-11),Martes,2,0,0,1,0.0015,0.041,0.9574,Alto,2,97.8
Iztapalapa,Mañana (06-11),Martes,2,1,0,1,0.002,0.0318,0.9662,Alto,2,98.2
Iztapalapa,Noche (18-23),Martes,2,0,0,1,0.003,0.0097,0.9873,Alto,2,99.2
Iztapalapa,Noche (18-23),Martes,2,1,0,1,0.0045,0.0125,0.9829,Alto,2,98.9
Iztapalapa,Tarde (12-17),Martes,2,0,0,1,0.0036,0.0159,0.9805,Alto,2,98.8
Iztapalapa,Tarde (12-17),Martes,2,1,0,1,0.007,0.0184,0.9746,Alto,2,98.4
Iztapalapa,Madrugada (00-05),Miércoles,2,0,0,1,0.5359,0.3916,0.0725,Bajo,0,26.8
Iztapalapa,Madrugada (00-05),Miércoles,2,1,0,1,0.4597,0.4347,0.1056,Bajo,0,32.3
Iztapalapa,Mañana (06-11),Miércoles,2,0,0,1,0.0047,0.0514,0.9439,Alto,2,97.0
Iztapalapa,Mañana (06-11),Miércoles,2,1,0,1,0.0041,0.047,0.9489,Alto,2,97.2
Iztapalapa,Noche (18-23),Miércoles,2,0,0,1,0.0031,0.0142,0.9827,Alto,2,99.0
Iztapalapa,Noche (18-23),Miércoles,2,1,0,1,0.0027,0.0213,0.976,Alto,2,98.7
Iztapalapa,Tarde (12-17),Miércoles,2,0,0,1,0.0075,0.0311,0.9614,Alto,2,97.7
Iztapalapa,Tarde (12-17),Miércoles,2,1,0,1,0.0076,0.0301,0.9623,Alto,2,97.7
Iztapalapa,Madrugada (00-05),Sábado,2,0,1,1,0.0048,0.0926,0.9026,Alto,2,94.9
Iztapalapa,Madrugada (00-05),Sábado,2,1,1,1,0.0029,0.061,0.9361,Alto,2,96.7
Iztapalapa,Mañana (06-11),Sábado,2,0,1,1,0.0009,0.048,0.9511,Alto,2,97.5
Iztapalapa,Mañana (06-11),Sábado,2,1,1,1,0.0007,0.0342,0.9651,Alto,2,98.2
Iztapalapa,Noche (18-23),Sábado,2,0,1,1,0.0004,0.0082,0.9914,Alto,2,99.5
Iztapalapa,Noche (18-23),Sábado,2,1,1,1,0.0004,0.0153,0.9843,Alto,2,99.2
Iztapalapa,Tarde (12-17),Sábado,2,0,1,1,0.0006,0.013,0.9864,Alto,2,99.3
Iztapalapa,Tarde (12-17),Sábado,2,1,1,1,0.0005,0.0118,0.9877,Alto,2,99.4
Iztapalapa,Madrugada (00-05),Viernes,2,0,0,1,0.2392,0.5361,0.2247,Medio,1,49.3
Iztapalapa,Madrugada (00-05),Viernes,2,1,0,1,0.2272,0.593,0.1799,Medio,1,47.6
Iztapalapa,Mañana (06-11),Viernes,2,0,0,1,0.0066,0.0453,0.9481,Alto,2,97.1
Iztapalapa,Mañana (06-11),Viernes,2,1,0,1,0.0076,0.0608,0.9315,Alto,2,96.2
Iztapalapa,Noche (18-23),Viernes,2,0,0,1,0.0009,0.0033,0.9958,Alto,2,99.7
Iztapalapa,Noche (18-23),Viernes,2,1,0,1,0.0014,0.0076,0.991,Alto,2,99.5
Iztapalapa,Tarde (12-17),Viernes,2,0,0,1,0.006,0.0229,0.9712,Alto,2,98.3
Iztapalapa,Tarde (12-17),Viernes,2,1,0,1,0.0122,0.0382,0.9495,Alto,2,96.9
Iztapalapa,Madrugada (00-05),Domingo,3,0,1,1,0.0097,0.089,0.9014,Alto,2,94.6
Iztapalapa,Madrugada (00-05),Domingo,3,1,1,1,0.0057,0.0633,0.931,Alto,2,96.3
Iztapalapa,Mañana (06-11),Domingo,3,0,1,1,0.0029,0.1664,0.8306,Alto,2,91.4
Iztapalapa,Mañana (06-11),Domingo,3,1,1,1,0.0019,0.0963,0.9018,Alto,2,95.0
Iztapalapa,Noche (18-23),Domingo,3,0,1,1,0.0018,0.0266,0.9716,Alto,2,98.5
Iztapalapa,Noche (18-23),Domingo,3,1,1,1,0.0015,0.0528,0.9457,Alto,2,97.2
Iztapalapa,Tarde (12-17),Domingo,3,0,1,1,0.0029,0.0539,0.9432,Alto,2,97.0
Iztapalapa,Tarde (12-17),Domingo,3,1,1,1,0.0033,0.0566,0.94,Alto,2,96.8
Iztapalapa,Madrugada (00-05),Jueves,3,0,0,1,0.5276,0.3472,0.1252,Bajo,0,29.9
Iztapalapa,Madrugada (00-05),Jueves,3,1,0,1,0.2046,0.7011,0.0943,Medio,1,44.5
Iztapalapa,Mañana (06-11),Jueves,3,0,0,1,0.0056,0.0337,0.9607,Alto,2,97.8
Iztapalapa,Mañana (06-11),Jueves,3,1,0,1,0.0043,0.0898,0.9059,Alto,2,95.1
Iztapalapa,Noche (18-23),Jueves,3,0,0,1,0.0064,0.0097,0.9839,Alto,2,98.9
Iztapalapa,Noche (18-23),Jueves,3,1,0,1,0.0045,0.0646,0.931,Alto,2,96.3
Iztapalapa,Tarde (12-17),Jueves,3,0,0,1,0.026,0.04,0.934,Alto,2,95.4
Iztapalapa,Tarde (12-17),Jueves,3,1,0,1,0.0278,0.1035,0.8686,Alto,2,92.0
Iztapalapa,Madrugada (00-05),Lunes,3,0,0,1,0.2754,0.527,0.1976,Medio,1,46.1
Iztapalapa,Madrugada (00-05),Lunes,3,1,0,1,0.1939,0.5833,0.2228,Medio,1,51.4
Iztapalapa,Mañana (06-11),Lunes,3,0,0,1,0.0112,0.0778,0.911,Alto,2,95.0
Iztapalapa,Mañana (06-11),Lunes,3,1,0,1,0.0129,0.0852,0.9018,Alto,2,94.4
Iztapalapa,Noche (18-23),Lunes,3,0,0,1,0.0035,0.0095,0.987,Alto,2,99.2
Iztapalapa,Noche (18-23),Lunes,3,1,0,1,0.0038,0.0263,0.97,Alto,2,98.3
Iztapalapa,Tarde (12-17),Lunes,3,0,0,1,0.0097,0.0275,0.9628,Alto,2,97.7
Iztapalapa,Tarde (12-17),Lunes,3,1,0,1,0.0133,0.0411,0.9457,Alto,2,96.6
Iztapalapa,Madrugada (00-05),Martes,3,0,0,1,0.3721,0.4958,0.1321,Medio,1,38.0
Iztapalapa,Madrugada (00-05),Martes,3,1,0,1,0.467,0.3896,0.1434,Bajo,0,33.8
Iztapalapa,Mañana (06-11),Martes,3,0,0,1,0.0021,0.0425,0.9554,Alto,2,97.7
Iztapalapa,Mañana (06-11),Martes,3,1,0,1,0.0019,0.0283,0.9698,Alto,2,98.4
Iztapalapa,Noche (18-23),Martes,3,0,0,1,0.0081,0.013,0.9788,Alto,2,98.5
Iztapalapa,Noche (18-23),Martes,3,1,0,1,0.007,0.0179,0.9752,Alto,2,98.4
Iztapalapa,Tarde (12-17),Martes,3,0,0,1,0.0086,0.017,0.9744,Alto,2,98.3
Iztapalapa,Tarde (12-17),Martes,3,1,0,1,0.0116,0.0192,0.9692,Alto,2,97.9
Iztapalapa,Madrugada (00-05),Miércoles,3,0,0,1,0.5987,0.3282,0.0731,Bajo,0,23.7
Iztapalapa,Madrugada (00-05),Miércoles,3,1,0,1,0.4922,0.3784,0.1294,Bajo,0,31.9
Iztapalapa,Mañana (06-11),Miércoles,3,0,0,1,0.0054,0.0454,0.9493,Alto,2,97.2
Iztapalapa,Mañana (06-11),Miércoles,3,1,0,1,0.0039,0.0351,0.961,Alto,2,97.9
Iztapalapa,Noche (18-23),Miércoles,3,0,0,1,0.0048,0.0164,0.9787,Alto,2,98.7
Iztapalapa,Noche (18-23),Miércoles,3,1,0,1,0.0037,0.0237,0.9726,Alto,2,98.4
Iztapalapa,Tarde (12-17),Miércoles,3,0,0,1,0.0113,0.0311,0.9575,Alto,2,97.3
Iztapalapa,Tarde (12-17),Miércoles,3,1,0,1,0.0112,0.0265,0.9622,Alto,2,97.5
Iztapalapa,Madrugada (00-05),Sábado,3,0,1,1,0.0059,0.092,0.9022,Alto,2,94.8
Iztapalapa,Madrugada (00-05),Sábado,3,1,1,1,0.0031,0.0557,0.9412,Alto,2,96.9
Iztapalapa,Mañana (06-11),Sábado,3,0,1,1,0.0011,0.0535,0.9455,Alto,2,97.2
Iztapalapa,Mañana (06-11),Sábado,3,1,1,1,0.0007,0.0362,0.9631,Alto,2,98.1
Iztapalapa,Noche (18-23),Sábado,3,0,1,1,0.0008,0.0154,0.9838,Alto,2,99.2
Iztapalapa,Noche (18-23),Sábado,3,1,1,1,0.0007,0.031,0.9682,Alto,2,98.4
Iztapalapa,Tarde (12-17),Sábado,3,0,1,1,0.0008,0.0142,0.985,Alto,2,99.2
Iztapalapa,Tarde (12-17),Sábado,3,1,1,1,0.0008,0.0139,0.9853,Alto,2,99.2
Iztapalapa,Madrugada (00-05),Viernes,3,0,0,1,0.2603,0.5497,0.1901,Medio,1,46.5
Iztapalapa,Madrugada (00-05),Viernes,3,1,0,1,0.1843,0.6218,0.1938,Medio,1,50.5
Iztapalapa,Mañana (06-11),Viernes,3,0,0,1,0.0088,0.0605,0.9307,Alto,2,96.1
Iztapalapa,Mañana (06-11),Viernes,3,1,0,1,0.0063,0.0669,0.9267,Alto,2,96.0
Iztapalapa,Noche (18-23),Viernes,3,0,0,1,0.0016,0.0053,0.9931,Alto,2,99.6
Iztapalapa,Noche (18-23),Viernes,3,1,0,1,0.0016,0.011,0.9874,Alto,2,99.3
Iztapalapa,Tarde (12-17),Viernes,3,0,0,1,0.0105,0.0286,0.9609,Alto,2,97.5
Iztapalapa,Tarde (12-17),Viernes,3,1,0,1,0.0168,0.0448,0.9383,Alto,2,96.1
Iztapalapa,Madrugada (00-05),Domingo,4,0,1,2,0.0074,0.1171,0.8756,Alto,2,93.4
Iztapalapa,Madrugada (00-05),Domingo,4,1,1,2,0.0038,0.0483,0.9479,Alto,2,97.2
Iztapalapa,Mañana (06-11),Domingo,4,0,1,2,0.0029,0.2648,0.7324,Alto,2,86.5
Iztapalapa,Mañana (06-11),Domingo,4,1,1,2,0.0018,0.1093,0.889,Alto,2,94.4
Iztapalapa,Noche (18-23),Domingo,4,0,1,2,0.0012,0.0403,0.9585,Alto,2,97.9
Iztapalapa,Noche (18-23),Domingo,4,1,1,2,0.0009,0.0406,0.9585,Alto,2,97.9
Iztapalapa,Tarde (12-17),Domingo,4,0,1,2,0.0025,0.0983,0.8992,Alto,2,94.8
Iztapalapa,Tarde (12-17),Domingo,4,1,1,2,0.0016,0.0402,0.9582,Alto,2,97.8
Iztapalapa,Madrugada (00-05),Jueves,4,0,0,2,0.2045,0.536,0.2595,Medio,1,52.7
Iztapalapa,Madrugada (00-05),Jueves,4,1,0,2,0.1444,0.6568,0.1988,Medio,1,52.7
Iztapalapa,Mañana (06-11),Jueves,4,0,0,2,0.003,0.0591,0.9378,Alto,2,96.7
Iztapalapa,Mañana (06-11),Jueves,4,1,0,2,0.0033,0.0833,0.9134,Alto,2,95.5
Iztapalapa,Noche (18-23),Jueves,4,0,0,2,0.001,0.0068,0.9922,Alto,2,99.6
Iztapalapa,Noche (18-23),Jueves,4,1,0,2,0.0013,0.023,0.9757,Alto,2,98.7
Iztapalapa,Tarde (12-17),Jueves,4,0,0,2,0.006,0.0336,0.9604,Alto,2,97.7
Iztapalapa,Tarde (12-17),Jueves,4,1,0,2,0.0077,0.0429,0.9494,Alto,2,97.1
Iztapalapa,Madrugada (00-05),Lunes,4,0,0,2,0.2675,0.5013,0.2312,Medio,1,48.2
Iztapalapa,Madrugada (00-05),Lunes,4,1,0,2,0.2138,0.4515,0.3347,Medio,1,56.0
Iztapalapa,Mañana (06-11),Lunes,4,0,0,2,0.015,0.1713,0.8137,Alto,2,89.9
Iztapalapa,Mañana (06-11),Lunes,4,1,0,2,0.0157,0.099,0.8853,Alto,2,93.5
Iztapalapa,Noche (18-23),Lunes,4,0,0,2,0.0026,0.0085,0.9889,Alto,2,99.3
Iztapalapa,Noche (18-23),Lunes,4,1,0,2,0.0025,0.0149,0.9826,Alto,2,99.0
Iztapalapa,Tarde (12-17),Lunes,4,0,0,2,0.0089,0.0268,0.9643,Alto,2,97.8
Iztapalapa,Tarde (12-17),Lunes,4,1,0,2,0.0071,0.0177,0.9751,Alto,2,98.4
Iztapalapa,Madrugada (00-05),Martes,4,0,0,2,0.3018,0.588,0.1102,Medio,1,40.4
Iztapalapa,Madrugada (00-05),Martes,4,1,0,2,0.394,0.486,0.12,Medio,1,36.3
Iztapalapa,Mañana (06-11),Martes,4,0,0,2,0.0043,0.1258,0.87,Alto,2,93.3
Iztapalapa,Mañana (06-11),Martes,4,1,0,2,0.0039,0.0865,0.9096,Alto,2,95.3
Iztapalapa,Noche (18-23),Martes,4,0,0,2,0.0045,0.0149,0.9806,Alto,2,98.8
Iztapalapa,Noche (18-23),Martes,4,1,0,2,0.0042,0.02,0.9758,Alto,2,98.6
Iztapalapa,Tarde (12-17),Martes,4,0,0,2,0.0103,0.0323,0.9574,Alto,2,97.4
Iztapalapa,Tarde (12-17),Martes,4,1,0,2,0.0104,0.0262,0.9634,Alto,2,97.7
Iztapalapa,Madrugada (00-05),Miércoles,4,0,0,2,0.4379,0.4561,0.106,Medio,1,33.4
Iztapalapa,Madrugada (00-05),Miércoles,4,1,0,2,0.3781,0.3939,0.228,Medio,1,42.5
Iztapalapa,Mañana (06-11),Miércoles,4,0,0,2,0.0057,0.0658,0.9285,Alto,2,96.1
Iztapalapa,Mañana (06-11),Miércoles,4,1,0,2,0.0036,0.0369,0.9595,Alto,2,97.8
Iztapalapa,Noche (18-23),Miércoles,4,0,0,2,0.0021,0.0175,0.9804,Alto,2,98.9
Iztapalapa,Noche (18-23),Miércoles,4,1,0,2,0.0015,0.0169,0.9815,Alto,2,99.0
Iztapalapa,Tarde (12-17),Miércoles,4,0,0,2,0.0078,0.0577,0.9346,Alto,2,96.3
Iztapalapa,Tarde (12-17),Miércoles,4,1,0,2,0.0048,0.0226,0.9726,Alto,2,98.4
Iztapalapa,Madrugada (00-05),Sábado,4,0,1,2,0.0048,0.1301,0.8651,Alto,2,93.0
Iztapalapa,Madrugada (00-05),Sábado,4,1,1,2,0.0024,0.049,0.9486,Alto,2,97.3
Iztapalapa,Mañana (06-11),Sábado,4,0,1,2,0.0012,0.1132,0.8856,Alto,2,94.2
Iztapalapa,Mañana (06-11),Sábado,4,1,1,2,0.0008,0.0529,0.9462,Alto,2,97.3
Iztapalapa,Noche (18-23),Sábado,4,0,1,2,0.0007,0.0278,0.9715,Alto,2,98.5
Iztapalapa,Noche (18-23),Sábado,4,1,1,2,0.0005,0.0289,0.9705,Alto,2,98.5
Iztapalapa,Tarde (12-17),Sábado,4,0,1,2,0.0008,0.0267,0.9725,Alto,2,98.6
Iztapalapa,Tarde (12-17),Sábado,4,1,1,2,0.0005,0.0105,0.9891,Alto,2,99.4
Iztapalapa,Madrugada (00-05),Viernes,4,0,0,2,0.17,0.5738,0.2562,Medio,1,54.3
Iztapalapa,Madrugada (00-05),Viernes,4,1,0,2,0.1138,0.5518,0.3344,Medio,1,61.0
Iztapalapa,Mañana (06-11),Viernes,4,0,0,2,0.0117,0.1344,0.8539,Alto,2,92.1
Iztapalapa,Mañana (06-11),Viernes,4,1,0,2,0.0061,0.096,0.898,Alto,2,94.6
Iztapalapa,Noche (18-23),Viernes,4,0,0,2,0.0007,0.0046,0.9947,Alto,2,99.7
Iztapalapa,Noche (18-23),Viernes,4,1,0,2,0.0006,0.0058,0.9937,Alto,2,99.7
Iztapalapa,Tarde (12-17),Viernes,4,0,0,2,0.0074,0.042,0.9506,Alto,2,97.2
Iztapalapa,Tarde (12-17),Viernes,4,1,0,2,0.0053,0.0294,0.9652,Alto,2,98.0
Iztapalapa,Madrugada (00-05),Domingo,5,0,1,2,0.0074,0.075,0.9176,Alto,2,95.5
Iztapalapa,Madrugada (00-05),Domingo,5,1,1,2,0.0053,0.0466,0.9481,Alto,2,97.1
Iztapalapa,Mañana (06-11),Domingo,5,0,1,2,0.003,0.1874,0.8096,Alto,2,90.3
Iztapalapa,Mañana (06-11),Domingo,5,1,1,2,0.0024,0.111,0.8866,Alto,2,94.2
Iztapalapa,Noche (18-23),Domingo,5,0,1,2,0.001,0.0184,0.9805,Alto,2,99.0
Iztapalapa,Noche (18-23),Domingo,5,1,1,2,0.0012,0.0364,0.9625,Alto,2,98.1
Iztapalapa,Tarde (12-17),Domingo,5,0,1,2,0.0025,0.0616,0.9358,Alto,2,96.7
Iztapalapa,Tarde (12-17),Domingo,5,1,1,2,0.0022,0.0372,0.9606,Alto,2,97.9
Iztapalapa,Madrugada (00-05),Jueves,5,0,0,2,0.3176,0.4605,0.2219,Medio,1,45.2
Iztapalapa,Madrugada (00-05),Jueves,5,1,0,2,0.3032,0.5284,0.1685,Medio,1,43.3
Iztapalapa,Mañana (06-11),Jueves,5,0,0,2,0.0038,0.044,0.9521,Alto,2,97.4
Iztapalapa,Mañana (06-11),Jueves,5,1,0,2,0.0054,0.0603,0.9343,Alto,2,96.4
Iztapalapa,Noche (18-23),Jueves,5,0,0,2,0.0016,0.0066,0.9918,Alto,2,99.5
Iztapalapa,Noche (18-23),Jueves,5,1,0,2,0.0028,0.0216,0.9756,Alto,2,98.6
Iztapalapa,Tarde (12-17),Jueves,5,0,0,2,0.0091,0.0313,0.9596,Alto,2,97.5
Iztapalapa,Tarde (12-17),Jueves,5,1,0,2,0.0161,0.0375,0.9464,Alto,2,96.5
Iztapalapa,Madrugada (00-05),Lunes,5,0,0,2,0.2708,0.4604,0.2688,Medio,1,49.9
Iztapalapa,Madrugada (00-05),Lunes,5,1,0,2,0.2399,0.457,0.3031,Medio,1,53.2
Iztapalapa,Mañana (06-11),Lunes,5,0,0,2,0.0116,0.1168,0.8716,Alto,2,93.0
Iztapalapa,Mañana (06-11),Lunes,5,1,0,2,0.0156,0.0891,0.8953,Alto,2,94.0
Iztapalapa,Noche (18-23),Lunes,5,0,0,2,0.0021,0.007,0.9909,Alto,2,99.4
Iztapalapa,Noche (18-23),Lunes,5,1,0,2,0.003,0.0185,0.9786,Alto,2,98.8
Iztapalapa,Tarde (12-17),Lunes,5,0,0,2,0.0079,0.0214,0.9707,Alto,2,98.1
Iztapalapa,Tarde (12-17),Lunes,5,1,0,2,0.0083,0.0188,0.9729,Alto,2,98.2
Iztapalapa,Madrugada (00-05),Martes,5,0,0,2,0.3917,0.5374,0.071,Medio,1,34.0
Iztapalapa,Madrugada (00-05),Martes,5,1,0,2,0.4589,0.4906,0.0505,Medio,1,29.6
Iztapalapa,Mañana (06-11),Martes,5,0,0,2,0.0078,0.2043,0.7879,Alto,2,89.0
Iztapalapa,Mañana (06-11),Martes,5,1,0,2,0.0093,0.2177,0.7731,Alto,2,88.2
Iztapalapa,Noche (18-23),Martes,5,0,0,2,0.0055,0.016,0.9785,Alto,2,98.6
Iztapalapa,Noche (18-23),Martes,5,1,0,2,0.0076,0.0351,0.9573,Alto,2,97.5
Iztapalapa,Tarde (12-17),Martes,5,0,0,2,0.0233,0.05,0.9268,Alto,2,95.2
Iztapalapa,Tarde (12-17),Martes,5,1,0,2,0.029,0.0589,0.9121,Alto,2,94.2
Iztapalapa,Madrugada (00-05),Miércoles,5,0,0,2,0.4882,0.4464,0.0654,Bajo,0,28.9
Iztapalapa,Madrugada (00-05),Miércoles,5,1,0,2,0.4667,0.4346,0.0987,Bajo,0,31.6
Iztapalapa,Mañana (06-11),Miércoles,5,0,0,2,0.0073,0.0681,0.9246,Alto,2,95.9
Iztapalapa,Mañana (06-11),Miércoles,5,1,0,2,0.0065,0.0544,0.9392,Alto,2,96.6
Iztapalapa,Noche (18-23),Miércoles,5,0,0,2,0.0033,0.027,0.9697,Alto,2,98.3
Iztapalapa,Noche (18-23),Miércoles,5,1,0,2,0.0035,0.0392,0.9573,Alto,2,97.7
Iztapalapa,Tarde (12-17),Miércoles,5,0,0,2,0.0126,0.087,0.9004,Alto,2,94.4
Iztapalapa,Tarde (12-17),Miércoles,5,1,0,2,0.0115,0.0544,0.9341,Alto,2,96.1
Iztapalapa,Madrugada (00-05),Sábado,5,0,1,2,0.0045,0.0792,0.9164,Alto,2,95.6
Iztapalapa,Madrugada (00-05),Sábado,5,1,1,2,0.003,0.0418,0.9552,Alto,2,97.6
Iztapalapa,Mañana (06-11),Sábado,5,0,1,2,0.0012,0.0718,0.927,Alto,2,96.3
Iztapalapa,Mañana (06-11),Sábado,5,1,1,2,0.001,0.0444,0.9546,Alto,2,97.7
Iztapalapa,Noche (18-23),Sábado,5,0,1,2,0.0006,0.0153,0.9841,Alto,2,99.2
Iztapalapa,Noche (18-23),Sábado,5,1,1,2,0.0006,0.0283,0.971,Alto,2,98.5
Iztapalapa,Tarde (12-17),Sábado,5,0,1,2,0.0006,0.0146,0.9848,Alto,2,99.2
Iztapalapa,Tarde (12-17),Sábado,5,1,1,2,0.0005,0.0077,0.9918,Alto,2,99.6
Iztapalapa,Madrugada (00-05),Viernes,5,0,0,2,0.2022,0.536,0.2618,Medio,1,53.0
Iztapalapa,Madrugada (00-05),Viernes,5,1,0,2,0.15,0.5602,0.2897,Medio,1,57.0
Iztapalapa,Mañana (06-11),Viernes,5,0,0,2,0.0114,0.1099,0.8787,Alto,2,93.4
Iztapalapa,Mañana (06-11),Viernes,5,1,0,2,0.0069,0.0906,0.9025,Alto,2,94.8
Iztapalapa,Noche (18-23),Viernes,5,0,0,2,0.0007,0.0042,0.9951,Alto,2,99.7
Iztapalapa,Noche (18-23),Viernes,5,1,0,2,0.0007,0.0069,0.9923,Alto,2,99.6
Iztapalapa,Tarde (12-17),Viernes,5,0,0,2,0.008,0.0326,0.9594,Alto,2,97.6
Iztapalapa,Tarde (12-17),Viernes,5,1,0,2,0.0076,0.0295,0.9629,Alto,2,97.8
Iztapalapa,Madrugada (00-05),Domingo,6,0,1,2,0.0052,0.0401,0.9547,Alto,2,97.5
Iztapalapa,Madrugada (00-05),Domingo,6,1,1,2,0.004,0.0286,0.9673,Alto,2,98.2
Iztapalapa,Mañana (06-11),Domingo,6,0,1,2,0.0037,0.1054,0.891,Alto,2,94.4
Iztapalapa,Mañana (06-11),Domingo,6,1,1,2,0.0031,0.0651,0.9318,Alto,2,96.4
Iztapalapa,Noche (18-23),Domingo,6,0,1,2,0.0007,0.009,0.9903,Alto,2,99.5
Iztapalapa,Noche (18-23),Domingo,6,1,1,2,0.0009,0.0233,0.9758,Alto,2,98.7
Iztapalapa,Tarde (12-17),Domingo,6,0,1,2,0.0022,0.0261,0.9717,Alto,2,98.5
Iztapalapa,Tarde (12-17),Domingo,6,1,1,2,0.0021,0.0182,0.9797,Alto,2,98.9
Iztapalapa,Madrugada (00-05),Jueves,6,0,0,2,0.2364,0.4821,0.2815,Medio,1,52.3
Iztapalapa,Madrugada (00-05),Jueves,6,1,0,2,0.2476,0.559,0.1933,Medio,1,47.3
Iztapalapa,Mañana (06-11),Jueves,6,0,0,2,0.0034,0.0257,0.9708,Alto,2,98.4
Iztapalapa,Mañana (06-11),Jueves,6,1,0,2,0.0063,0.0406,0.9531,Alto,2,97.3
Iztapalapa,Noche (18-23),Jueves,6,0,0,2,0.0011,0.0057,0.9932,Alto,2,99.6
Iztapalapa,Noche (18-23),Jueves,6,1,0,2,0.0022,0.0216,0.9762,Alto,2,98.7
Iztapalapa,Tarde (12-17),Jueves,6,0,0,2,0.0078,0.0279,0.9643,Alto,2,97.8
Iztapalapa,Tarde (12-17),Jueves,6,1,0,2,0.0168,0.0369,0.9463,Alto,2,96.5
Iztapalapa,Madrugada (00-05),Lunes,6,0,0,2,0.2677,0.4311,0.3013,Medio,1,51.7
Iztapalapa,Madrugada (00-05),Lunes,6,1,0,2,0.2391,0.4493,0.3117,Medio,1,53.6
Iztapalapa,Mañana (06-11),Lunes,6,0,0,2,0.0155,0.0659,0.9186,Alto,2,95.2
Iztapalapa,Mañana (06-11),Lunes,6,1,0,2,0.0237,0.0571,0.9192,Alto,2,94.8
Iztapalapa,Noche (18-23),Lunes,6,0,0,2,0.0019,0.0062,0.992,Alto,2,99.5
Iztapalapa,Noche (18-23),Lunes,6,1,0,2,0.0029,0.018,0.9791,Alto,2,98.8
Iztapalapa,Tarde (12-17),Lunes,6,0,0,2,0.0139,0.0226,0.9635,Alto,2,97.5
Iztapalapa,Tarde (12-17),Lunes,6,1,0,2,0.0167,0.023,0.9603,Alto,2,97.2
Iztapalapa,Madrugada (00-05),Martes,6,0,0,2,0.3698,0.5631,0.0671,Medio,1,34.9
Iztapalapa,Madrugada (00-05),Martes,6,1,0,2,0.4192,0.5372,0.0436,Medio,1,31.2
Iztapalapa,Mañana (06-11),Martes,6,0,0,2,0.0127,0.168,0.8193,Alto,2,90.3
Iztapalapa,Mañana (06-11),Martes,6,1,0,2,0.0163,0.2036,0.7801,Alto,2,88.2
Iztapalapa,Noche (18-23),Martes,6,0,0,2,0.0058,0.0176,0.9766,Alto,2,98.5
Iztapalapa,Noche (18-23),Martes,6,1,0,2,0.0083,0.0447,0.947,Alto,2,96.9
Iztapalapa,Tarde (12-17),Martes,6,0,0,2,0.036,0.0708,0.8931,Alto,2,92.9
Iztapalapa,Tarde (12-17),Martes,6,1,0,2,0.0531,0.0918,0.8551,Alto,2,90.1
Iztapalapa,Madrugada (00-05),Miércoles,6,0,0,2,0.5118,0.4104,0.0777,Bajo,0,28.3
Iztapalapa,Madrugada (00-05),Miércoles,6,1,0,2,0.4901,0.4007,0.1092,Bajo,0,31.0
Iztapalapa,Mañana (06-11),Miércoles,6,0,0,2,0.0105,0.0535,0.936,Alto,2,96.3
Iztapalapa,Mañana (06-11),Miércoles,6,1,0,2,0.0109,0.0443,0.9448,Alto,2,96.7
Iztapalapa,Noche (18-23),Miércoles,6,0,0,2,0.0029,0.0202,0.9769,Alto,2,98.7
Iztapalapa,Noche (18-23),Miércoles,6,1,0,2,0.0033,0.0312,0.9654,Alto,2,98.1
Iztapalapa,Tarde (12-17),Miércoles,6,0,0,2,0.0173,0.0715,0.9112,Alto,2,94.7
Iztapalapa,Tarde (12-17),Miércoles,6,1,0,2,0.0174,0.0486,0.934,Alto,2,95.8
Iztapalapa,Madrugada (00-05),Sábado,6,0,1,2,0.0033,0.0453,0.9513,Alto,2,97.4
Iztapalapa,Madrugada (00-05),Sábado,6,1,1,2,0.0023,0.0272,0.9705,Alto,2,98.4
Iztapalapa,Mañana (06-11),Sábado,6,0,1,2,0.0014,0.0425,0.9562,Alto,2,97.7
Iztapalapa,Mañana (06-11),Sábado,6,1,1,2,0.0012,0.0277,0.9711,Alto,2,98.5
Iztapalapa,Noche (18-23),Sábado,6,0,1,2,0.0004,0.0073,0.9923,Alto,2,99.6
Iztapalapa,Noche (18-23),Sábado,6,1,1,2,0.0005,0.0176,0.9819,Alto,2,99.1
Iztapalapa,Tarde (12-17),Sábado,6,0,1,2,0.0006,0.0072,0.9922,Alto,2,99.6
Iztapalapa,Tarde (12-17),Sábado,6,1,1,2,0.0004,0.0044,0.9952,Alto,2,99.7
Iztapalapa,Madrugada (00-05),Viernes,6,0,0,2,0.2123,0.5153,0.2723,Medio,1,53.0
Iztapalapa,Madrugada (00-05),Viernes,6,1,0,2,0.1505,0.5883,0.2613,Medio,1,55.5
Iztapalapa,Mañana (06-11),Viernes,6,0,0,2,0.0186,0.0661,0.9153,Alto,2,94.8
Iztapalapa,Mañana (06-11),Viernes,6,1,0,2,0.0124,0.0654,0.9222,Alto,2,95.5
Iztapalapa,Noche (18-23),Viernes,6,0,0,2,0.0007,0.0037,0.9956,Alto,2,99.7
Iztapalapa,Noche (18-23),Viernes,6,1,0,2,0.0008,0.0083,0.9909,Alto,2,99.5
Iztapalapa,Tarde (12-17),Viernes,6,0,0,2,0.0109,0.0319,0.9572,Alto,2,97.3
Iztapalapa,Tarde (12-17),Viernes,6,1,0,2,0.0117,0.0355,0.9528,Alto,2,97.1
Iztapalapa,Madrugada (00-05),Domingo,7,0,1,3,0.0044,0.038,0.9576,Alto,2,97.7
Iztapalapa,Madrugada (00-05),Domingo,7,1,1,3,0.0035,0.0277,0.9688,Alto,2,98.3
Iztapalapa,Mañana (06-11),Domingo,7,0,1,3,0.0027,0.113,0.8843,Alto,2,94.1
Iztapalapa,Mañana (06-11),Domingo,7,1,1,3,0.0023,0.0698,0.9279,Alto,2,96.3
Iztapalapa,Noche (18-23),Domingo,7,0,1,3,0.0006,0.0082,0.9912,Alto,2,99.5
Iztapalapa,Noche (18-23),Domingo,7,1,1,3,0.0008,0.0243,0.9749,Alto,2,98.7
Iztapalapa,Tarde (12-17),Domingo,7,0,1,3,0.0018,0.0213,0.9769,Alto,2,98.8
Iztapalapa,Tarde (12-17),Domingo,7,1,1,3,0.0018,0.0154,0.9828,Alto,2,99.1
Iztapalapa,Madrugada (00-05),Jueves,7,0,0,3,0.2111,0.4765,0.3125,Medio,1,55.1
Iztapalapa,Madrugada (00-05),Jueves,7,1,0,3,0.2209,0.5763,0.2029,Medio,1,49.1
Iztapalapa,Mañana (06-11),Jueves,7,0,0,3,0.003,0.0241,0.9729,Alto,2,98.5
Iztapalapa,Mañana (06-11),Jueves,7,1,0,3,0.0056,0.0421,0.9524,Alto,2,97.3
Iztapalapa,Noche (18-23),Jueves,7,0,0,3,0.0009,0.0049,0.9941,Alto,2,99.7
Iztapalapa,Noche (18-23),Jueves,7,1,0,3,0.0018,0.0202,0.978,Alto,2,98.8
Iztapalapa,Tarde (12-17),Jueves,7,0,0,3,0.0054,0.0219,0.9727,Alto,2,98.4
Iztapalapa,Tarde (12-17),Jueves,7,1,0,3,0.0125,0.0359,0.9516,Alto,2,97.0
Iztapalapa,Madrugada (00-05),Lunes,7,0,0,3,0.2492,0.4505,0.3003,Medio,1,52.6
Iztapalapa,Madrugada (00-05),Lunes,7,1,0,3,0.2394,0.4102,0.3504,Medio,1,55.6
Iztapalapa,Mañana (06-11),Lunes,7,0,0,3,0.0113,0.0603,0.9283,Alto,2,95.8
Iztapalapa,Mañana (06-11),Lunes,7,1,0,3,0.0164,0.0449,0.9386,Alto,2,96.1
Iztapalapa,Noche (18-23),Lunes,7,0,0,3,0.0018,0.0065,0.9916,Alto,2,99.5
Iztapalapa,Noche (18-23),Lunes,7,1,0,3,0.0025,0.0156,0.9819,Alto,2,99.0
Iztapalapa,Tarde (12-17),Lunes,7,0,0,3,0.0092,0.0221,0.9688,Alto,2,98.0
Iztapalapa,Tarde (12-17),Lunes,7,1,0,3,0.0104,0.0181,0.9715,Alto,2,98.1
Iztapalapa,Madrugada (00-05),Martes,7,0,0,3,0.3641,0.5755,0.0604,Medio,1,34.8
Iztapalapa,Madrugada (00-05),Martes,7,1,0,3,0.4242,0.532,0.0439,Medio,1,31.0
Iztapalapa,Mañana (06-11),Martes,7,0,0,3,0.0121,0.1933,0.7946,Alto,2,89.1
Iztapalapa,Mañana (06-11),Martes,7,1,0,3,0.0142,0.2077,0.7781,Alto,2,88.2
Iztapalapa,Noche (18-23),Martes,7,0,0,3,0.0063,0.0178,0.9759,Alto,2,98.5
Iztapalapa,Noche (18-23),Martes,7,1,0,3,0.0082,0.04,0.9518,Alto,2,97.2
Iztapalapa,Tarde (12-17),Martes,7,0,0,3,0.0328,0.0885,0.8787,Alto,2,92.3
Iztapalapa,Tarde (12-17),Martes,7,1,0,3,0.0466,0.1065,0.8469,Alto,2,90.0
Iztapalapa,Madrugada (00-05),Miércoles,7,0,0,3,0.504,0.4266,0.0694,Bajo,0,28.3
Iztapalapa,Madrugada (00-05),Miércoles,7,1,0,3,0.5021,0.4009,0.097,Bajo,0,29.7
Iztapalapa,Mañana (06-11),Miércoles,7,0,0,3,0.0232,0.0828,0.894,Alto,2,93.5
Iztapalapa,Mañana (06-11),Miércoles,7,1,0,3,0.0169,0.0614,0.9217,Alto,2,95.2
Iztapalapa,Noche (18-23),Miércoles,7,0,0,3,0.003,0.0291,0.9678,Alto,2,98.2
Iztapalapa,Noche (18-23),Miércoles,7,1,0,3,0.0033,0.0317,0.965,Alto,2,98.1
Iztapalapa,Tarde (12-17),Miércoles,7,0,0,3,0.0159,0.0739,0.9102,Alto,2,94.7
Iztapalapa,Tarde (12-17),Miércoles,7,1,0,3,0.0159,0.0499,0.9343,Alto,2,95.9
Iztapalapa,Madrugada (00-05),Sábado,7,0,1,3,0.0028,0.0433,0.9538,Alto,2,97.6
Iztapalapa,Madrugada (00-05),Sábado,7,1,1,3,0.0019,0.0251,0.973,Alto,2,98.6
Iztapalapa,Mañana (06-11),Sábado,7,0,1,3,0.0011,0.0471,0.9519,Alto,2,97.5
Iztapalapa,Mañana (06-11),Sábado,7,1,1,3,0.0009,0.03,0.9692,Alto,2,98.4
Iztapalapa,Noche (18-23),Sábado,7,0,1,3,0.0003,0.0064,0.9933,Alto,2,99.6
Iztapalapa,Noche (18-23),Sábado,7,1,1,3,0.0004,0.0169,0.9827,Alto,2,99.1
Iztapalapa,Tarde (12-17),Sábado,7,0,1,3,0.0004,0.006,0.9936,Alto,2,99.7
Iztapalapa,Tarde (12-17),Sábado,7,1,1,3,0.0003,0.0037,0.996,Alto,2,99.8
Iztapalapa,Madrugada (00-05),Viernes,7,0,0,3,0.1482,0.5755,0.2762,Medio,1,56.4
Iztapalapa,Madrugada (00-05),Viernes,7,1,0,3,0.1137,0.6095,0.2768,Medio,1,58.2
Iztapalapa,Mañana (06-11),Viernes,7,0,0,3,0.0106,0.0875,0.9019,Alto,2,94.6
Iztapalapa,Mañana (06-11),Viernes,7,1,0,3,0.0073,0.0745,0.9182,Alto,2,95.5
Iztapalapa,Noche (18-23),Viernes,7,0,0,3,0.0006,0.004,0.9955,Alto,2,99.7
Iztapalapa,Noche (18-23),Viernes,7,1,0,3,0.0007,0.0081,0.9912,Alto,2,99.5
Iztapalapa,Tarde (12-17),Viernes,7,0,0,3,0.0065,0.033,0.9605,Alto,2,97.7
Iztapalapa,Tarde (12-17),Viernes,7,1,0,3,0.0065,0.032,0.9615,Alto,2,97.8
Iztapalapa,Madrugada (00-05),Domingo,8,0,1,3,0.0057,0.0884,0.9059,Alto,2,95.0
Iztapalapa,Madrugada (00-05),Domingo,8,1,1,3,0.0041,0.0565,0.9395,Alto,2,96.8
Iztapalapa,Mañana (06-11),Domingo,8,0,1,3,0.0037,0.2827,0.7136,Alto,2,85.5
Iztapalapa,Mañana (06-11),Domingo,8,1,1,3,0.003,0.1425,0.8545,Alto,2,92.6
Iztapalapa,Noche (18-23),Domingo,8,0,1,3,0.0008,0.019,0.9802,Alto,2,99.0
Iztapalapa,Noche (18-23),Domingo,8,1,1,3,0.0009,0.072,0.9271,Alto,2,96.3
Iztapalapa,Tarde (12-17),Domingo,8,0,1,3,0.0019,0.0311,0.9669,Alto,2,98.3
Iztapalapa,Tarde (12-17),Domingo,8,1,1,3,0.0015,0.019,0.9795,Alto,2,98.9
Iztapalapa,Madrugada (00-05),Jueves,8,0,0,3,0.1349,0.6117,0.2533,Medio,1,55.9
Iztapalapa,Madrugada (00-05),Jueves,8,1,0,3,0.1401,0.6359,0.224,Medio,1,54.2
Iztapalapa,Mañana (06-11),Jueves,8,0,0,3,0.0029,0.0461,0.951,Alto,2,97.4
Iztapalapa,Mañana (06-11),Jueves,8,1,0,3,0.0041,0.0465,0.9494,Alto,2,97.3
Iztapalapa,Noche (18-23),Jueves,8,0,0,3,0.0007,0.0059,0.9934,Alto,2,99.6
Iztapalapa,Noche (18-23),Jueves,8,1,0,3,0.001,0.0171,0.9819,Alto,2,99.0
Iztapalapa,Tarde (12-17),Jueves,8,0,0,3,0.0029,0.0221,0.975,Alto,2,98.6
Iztapalapa,Tarde (12-17),Jueves,8,1,0,3,0.0048,0.0242,0.9709,Alto,2,98.3
Iztapalapa,Madrugada (00-05),Lunes,8,0,0,3,0.2219,0.5709,0.2072,Medio,1,49.3
Iztapalapa,Madrugada (00-05),Lunes,8,1,0,3,0.2162,0.4717,0.3121,Medio,1,54.8
Iztapalapa,Mañana (06-11),Lunes,8,0,0,3,0.0131,0.1257,0.8612,Alto,2,92.4
Iztapalapa,Mañana (06-11),Lunes,8,1,0,3,0.0166,0.0622,0.9212,Alto,2,95.2
Iztapalapa,Noche (18-23),Lunes,8,0,0,3,0.002,0.0097,0.9883,Alto,2,99.3
Iztapalapa,Noche (18-23),Lunes,8,1,0,3,0.0023,0.0184,0.9793,Alto,2,98.8
Iztapalapa,Tarde (12-17),Lunes,8,0,0,3,0.0068,0.026,0.9672,Alto,2,98.0
Iztapalapa,Tarde (12-17),Lunes,8,1,0,3,0.0056,0.0145,0.9799,Alto,2,98.7
Iztapalapa,Madrugada (00-05),Martes,8,0,0,3,0.3406,0.589,0.0704,Medio,1,36.5
Iztapalapa,Madrugada (00-05),Martes,8,1,0,3,0.3824,0.555,0.0627,Medio,1,34.0
Iztapalapa,Mañana (06-11),Martes,8,0,0,3,0.0101,0.1541,0.8358,Alto,2,91.3
Iztapalapa,Mañana (06-11),Martes,8,1,0,3,0.0102,0.1179,0.8719,Alto,2,93.1
Iztapalapa,Noche (18-23),Martes,8,0,0,3,0.0043,0.0122,0.9834,Alto,2,99.0
Iztapalapa,Noche (18-23),Martes,8,1,0,3,0.0048,0.026,0.9692,Alto,2,98.2
Iztapalapa,Tarde (12-17),Martes,8,0,0,3,0.0188,0.0683,0.9129,Alto,2,94.7
Iztapalapa,Tarde (12-17),Martes,8,1,0,3,0.0192,0.0729,0.9079,Alto,2,94.4
Iztapalapa,Madrugada (00-05),Miércoles,8,0,0,3,0.4045,0.5286,0.0669,Medio,1,33.1
Iztapalapa,Madrugada (00-05),Miércoles,8,1,0,3,0.4098,0.4719,0.1183,Medio,1,35.4
Iztapalapa,Mañana (06-11),Miércoles,8,0,0,3,0.0191,0.1175,0.8634,Alto,2,92.2
Iztapalapa,Mañana (06-11),Miércoles,8,1,0,3,0.0148,0.0592,0.926,Alto,2,95.6
Iztapalapa,Noche (18-23),Miércoles,8,0,0,3,0.0027,0.0259,0.9714,Alto,2,98.4
Iztapalapa,Noche (18-23),Miércoles,8,1,0,3,0.0026,0.0245,0.9729,Alto,2,98.5
Iztapalapa,Tarde (12-17),Miércoles,8,0,0,3,0.0108,0.071,0.9182,Alto,2,95.4
Iztapalapa,Tarde (12-17),Miércoles,8,1,0,3,0.0077,0.0351,0.9572,Alto,2,97.5
Iztapalapa,Madrugada (00-05),Sábado,8,0,1,3,0.0034,0.1199,0.8767,Alto,2,93.7
Iztapalapa,Madrugada (00-05),Sábado,8,1,1,3,0.0021,0.0636,0.9343,Alto,2,96.6
Iztapalapa,Mañana (06-11),Sábado,8,0,1,3,0.0015,0.1483,0.8502,Alto,2,92.4
Iztapalapa,Mañana (06-11),Sábado,8,1,1,3,0.0013,0.0749,0.9238,Alto,2,96.1
Iztapalapa,Noche (18-23),Sábado,8,0,1,3,0.0005,0.0179,0.9816,Alto,2,99.1
Iztapalapa,Noche (18-23),Sábado,8,1,1,3,0.0005,0.0611,0.9384,Alto,2,96.9
Iztapalapa,Tarde (12-17),Sábado,8,0,1,3,0.0005,0.0137,0.9858,Alto,2,99.3
Iztapalapa,Tarde (12-17),Sábado,8,1,1,3,0.0004,0.0071,0.9925,Alto,2,99.6
Iztapalapa,Madrugada (00-05),Viernes,8,0,0,3,0.1311,0.6632,0.2058,Medio,1,53.7
Iztapalapa,Madrugada (00-05),Viernes,8,1,0,3,0.0998,0.6407,0.2595,Medio,1,58.0
Iztapalapa,Mañana (06-11),Viernes,8,0,0,3,0.0117,0.1932,0.7951,Alto,2,89.2
Iztapalapa,Mañana (06-11),Viernes,8,1,0,3,0.008,0.1058,0.8862,Alto,2,93.9
Iztapalapa,Noche (18-23),Viernes,8,0,0,3,0.0005,0.0049,0.9946,Alto,2,99.7
Iztapalapa,Noche (18-23),Viernes,8,1,0,3,0.0006,0.0081,0.9914,Alto,2,99.5
Iztapalapa,Tarde (12-17),Viernes,8,0,0,3,0.0059,0.0444,0.9496,Alto,2,97.2
Iztapalapa,Tarde (12-17),Viernes,8,1,0,3,0.0043,0.0315,0.9642,Alto,2,98.0
Iztapalapa,Madrugada (00-05),Domingo,9,0,1,3,0.0055,0.0688,0.9257,Alto,2,96.0
Iztapalapa,Madrugada (00-05),Domingo,9,1,1,3,0.0047,0.0569,0.9384,Alto,2,96.7
Iztapalapa,Mañana (06-11),Domingo,9,0,1,3,0.0029,0.1592,0.8379,Alto,2,91.7
Iztapalapa,Mañana (06-11),Domingo,9,1,1,3,0.0027,0.111,0.8863,Alto,2,94.2
Iztapalapa,Noche (18-23),Domingo,9,0,1,3,0.0008,0.0171,0.9821,Alto,2,99.1
Iztapalapa,Noche (18-23),Domingo,9,1,1,3,0.0011,0.0821,0.9168,Alto,2,95.8
Iztapalapa,Tarde (12-17),Domingo,9,0,1,3,0.0019,0.0252,0.973,Alto,2,98.6
Iztapalapa,Tarde (12-17),Domingo,9,1,1,3,0.0018,0.0213,0.9769,Alto,2,98.8
Iztapalapa,Madrugada (00-05),Jueves,9,0,0,3,0.1248,0.5704,0.3048,Medio,1,59.0
Iztapalapa,Madrugada (00-05),Jueves,9,1,0,3,0.0988,0.6786,0.2227,Medio,1,56.2
Iztapalapa,Mañana (06-11),Jueves,9,0,0,3,0.0012,0.0193,0.9795,Alto,2,98.9
Iztapalapa,Mañana (06-11),Jueves,9,1,0,3,0.002,0.0331,0.9649,Alto,2,98.1
Iztapalapa,Noche (18-23),Jueves,9,0,0,3,0.0006,0.005,0.9945,Alto,2,99.7
Iztapalapa,Noche (18-23),Jueves,9,1,0,3,0.0008,0.0186,0.9806,Alto,2,99.0
Iztapalapa,Tarde (12-17),Jueves,9,0,0,3,0.0022,0.0175,0.9803,Alto,2,98.9
Iztapalapa,Tarde (12-17),Jueves,9,1,0,3,0.0033,0.0265,0.9702,Alto,2,98.3
Iztapalapa,Madrugada (00-05),Lunes,9,0,0,3,0.1954,0.58,0.2245,Medio,1,51.5
Iztapalapa,Madrugada (00-05),Lunes,9,1,0,3,0.1821,0.5606,0.2573,Medio,1,53.8
Iztapalapa,Mañana (06-11),Lunes,9,0,0,3,0.0044,0.0497,0.9459,Alto,2,97.1
Iztapalapa,Mañana (06-11),Lunes,9,1,0,3,0.0085,0.0429,0.9486,Alto,2,97.0
Iztapalapa,Noche (18-23),Lunes,9,0,0,3,0.0018,0.0103,0.9879,Alto,2,99.3
Iztapalapa,Noche (18-23),Lunes,9,1,0,3,0.0025,0.0284,0.9691,Alto,2,98.3
Iztapalapa,Tarde (12-17),Lunes,9,0,0,3,0.0047,0.0245,0.9708,Alto,2,98.3
Iztapalapa,Tarde (12-17),Lunes,9,1,0,3,0.005,0.0227,0.9723,Alto,2,98.4
Iztapalapa,Madrugada (00-05),Martes,9,0,0,3,0.3158,0.5855,0.0987,Medio,1,39.1
Iztapalapa,Madrugada (00-05),Martes,9,1,0,3,0.3408,0.5945,0.0648,Medio,1,36.2
Iztapalapa,Mañana (06-11),Martes,9,0,0,3,0.0032,0.0524,0.9444,Alto,2,97.1
Iztapalapa,Mañana (06-11),Martes,9,1,0,3,0.0053,0.0673,0.9275,Alto,2,96.1
Iztapalapa,Noche (18-23),Martes,9,0,0,3,0.0034,0.0116,0.9849,Alto,2,99.1
Iztapalapa,Noche (18-23),Martes,9,1,0,3,0.0048,0.0338,0.9614,Alto,2,97.8
Iztapalapa,Tarde (12-17),Martes,9,0,0,3,0.0115,0.0518,0.9367,Alto,2,96.3
Iztapalapa,Tarde (12-17),Martes,9,1,0,3,0.0157,0.0846,0.8997,Alto,2,94.2
Iztapalapa,Madrugada (00-05),Miércoles,9,0,0,3,0.4022,0.508,0.0898,Medio,1,34.4
Iztapalapa,Madrugada (00-05),Miércoles,9,1,0,3,0.3588,0.5317,0.1095,Medio,1,37.5
Iztapalapa,Mañana (06-11),Miércoles,9,0,0,3,0.0068,0.0418,0.9515,Alto,2,97.2
Iztapalapa,Mañana (06-11),Miércoles,9,1,0,3,0.0077,0.0393,0.953,Alto,2,97.3
Iztapalapa,Noche (18-23),Miércoles,9,0,0,3,0.0023,0.0205,0.9773,Alto,2,98.7
Iztapalapa,Noche (18-23),Miércoles,9,1,0,3,0.0027,0.0309,0.9664,Alto,2,98.2
Iztapalapa,Tarde (12-17),Miércoles,9,0,0,3,0.0062,0.0393,0.9544,Alto,2,97.4
Iztapalapa,Tarde (12-17),Miércoles,9,1,0,3,0.0056,0.0343,0.9601,Alto,2,97.7
Iztapalapa,Madrugada (00-05),Sábado,9,0,1,3,0.0031,0.0946,0.9023,Alto,2,95.0
Iztapalapa,Madrugada (00-05),Sábado,9,1,1,3,0.0023,0.0679,0.9298,Alto,2,96.4
Iztapalapa,Mañana (06-11),Sábado,9,0,1,3,0.0011,0.081,0.9179,Alto,2,95.8
Iztapalapa,Mañana (06-11),Sábado,9,1,1,3,0.0011,0.0635,0.9354,Alto,2,96.7
Iztapalapa,Noche (18-23),Sábado,9,0,1,3,0.0005,0.0163,0.9832,Alto,2,99.1
Iztapalapa,Noche (18-23),Sábado,9,1,1,3,0.0006,0.0781,0.9213,Alto,2,96.0
Iztapalapa,Tarde (12-17),Sábado,9,0,1,3,0.0005,0.0111,0.9884,Alto,2,99.4
Iztapalapa,Tarde (12-17),Sábado,9,1,1,3,0.0004,0.0082,0.9914,Alto,2,99.5
Iztapalapa,Madrugada (00-05),Viernes,9,0,0,3,0.1341,0.688,0.1778,Medio,1,52.2
Iztapalapa,Madrugada (00-05),Viernes,9,1,0,3,0.1066,0.6922,0.2011,Medio,1,54.7
Iztapalapa,Mañana (06-11),Viernes,9,0,0,3,0.0056,0.0822,0.9122,Alto,2,95.3
Iztapalapa,Mañana (06-11),Viernes,9,1,0,3,0.0051,0.072,0.9229,Alto,2,95.9
Iztapalapa,Noche (18-23),Viernes,9,0,0,3,0.0007,0.0072,0.9921,Alto,2,99.6
Iztapalapa,Noche (18-23),Viernes,9,1,0,3,0.0008,0.0131,0.9861,Alto,2,99.3
Iztapalapa,Tarde (12-17),Viernes,9,0,0,3,0.0047,0.052,0.9433,Alto,2,96.9
Iztapalapa,Tarde (12-17),Viernes,9,1,0,3,0.0039,0.0425,0.9536,Alto,2,97.5
Iztapalapa,Madrugada (00-05),Domingo,10,0,1,4,0.0047,0.0664,0.9289,Alto,2,96.2
Iztapalapa,Madrugada (00-05),Domingo,10,1,1,4,0.0037,0.0544,0.9419,Alto,2,96.9
Iztapalapa,Mañana (06-11),Domingo,10,0,1,4,0.0031,0.1846,0.8123,Alto,2,90.5
Iztapalapa,Mañana (06-11),Domingo,10,1,1,4,0.0025,0.1249,0.8726,Alto,2,93.5
Iztapalapa,Noche (18-23),Domingo,10,0,1,4,0.0006,0.0127,0.9867,Alto,2,99.3
Iztapalapa,Noche (18-23),Domingo,10,1,1,4,0.0007,0.0523,0.947,Alto,2,97.3
Iztapalapa,Tarde (12-17),Domingo,10,0,1,4,0.0012,0.0152,0.9836,Alto,2,99.1
Iztapalapa,Tarde (12-17),Domingo,10,1,1,4,0.0011,0.012,0.987,Alto,2,99.3
Iztapalapa,Madrugada (00-05),Jueves,10,0,0,4,0.0915,0.5612,0.3472,Medio,1,62.8
Iztapalapa,Madrugada (00-05),Jueves,10,1,0,4,0.0738,0.6564,0.2698,Medio,1,59.8
Iztapalapa,Mañana (06-11),Jueves,10,0,0,4,0.0009,0.0202,0.9789,Alto,2,98.9
Iztapalapa,Mañana (06-11),Jueves,10,1,0,4,0.0014,0.0312,0.9674,Alto,2,98.3
Iztapalapa,Noche (18-23),Jueves,10,0,0,4,0.0004,0.0036,0.996,Alto,2,99.8
Iztapalapa,Noche (18-23),Jueves,10,1,0,4,0.0005,0.011,0.9885,Alto,2,99.4
Iztapalapa,Tarde (12-17),Jueves,10,0,0,4,0.001,0.0083,0.9907,Alto,2,99.5
Iztapalapa,Tarde (12-17),Jueves,10,1,0,4,0.0014,0.0112,0.9874,Alto,2,99.3
Iztapalapa,Madrugada (00-05),Lunes,10,0,0,4,0.2138,0.4893,0.2968,Medio,1,54.1
Iztapalapa,Madrugada (00-05),Lunes,10,1,0,4,0.1658,0.5368,0.2974,Medio,1,56.6
Iztapalapa,Mañana (06-11),Lunes,10,0,0,4,0.0047,0.0409,0.9545,Alto,2,97.5
Iztapalapa,Mañana (06-11),Lunes,10,1,0,4,0.0083,0.045,0.9468,Alto,2,96.9
Iztapalapa,Noche (18-23),Lunes,10,0,0,4,0.0012,0.0055,0.9933,Alto,2,99.6
Iztapalapa,Noche (18-23),Lunes,10,1,0,4,0.0015,0.0149,0.9836,Alto,2,99.1
Iztapalapa,Tarde (12-17),Lunes,10,0,0,4,0.0027,0.0091,0.9881,Alto,2,99.3
Iztapalapa,Tarde (12-17),Lunes,10,1,0,4,0.0027,0.0104,0.9869,Alto,2,99.2
Iztapalapa,Madrugada (00-05),Martes,10,0,0,4,0.3297,0.5533,0.117,Medio,1,39.4
Iztapalapa,Madrugada (00-05),Martes,10,1,0,4,0.3613,0.5347,0.104,Medio,1,37.1
Iztapalapa,Mañana (06-11),Martes,10,0,0,4,0.0026,0.0443,0.9531,Alto,2,97.5
Iztapalapa,Mañana (06-11),Martes,10,1,0,4,0.0034,0.0401,0.9565,Alto,2,97.7
Iztapalapa,Noche (18-23),Martes,10,0,0,4,0.0027,0.0079,0.9895,Alto,2,99.3
Iztapalapa,Noche (18-23),Martes,10,1,0,4,0.0027,0.0149,0.9824,Alto,2,99.0
Iztapalapa,Tarde (12-17),Martes,10,0,0,4,0.0067,0.0224,0.9709,Alto,2,98.2
Iztapalapa,Tarde (12-17),Martes,10,1,0,4,0.0077,0.0255,0.9668,Alto,2,98.0
Iztapalapa,Madrugada (00-05),Miércoles,10,0,0,4,0.2911,0.5782,0.1307,Medio,1,42.0
Iztapalapa,Madrugada (00-05),Miércoles,10,1,0,4,0.2453,0.6064,0.1482,Medio,1,45.1
Iztapalapa,Mañana (06-11),Miércoles,10,0,0,4,0.0057,0.0473,0.9471,Alto,2,97.1
Iztapalapa,Mañana (06-11),Miércoles,10,1,0,4,0.0051,0.0351,0.9598,Alto,2,97.7
Iztapalapa,Noche (18-23),Miércoles,10,0,0,4,0.0012,0.0139,0.9849,Alto,2,99.2
Iztapalapa,Noche (18-23),Miércoles,10,1,0,4,0.0012,0.0178,0.981,Alto,2,99.0
Iztapalapa,Tarde (12-17),Miércoles,10,0,0,4,0.003,0.0177,0.9792,Alto,2,98.8
Iztapalapa,Tarde (12-17),Miércoles,10,1,0,4,0.0025,0.0163,0.9812,Alto,2,98.9
Iztapalapa,Madrugada (00-05),Sábado,10,0,1,4,0.0026,0.0549,0.9425,Alto,2,97.0
Iztapalapa,Madrugada (00-05),Sábado,10,1,1,4,0.0017,0.0397,0.9586,Alto,2,97.8
Iztapalapa,Mañana (06-11),Sábado,10,0,1,4,0.0013,0.1032,0.8955,Alto,2,94.7
Iztapalapa,Mañana (06-11),Sábado,10,1,1,4,0.0011,0.0801,0.9188,Alto,2,95.9
Iztapalapa,Noche (18-23),Sábado,10,0,1,4,0.0003,0.0074,0.9923,Alto,2,99.6
Iztapalapa,Noche (18-23),Sábado,10,1,1,4,0.0004,0.0306,0.9691,Alto,2,98.4
Iztapalapa,Tarde (12-17),Sábado,10,0,1,4,0.0003,0.0056,0.9941,Alto,2,99.7
Iztapalapa,Tarde (12-17),Sábado,10,1,1,4,0.0002,0.0041,0.9957,Alto,2,99.8
Iztapalapa,Madrugada (00-05),Viernes,10,0,0,4,0.1335,0.6851,0.1814,Medio,1,52.4
Iztapalapa,Madrugada (00-05),Viernes,10,1,0,4,0.1008,0.6895,0.2098,Medio,1,55.5
Iztapalapa,Mañana (06-11),Viernes,10,0,0,4,0.0056,0.068,0.9264,Alto,2,96.0
Iztapalapa,Mañana (06-11),Viernes,10,1,0,4,0.0046,0.0561,0.9393,Alto,2,96.7
Iztapalapa,Noche (18-23),Viernes,10,0,0,4,0.0004,0.0041,0.9955,Alto,2,99.8
Iztapalapa,Noche (18-23),Viernes,10,1,0,4,0.0004,0.0063,0.9933,Alto,2,99.6
Iztapalapa,Tarde (12-17),Viernes,10,0,0,4,0.0033,0.033,0.9637,Alto,2,98.0
Iztapalapa,Tarde (12-17),Viernes,10,1,0,4,0.0026,0.0269,0.9705,Alto,2,98.4
Iztapalapa,Madrugada (00-05),Domingo,11,0,1,4,0.0255,0.139,0.8354,Alto,2,90.5
Iztapalapa,Madrugada (00-05),Domingo,11,1,1,4,0.0148,0.0785,0.9067,Alto,2,94.6
Iztapalapa,Mañana (06-11),Domingo,11,0,1,4,0.0071,0.315,0.6778,Alto,2,83.5
Iztapalapa,Mañana (06-11),Domingo,11,1,1,4,0.0053,0.1628,0.8319,Alto,2,91.3
Iztapalapa,Noche (18-23),Domingo,11,0,1,4,0.0026,0.0255,0.9719,Alto,2,98.5
Iztapalapa,Noche (18-23),Domingo,11,1,1,4,0.002,0.0736,0.9244,Alto,2,96.1
Iztapalapa,Tarde (12-17),Domingo,11,0,1,4,0.0053,0.0266,0.9681,Alto,2,98.1
Iztapalapa,Tarde (12-17),Domingo,11,1,1,4,0.0033,0.0141,0.9826,Alto,2,99.0
Iztapalapa,Madrugada (00-05),Jueves,11,0,0,4,0.1195,0.5982,0.2823,Medio,1,58.1
Iztapalapa,Madrugada (00-05),Jueves,11,1,0,4,0.0965,0.693,0.2104,Medio,1,55.7
Iztapalapa,Mañana (06-11),Jueves,11,0,0,4,0.0012,0.0331,0.9657,Alto,2,98.2
Iztapalapa,Mañana (06-11),Jueves,11,1,0,4,0.0019,0.0484,0.9497,Alto,2,97.4
Iztapalapa,Noche (18-23),Jueves,11,0,0,4,0.0006,0.0047,0.9947,Alto,2,99.7
Iztapalapa,Noche (18-23),Jueves,11,1,0,4,0.0007,0.0147,0.9846,Alto,2,99.2
Iztapalapa,Tarde (12-17),Jueves,11,0,0,4,0.0016,0.0111,0.9873,Alto,2,99.3
Iztapalapa,Tarde (12-17),Jueves,11,1,0,4,0.0023,0.0156,0.9821,Alto,2,99.0
Iztapalapa,Madrugada (00-05),Lunes,11,0,0,4,0.3002,0.5387,0.1611,Medio,1,43.0
Iztapalapa,Madrugada (00-05),Lunes,11,1,0,4,0.2171,0.5569,0.226,Medio,1,50.4
Iztapalapa,Mañana (06-11),Lunes,11,0,0,4,0.007,0.0855,0.9075,Alto,2,95.0
Iztapalapa,Mañana (06-11),Lunes,11,1,0,4,0.0101,0.0761,0.9138,Alto,2,95.2
Iztapalapa,Noche (18-23),Lunes,11,0,0,4,0.0031,0.0109,0.9859,Alto,2,99.1
Iztapalapa,Noche (18-23),Lunes,11,1,0,4,0.0024,0.0212,0.9764,Alto,2,98.7
Iztapalapa,Tarde (12-17),Lunes,11,0,0,4,0.0066,0.0186,0.9748,Alto,2,98.4
Iztapalapa,Tarde (12-17),Lunes,11,1,0,4,0.0045,0.015,0.9805,Alto,2,98.8
Iztapalapa,Madrugada (00-05),Martes,11,0,0,4,0.4181,0.5063,0.0756,Medio,1,32.9
Iztapalapa,Madrugada (00-05),Martes,11,1,0,4,0.4751,0.433,0.0919,Bajo,0,30.8
Iztapalapa,Mañana (06-11),Martes,11,0,0,4,0.0034,0.0607,0.9359,Alto,2,96.6
Iztapalapa,Mañana (06-11),Martes,11,1,0,4,0.0037,0.0366,0.9597,Alto,2,97.8
Iztapalapa,Noche (18-23),Martes,11,0,0,4,0.0052,0.011,0.9838,Alto,2,98.9
Iztapalapa,Noche (18-23),Martes,11,1,0,4,0.004,0.0144,0.9816,Alto,2,98.9
Iztapalapa,Tarde (12-17),Martes,11,0,0,4,0.0119,0.0283,0.9599,Alto,2,97.4
Iztapalapa,Tarde (12-17),Martes,11,1,0,4,0.0101,0.0218,0.9681,Alto,2,97.9
Iztapalapa,Madrugada (00-05),Miércoles,11,0,0,4,0.3999,0.5404,0.0597,Medio,1,33.0
Iztapalapa,Madrugada (00-05),Miércoles,11,1,0,4,0.3346,0.544,0.1214,Medio,1,39.3
Iztapalapa,Mañana (06-11),Miércoles,11,0,0,4,0.0117,0.1033,0.885,Alto,2,93.7
Iztapalapa,Mañana (06-11),Miércoles,11,1,0,4,0.0063,0.0424,0.9514,Alto,2,97.3
Iztapalapa,Noche (18-23),Miércoles,11,0,0,4,0.0035,0.0259,0.9706,Alto,2,98.4
Iztapalapa,Noche (18-23),Miércoles,11,1,0,4,0.002,0.0196,0.9784,Alto,2,98.8
Iztapalapa,Tarde (12-17),Miércoles,11,0,0,4,0.0089,0.037,0.9541,Alto,2,97.3
Iztapalapa,Tarde (12-17),Miércoles,11,1,0,4,0.0042,0.0186,0.9772,Alto,2,98.6
Iztapalapa,Madrugada (00-05),Sábado,11,0,1,4,0.0115,0.0973,0.8912,Alto,2,94.0
Iztapalapa,Madrugada (00-05),Sábado,11,1,1,4,0.0051,0.0468,0.9481,Alto,2,97.1
Iztapalapa,Mañana (06-11),Sábado,11,0,1,4,0.0031,0.1835,0.8134,Alto,2,90.5
Iztapalapa,Mañana (06-11),Sábado,11,1,1,4,0.0021,0.1013,0.8967,Alto,2,94.7
Iztapalapa,Noche (18-23),Sábado,11,0,1,4,0.0013,0.0135,0.9852,Alto,2,99.2
Iztapalapa,Noche (18-23),Sábado,11,1,1,4,0.001,0.0392,0.9599,Alto,2,97.9
Iztapalapa,Tarde (12-17),Sábado,11,0,1,4,0.0015,0.0109,0.9875,Alto,2,99.3
Iztapalapa,Tarde (12-17),Sábado,11,1,1,4,0.0007,0.005,0.9943,Alto,2,99.7
Iztapalapa,Madrugada (00-05),Viernes,11,0,0,4,0.2398,0.6583,0.1019,Medio,1,43.1
Iztapalapa,Madrugada (00-05),Viernes,11,1,0,4,0.1933,0.6346,0.1721,Medio,1,48.9
Iztapalapa,Mañana (06-11),Viernes,11,0,0,4,0.0092,0.109,0.8818,Alto,2,93.6
Iztapalapa,Mañana (06-11),Viernes,11,1,0,4,0.0062,0.0618,0.932,Alto,2,96.3
Iztapalapa,Noche (18-23),Viernes,11,0,0,4,0.0017,0.0089,0.9893,Alto,2,99.4
Iztapalapa,Noche (18-23),Viernes,11,1,0,4,0.0014,0.0096,0.989,Alto,2,99.4
Iztapalapa,Tarde (12-17),Viernes,11,0,0,4,0.0104,0.06,0.9296,Alto,2,96.0
Iztapalapa,Tarde (12-17),Viernes,11,1,0,4,0.0063,0.0335,0.9602,Alto,2,97.7
Iztapalapa,Madrugada (00-05),Domingo,12,0,1,4,0.0301,0.0631,0.9068,Alto,2,93.8
Iztapalapa,Madrugada (00-05),Domingo,12,1,1,4,0.0519,0.093,0.8551,Alto,2,90.2
Iztapalapa,Mañana (06-11),Domingo,12,0,1,4,0.0111,0.2097,0.7792,Alto,2,88.4
Iztapalapa,Mañana (06-11),Domingo,12,1,1,4,0.032,0.422,0.546,Alto,2,75.7
Iztapalapa,Noche (18-23),Domingo,12,0,1,4,0.0028,0.0104,0.9868,Alto,2,99.2
Iztapalapa,Noche (18-23),Domingo,12,1,1,4,0.0054,0.0574,0.9372,Alto,2,96.6
Iztapalapa,Tarde (12-17),Domingo,12,0,1,4,0.0046,0.0092,0.9862,Alto,2,99.1
Iztapalapa,Tarde (12-17),Domingo,12,1,1,4,0.0103,0.0152,0.9745,Alto,2,98.2
Iztapalapa,Madrugada (00-05),Jueves,12,0,0,4,0.0747,0.613,0.3123,Medio,1,61.9
Iztapalapa,Madrugada (00-05),Jueves,12,1,0,4,0.0518,0.5827,0.3656,Medio,1,65.7
Iztapalapa,Mañana (06-11),Jueves,12,0,0,4,0.0012,0.04,0.9588,Alto,2,97.9
Iztapalapa,Mañana (06-11),Jueves,12,1,0,4,0.0026,0.0756,0.9218,Alto,2,96.0
Iztapalapa,Noche (18-23),Jueves,12,0,0,4,0.0006,0.0056,0.9938,Alto,2,99.7
Iztapalapa,Noche (18-23),Jueves,12,1,0,4,0.0004,0.0082,0.9915,Alto,2,99.6
Iztapalapa,Tarde (12-17),Jueves,12,0,0,4,0.0013,0.0119,0.9868,Alto,2,99.3
Iztapalapa,Tarde (12-17),Jueves,12,1,0,4,0.0012,0.0087,0.9901,Alto,2,99.4
Iztapalapa,Madrugada (00-05),Lunes,12,0,0,4,0.1501,0.3897,0.4602,Alto,2,65.5
Iztapalapa,Madrugada (00-05),Lunes,12,1,0,4,0.0925,0.4261,0.4813,Alto,2,69.4
Iztapalapa,Mañana (06-11),Lunes,12,0,0,4,0.0021,0.0269,0.9711,Alto,2,98.5
Iztapalapa,Mañana (06-11),Lunes,12,1,0,4,0.0074,0.0637,0.9289,Alto,2,96.1
Iztapalapa,Noche (18-23),Lunes,12,0,0,4,0.0017,0.004,0.9942,Alto,2,99.6
Iztapalapa,Noche (18-23),Lunes,12,1,0,4,0.0008,0.0092,0.99,Alto,2,99.5
Iztapalapa,Tarde (12-17),Lunes,12,0,0,4,0.0016,0.007,0.9914,Alto,2,99.5
Iztapalapa,Tarde (12-17),Lunes,12,1,0,4,0.0013,0.0078,0.9909,Alto,2,99.5
Iztapalapa,Madrugada (00-05),Martes,12,0,0,4,0.2275,0.58,0.1925,Medio,1,48.2
Iztapalapa,Madrugada (00-05),Martes,12,1,0,4,0.2501,0.5025,0.2474,Medio,1,49.9
Iztapalapa,Mañana (06-11),Martes,12,0,0,4,0.0019,0.0473,0.9507,Alto,2,97.4
Iztapalapa,Mañana (06-11),Martes,12,1,0,4,0.005,0.0683,0.9267,Alto,2,96.1
Iztapalapa,Noche (18-23),Martes,12,0,0,4,0.0024,0.0075,0.9901,Alto,2,99.4
Iztapalapa,Noche (18-23),Martes,12,1,0,4,0.0015,0.0074,0.9911,Alto,2,99.5
Iztapalapa,Tarde (12-17),Martes,12,0,0,4,0.0045,0.0174,0.9781,Alto,2,98.7
Iztapalapa,Tarde (12-17),Martes,12,1,0,4,0.0038,0.0127,0.9835,Alto,2,99.0
Iztapalapa,Madrugada (00-05),Miércoles,12,0,0,4,0.3087,0.5366,0.1547,Medio,1,42.3
Iztapalapa,Madrugada (00-05),Miércoles,12,1,0,4,0.2036,0.6272,0.1691,Medio,1,48.3
Iztapalapa,Mañana (06-11),Miércoles,12,0,0,4,0.0047,0.0413,0.9539,Alto,2,97.5
Iztapalapa,Mañana (06-11),Miércoles,12,1,0,4,0.009,0.0713,0.9197,Alto,2,95.5
Iztapalapa,Noche (18-23),Miércoles,12,0,0,4,0.0021,0.0147,0.9832,Alto,2,99.1
Iztapalapa,Noche (18-23),Miércoles,12,1,0,4,0.0015,0.018,0.9806,Alto,2,99.0
Iztapalapa,Tarde (12-17),Miércoles,12,0,0,4,0.004,0.0177,0.9783,Alto,2,98.7
Iztapalapa,Tarde (12-17),Miércoles,12,1,0,4,0.0029,0.0186,0.9785,Alto,2,98.8
Iztapalapa,Madrugada (00-05),Sábado,12,0,1,4,0.0053,0.0238,0.9709,Alto,2,98.3
Iztapalapa,Madrugada (00-05),Sábado,12,1,1,4,0.0055,0.0244,0.9701,Alto,2,98.2
Iztapalapa,Mañana (06-11),Sábado,12,0,1,4,0.0019,0.0452,0.9529,Alto,2,97.5
Iztapalapa,Mañana (06-11),Sábado,12,1,1,4,0.0048,0.1159,0.8793,Alto,2,93.7
Iztapalapa,Noche (18-23),Sábado,12,0,1,4,0.0008,0.0035,0.9957,Alto,2,99.7
Iztapalapa,Noche (18-23),Sábado,12,1,1,4,0.0011,0.0164,0.9825,Alto,2,99.1
Iztapalapa,Tarde (12-17),Sábado,12,0,1,4,0.0005,0.002,0.9974,Alto,2,99.8
Iztapalapa,Tarde (12-17),Sábado,12,1,1,4,0.0007,0.0025,0.9968,Alto,2,99.8
Iztapalapa,Madrugada (00-05),Viernes,12,0,0,4,0.0661,0.2699,0.6641,Alto,2,79.9
Iztapalapa,Madrugada (00-05),Viernes,12,1,0,4,0.0475,0.3021,0.6504,Alto,2,80.1
Iztapalapa,Mañana (06-11),Viernes,12,0,0,4,0.0012,0.0132,0.9855,Alto,2,99.2
Iztapalapa,Mañana (06-11),Viernes,12,1,0,4,0.0023,0.0241,0.9736,Alto,2,98.6
Iztapalapa,Noche (18-23),Viernes,12,0,0,4,0.0002,0.0011,0.9987,Alto,2,99.9
Iztapalapa,Noche (18-23),Viernes,12,1,0,4,0.0002,0.0022,0.9976,Alto,2,99.9
Iztapalapa,Tarde (12-17),Viernes,12,0,0,4,0.0008,0.0069,0.9922,Alto,2,99.6
Iztapalapa,Tarde (12-17),Viernes,12,1,0,4,0.0008,0.0071,0.9921,Alto,2,99.6
La Magdalena Contreras,Madrugada (00-05),Domingo,1,0,1,1,0.8315,0.1662,0.0023,Bajo,0,8.5
La Magdalena Contreras,Madrugada (00-05),Domingo,1,1,1,1,0.7347,0.2624,0.0029,Bajo,0,13.4
La Magdalena Contreras,Mañana (06-11),Domingo,1,0,1,1,0.9175,0.0817,0.0008,Bajo,0,4.2
La Magdalena Contreras,Mañana (06-11),Domingo,1,1,1,1,0.8469,0.152,0.001,Bajo,0,7.7
La Magdalena Contreras,Noche (18-23),Domingo,1,0,1,1,0.6855,0.284,0.0305,Bajo,0,17.2
La Magdalena Contreras,Noche (18-23),Domingo,1,1,1,1,0.6102,0.3625,0.0274,Bajo,0,20.9
La Magdalena Contreras,Tarde (12-17),Domingo,1,0,1,1,0.7926,0.2037,0.0036,Bajo,0,10.6
La Magdalena Contreras,Tarde (12-17),Domingo,1,1,1,1,0.6611,0.3345,0.0044,Bajo,0,17.2
La Magdalena Contreras,Madrugada (00-05),Jueves,1,0,0,1,0.9705,0.0294,1e-04,Bajo,0,1.5
La Magdalena Contreras,Madrugada (00-05),Jueves,1,1,0,1,0.9627,0.0372,1e-04,Bajo,0,1.9
La Magdalena Contreras,Mañana (06-11),Jueves,1,0,0,1,0.8086,0.1891,0.0023,Bajo,0,9.7
La Magdalena Contreras,Mañana (06-11),Jueves,1,1,0,1,0.7255,0.272,0.0024,Bajo,0,13.8
La Magdalena Contreras,Noche (18-23),Jueves,1,0,0,1,0.7618,0.2258,0.0124,Bajo,0,12.5
La Magdalena Contreras,Noche (18-23),Jueves,1,1,0,1,0.7289,0.2655,0.0056,Bajo,0,13.8
La Magdalena Contreras,Tarde (12-17),Jueves,1,0,0,1,0.7312,0.2656,0.0032,Bajo,0,13.6
La Magdalena Contreras,Tarde (12-17),Jueves,1,1,0,1,0.6957,0.3014,0.0029,Bajo,0,15.4
La Magdalena Contreras,Madrugada (00-05),Lunes,1,0,0,1,0.9665,0.033,0.0004,Bajo,0,1.7
La Magdalena Contreras,Madrugada (00-05),Lunes,1,1,0,1,0.9504,0.0491,0.0005,Bajo,0,2.5
La Magdalena Contreras,Mañana (06-11),Lunes,1,0,0,1,0.8604,0.1332,0.0065,Bajo,0,7.3
La Magdalena Contreras,Mañana (06-11),Lunes,1,1,0,1,0.7713,0.2212,0.0075,Bajo,0,11.8
La Magdalena Contreras,Noche (18-23),Lunes,1,0,0,1,0.7459,0.2447,0.0094,Bajo,0,13.2
La Magdalena Contreras,Noche (18-23),Lunes,1,1,0,1,0.6574,0.3361,0.0065,Bajo,0,17.5
La Magdalena Contreras,Tarde (12-17),Lunes,1,0,0,1,0.8329,0.1565,0.0106,Bajo,0,8.9
La Magdalena Contreras,Tarde (12-17),Lunes,1,1,0,1,0.7321,0.2568,0.0111,Bajo,0,13.9
La Magdalena Contreras,Madrugada (00-05),Martes,1,0,0,1,0.9855,0.0144,1e-04,Bajo,0,0.7
La Magdalena Contreras,Madrugada (00-05),Martes,1,1,0,1,0.981,0.0189,1e-04,Bajo,0,1.0
La Magdalena Contreras,Mañana (06-11),Martes,1,0,0,1,0.8613,0.1364,0.0023,Bajo,0,7.1
La Magdalena Contreras,Mañana (06-11),Martes,1,1,0,1,0.7788,0.2183,0.0029,Bajo,0,11.2
La Magdalena Contreras,Noche (18-23),Martes,1,0,0,1,0.7459,0.2451,0.009,Bajo,0,13.2
La Magdalena Contreras,Noche (18-23),Martes,1,1,0,1,0.7415,0.2534,0.0051,Bajo,0,13.2
La Magdalena Contreras,Tarde (12-17),Martes,1,0,0,1,0.8788,0.1177,0.0036,Bajo,0,6.2
La Magdalena Contreras,Tarde (12-17),Martes,1,1,0,1,0.7946,0.2017,0.0037,Bajo,0,10.5
La Magdalena Contreras,Madrugada (00-05),Miércoles,1,0,0,1,0.9599,0.0399,0.0002,Bajo,0,2.0
La Magdalena Contreras,Madrugada (00-05),Miércoles,1,1,0,1,0.9592,0.0406,0.0002,Bajo,0,2.0
La Magdalena Contreras,Mañana (06-11),Miércoles,1,0,0,1,0.6826,0.3117,0.0057,Bajo,0,16.2
La Magdalena Contreras,Mañana (06-11),Miércoles,1,1,0,1,0.6536,0.3405,0.0059,Bajo,0,17.6
La Magdalena Contreras,Noche (18-23),Miércoles,1,0,0,1,0.443,0.538,0.019,Medio,1,28.8
La Magdalena Contreras,Noche (18-23),Miércoles,1,1,0,1,0.5291,0.4641,0.0068,Bajo,0,23.9
La Magdalena Contreras,Tarde (12-17),Miércoles,1,0,0,1,0.7102,0.2754,0.0144,Bajo,0,15.2
La Magdalena Contreras,Tarde (12-17),Miércoles,1,1,0,1,0.6821,0.3047,0.0132,Bajo,0,16.6
La Magdalena Contreras,Madrugada (00-05),Sábado,1,0,1,1,0.8408,0.1565,0.0026,Bajo,0,8.1
La Magdalena Contreras,Madrugada (00-05),Sábado,1,1,1,1,0.807,0.1896,0.0034,Bajo,0,9.8
La Magdalena Contreras,Mañana (06-11),Sábado,1,0,1,1,0.8968,0.1012,0.002,Bajo,0,5.3
La Magdalena Contreras,Mañana (06-11),Sábado,1,1,1,1,0.8452,0.1525,0.0022,Bajo,0,7.8
La Magdalena Contreras,Noche (18-23),Sábado,1,0,1,1,0.7022,0.2843,0.0135,Bajo,0,15.6
La Magdalena Contreras,Noche (18-23),Sábado,1,1,1,1,0.6811,0.2995,0.0195,Bajo,0,16.9
La Magdalena Contreras,Tarde (12-17),Sábado,1,0,1,1,0.7358,0.2512,0.013,Bajo,0,13.9
La Magdalena Contreras,Tarde (12-17),Sábado,1,1,1,1,0.6328,0.3508,0.0164,Bajo,0,19.2
La Magdalena Contreras,Madrugada (00-05),Viernes,1,0,0,1,0.959,0.0409,0.0002,Bajo,0,2.1
La Magdalena Contreras,Madrugada (00-05),Viernes,1,1,0,1,0.9287,0.0711,0.0002,Bajo,0,3.6
La Magdalena Contreras,Mañana (06-11),Viernes,1,0,0,1,0.8516,0.1461,0.0023,Bajo,0,7.5
La Magdalena Contreras,Mañana (06-11),Viernes,1,1,0,1,0.6883,0.3091,0.0026,Bajo,0,15.7
La Magdalena Contreras,Noche (18-23),Viernes,1,0,0,1,0.7525,0.2333,0.0142,Bajo,0,13.1
La Magdalena Contreras,Noche (18-23),Viernes,1,1,0,1,0.676,0.3146,0.0094,Bajo,0,16.7
La Magdalena Contreras,Tarde (12-17),Viernes,1,0,0,1,0.7633,0.2311,0.0056,Bajo,0,12.1
La Magdalena Contreras,Tarde (12-17),Viernes,1,1,0,1,0.5896,0.4062,0.0043,Bajo,0,20.7
La Magdalena Contreras,Madrugada (00-05),Domingo,2,0,1,1,0.7952,0.2009,0.0039,Bajo,0,10.4
La Magdalena Contreras,Madrugada (00-05),Domingo,2,1,1,1,0.7362,0.2599,0.004,Bajo,0,13.4
La Magdalena Contreras,Mañana (06-11),Domingo,2,0,1,1,0.8964,0.1025,0.0011,Bajo,0,5.2
La Magdalena Contreras,Mañana (06-11),Domingo,2,1,1,1,0.8806,0.1181,0.0013,Bajo,0,6.0
La Magdalena Contreras,Noche (18-23),Domingo,2,0,1,1,0.7441,0.2226,0.0333,Bajo,0,14.5
La Magdalena Contreras,Noche (18-23),Domingo,2,1,1,1,0.6837,0.2897,0.0267,Bajo,0,17.1
La Magdalena Contreras,Tarde (12-17),Domingo,2,0,1,1,0.8011,0.1939,0.0051,Bajo,0,10.2
La Magdalena Contreras,Tarde (12-17),Domingo,2,1,1,1,0.7029,0.2919,0.0052,Bajo,0,15.1
La Magdalena Contreras,Madrugada (00-05),Jueves,2,0,0,1,0.9599,0.0399,0.0002,Bajo,0,2.0
La Magdalena Contreras,Madrugada (00-05),Jueves,2,1,0,1,0.9539,0.0458,0.0002,Bajo,0,2.3
La Magdalena Contreras,Mañana (06-11),Jueves,2,0,0,1,0.8056,0.1914,0.003,Bajo,0,9.9
La Magdalena Contreras,Mañana (06-11),Jueves,2,1,0,1,0.7877,0.2088,0.0035,Bajo,0,10.8
La Magdalena Contreras,Noche (18-23),Jueves,2,0,0,1,0.7366,0.247,0.0164,Bajo,0,14.0
La Magdalena Contreras,Noche (18-23),Jueves,2,1,0,1,0.7045,0.2873,0.0082,Bajo,0,15.2
La Magdalena Contreras,Tarde (12-17),Jueves,2,0,0,1,0.7227,0.2717,0.0057,Bajo,0,14.1
La Magdalena Contreras,Tarde (12-17),Jueves,2,1,0,1,0.7085,0.2859,0.0055,Bajo,0,14.8
La Magdalena Contreras,Madrugada (00-05),Lunes,2,0,0,1,0.9673,0.0321,0.0007,Bajo,0,1.7
La Magdalena Contreras,Madrugada (00-05),Lunes,2,1,0,1,0.956,0.0432,0.0007,Bajo,0,2.2
La Magdalena Contreras,Mañana (06-11),Lunes,2,0,0,1,0.8772,0.1153,0.0075,Bajo,0,6.5
La Magdalena Contreras,Mañana (06-11),Lunes,2,1,0,1,0.8513,0.1394,0.0093,Bajo,0,7.9
La Magdalena Contreras,Noche (18-23),Lunes,2,0,0,1,0.7718,0.2163,0.0118,Bajo,0,12.0
La Magdalena Contreras,Noche (18-23),Lunes,2,1,0,1,0.7202,0.2716,0.0082,Bajo,0,14.4
La Magdalena Contreras,Tarde (12-17),Lunes,2,0,0,1,0.8581,0.1258,0.0161,Bajo,0,7.9
La Magdalena Contreras,Tarde (12-17),Lunes,2,1,0,1,0.7861,0.1964,0.0175,Bajo,0,11.6
La Magdalena Contreras,Madrugada (00-05),Martes,2,0,0,1,0.9806,0.0192,1e-04,Bajo,0,1.0
La Magdalena Contreras,Madrugada (00-05),Martes,2,1,0,1,0.9748,0.0251,1e-04,Bajo,0,1.3
La Magdalena Contreras,Mañana (06-11),Martes,2,0,0,1,0.8324,0.1642,0.0034,Bajo,0,8.6
La Magdalena Contreras,Mañana (06-11),Martes,2,1,0,1,0.8058,0.1902,0.004,Bajo,0,9.9
La Magdalena Contreras,Noche (18-23),Martes,2,0,0,1,0.7854,0.2041,0.0105,Bajo,0,11.3
La Magdalena Contreras,Noche (18-23),Martes,2,1,0,1,0.7495,0.2437,0.0068,Bajo,0,12.9
La Magdalena Contreras,Tarde (12-17),Martes,2,0,0,1,0.8422,0.1516,0.0062,Bajo,0,8.2
La Magdalena Contreras,Tarde (12-17),Martes,2,1,0,1,0.7352,0.2583,0.0065,Bajo,0,13.6
La Magdalena Contreras,Madrugada (00-05),Miércoles,2,0,0,1,0.9744,0.0254,0.0003,Bajo,0,1.3
La Magdalena Contreras,Madrugada (00-05),Miércoles,2,1,0,1,0.9711,0.0286,0.0003,Bajo,0,1.5
La Magdalena Contreras,Mañana (06-11),Miércoles,2,0,0,1,0.8113,0.1828,0.0059,Bajo,0,9.7
La Magdalena Contreras,Mañana (06-11),Miércoles,2,1,0,1,0.8053,0.1879,0.0068,Bajo,0,10.1
La Magdalena Contreras,Noche (18-23),Miércoles,2,0,0,1,0.671,0.3087,0.0203,Bajo,0,17.5
La Magdalena Contreras,Noche (18-23),Miércoles,2,1,0,1,0.6626,0.3272,0.0102,Bajo,0,17.4
La Magdalena Contreras,Tarde (12-17),Miércoles,2,0,0,1,0.8416,0.1433,0.0151,Bajo,0,8.7
La Magdalena Contreras,Tarde (12-17),Miércoles,2,1,0,1,0.8076,0.1758,0.0165,Bajo,0,10.4
La Magdalena Contreras,Madrugada (00-05),Sábado,2,0,1,1,0.75,0.246,0.004,Bajo,0,12.7
La Magdalena Contreras,Madrugada (00-05),Sábado,2,1,1,1,0.7086,0.2873,0.0041,Bajo,0,14.8
La Magdalena Contreras,Mañana (06-11),Sábado,2,0,1,1,0.8666,0.1308,0.0026,Bajo,0,6.8
La Magdalena Contreras,Mañana (06-11),Sábado,2,1,1,1,0.8537,0.1437,0.0027,Bajo,0,7.4
La Magdalena Contreras,Noche (18-23),Sábado,2,0,1,1,0.6744,0.3106,0.015,Bajo,0,17.0
La Magdalena Contreras,Noche (18-23),Sábado,2,1,1,1,0.6484,0.3343,0.0173,Bajo,0,18.4
La Magdalena Contreras,Tarde (12-17),Sábado,2,0,1,1,0.7165,0.2672,0.0163,Bajo,0,15.0
La Magdalena Contreras,Tarde (12-17),Sábado,2,1,1,1,0.5889,0.3941,0.0171,Bajo,0,21.4
La Magdalena Contreras,Madrugada (00-05),Viernes,2,0,0,1,0.9624,0.0374,0.0003,Bajo,0,1.9
La Magdalena Contreras,Madrugada (00-05),Viernes,2,1,0,1,0.939,0.0607,0.0003,Bajo,0,3.1
La Magdalena Contreras,Mañana (06-11),Viernes,2,0,0,1,0.889,0.1084,0.0026,Bajo,0,5.7
La Magdalena Contreras,Mañana (06-11),Viernes,2,1,0,1,0.8133,0.1837,0.003,Bajo,0,9.5
La Magdalena Contreras,Noche (18-23),Viernes,2,0,0,1,0.7727,0.2114,0.0159,Bajo,0,12.2
La Magdalena Contreras,Noche (18-23),Viernes,2,1,0,1,0.6853,0.3031,0.0116,Bajo,0,16.3
La Magdalena Contreras,Tarde (12-17),Viernes,2,0,0,1,0.7855,0.2066,0.0079,Bajo,0,11.1
La Magdalena Contreras,Tarde (12-17),Viernes,2,1,0,1,0.636,0.3576,0.0064,Bajo,0,18.5
La Magdalena Contreras,Madrugada (00-05),Domingo,3,0,1,1,0.8204,0.1754,0.0042,Bajo,0,9.2
La Magdalena Contreras,Madrugada (00-05),Domingo,3,1,1,1,0.7503,0.2449,0.0048,Bajo,0,12.7
La Magdalena Contreras,Mañana (06-11),Domingo,3,0,1,1,0.9194,0.0794,0.0012,Bajo,0,4.1
La Magdalena Contreras,Mañana (06-11),Domingo,3,1,1,1,0.8869,0.1116,0.0015,Bajo,0,5.7
La Magdalena Contreras,Noche (18-23),Domingo,3,0,1,1,0.8129,0.151,0.0361,Bajo,0,11.2
La Magdalena Contreras,Noche (18-23),Domingo,3,1,1,1,0.757,0.2168,0.0263,Bajo,0,13.5
La Magdalena Contreras,Tarde (12-17),Domingo,3,0,1,1,0.835,0.1596,0.0054,Bajo,0,8.5
La Magdalena Contreras,Tarde (12-17),Domingo,3,1,1,1,0.7397,0.2543,0.0061,Bajo,0,13.3
La Magdalena Contreras,Madrugada (00-05),Jueves,3,0,0,1,0.9596,0.0402,0.0002,Bajo,0,2.0
La Magdalena Contreras,Madrugada (00-05),Jueves,3,1,0,1,0.9497,0.05,0.0003,Bajo,0,2.5
La Magdalena Contreras,Mañana (06-11),Jueves,3,0,0,1,0.8165,0.1801,0.0034,Bajo,0,9.3
La Magdalena Contreras,Mañana (06-11),Jueves,3,1,0,1,0.7821,0.2134,0.0045,Bajo,0,11.1
La Magdalena Contreras,Noche (18-23),Jueves,3,0,0,1,0.7639,0.2171,0.019,Bajo,0,12.8
La Magdalena Contreras,Noche (18-23),Jueves,3,1,0,1,0.7251,0.2667,0.0082,Bajo,0,14.2
La Magdalena Contreras,Tarde (12-17),Jueves,3,0,0,1,0.728,0.2657,0.0063,Bajo,0,13.9
La Magdalena Contreras,Tarde (12-17),Jueves,3,1,0,1,0.7031,0.2901,0.0068,Bajo,0,15.2
La Magdalena Contreras,Madrugada (00-05),Lunes,3,0,0,1,0.9662,0.0312,0.0025,Bajo,0,1.8
La Magdalena Contreras,Madrugada (00-05),Lunes,3,1,0,1,0.9516,0.0445,0.0039,Bajo,0,2.6
La Magdalena Contreras,Mañana (06-11),Lunes,3,0,0,1,0.8692,0.103,0.0278,Bajo,0,7.9
La Magdalena Contreras,Mañana (06-11),Lunes,3,1,0,1,0.811,0.1444,0.0447,Bajo,0,11.7
La Magdalena Contreras,Noche (18-23),Lunes,3,0,0,1,0.8154,0.1706,0.014,Bajo,0,9.9
La Magdalena Contreras,Noche (18-23),Lunes,3,1,0,1,0.7728,0.2186,0.0086,Bajo,0,11.8
La Magdalena Contreras,Tarde (12-17),Lunes,3,0,0,1,0.8013,0.1289,0.0697,Bajo,0,13.4
La Magdalena Contreras,Tarde (12-17),Lunes,3,1,0,1,0.7204,0.1891,0.0905,Bajo,0,18.5
La Magdalena Contreras,Madrugada (00-05),Martes,3,0,0,1,0.9811,0.0187,1e-04,Bajo,0,0.9
La Magdalena Contreras,Madrugada (00-05),Martes,3,1,0,1,0.9699,0.0299,0.0002,Bajo,0,1.5
La Magdalena Contreras,Mañana (06-11),Martes,3,0,0,1,0.845,0.151,0.004,Bajo,0,8.0
La Magdalena Contreras,Mañana (06-11),Martes,3,1,0,1,0.765,0.2296,0.0055,Bajo,0,12.0
La Magdalena Contreras,Noche (18-23),Martes,3,0,0,1,0.8195,0.1704,0.0101,Bajo,0,9.5
La Magdalena Contreras,Noche (18-23),Martes,3,1,0,1,0.7298,0.2645,0.0057,Bajo,0,13.8
La Magdalena Contreras,Tarde (12-17),Martes,3,0,0,1,0.8544,0.139,0.0066,Bajo,0,7.6
La Magdalena Contreras,Tarde (12-17),Martes,3,1,0,1,0.7181,0.2741,0.0079,Bajo,0,14.5
La Magdalena Contreras,Madrugada (00-05),Miércoles,3,0,0,1,0.9815,0.0183,0.0003,Bajo,0,0.9
La Magdalena Contreras,Madrugada (00-05),Miércoles,3,1,0,1,0.9777,0.0219,0.0004,Bajo,0,1.1
La Magdalena Contreras,Mañana (06-11),Miércoles,3,0,0,1,0.8791,0.1142,0.0066,Bajo,0,6.4
La Magdalena Contreras,Mañana (06-11),Miércoles,3,1,0,1,0.8543,0.1371,0.0087,Bajo,0,7.7
La Magdalena Contreras,Noche (18-23),Miércoles,3,0,0,1,0.831,0.1546,0.0144,Bajo,0,9.2
La Magdalena Contreras,Noche (18-23),Miércoles,3,1,0,1,0.8052,0.1872,0.0076,Bajo,0,10.1
La Magdalena Contreras,Tarde (12-17),Miércoles,3,0,0,1,0.8794,0.1049,0.0158,Bajo,0,6.8
La Magdalena Contreras,Tarde (12-17),Miércoles,3,1,0,1,0.8446,0.1354,0.02,Bajo,0,8.8
La Magdalena Contreras,Madrugada (00-05),Sábado,3,0,1,1,0.822,0.1738,0.0042,Bajo,0,9.1
La Magdalena Contreras,Madrugada (00-05),Sábado,3,1,1,1,0.7727,0.2225,0.0048,Bajo,0,11.6
La Magdalena Contreras,Mañana (06-11),Sábado,3,0,1,1,0.9055,0.0918,0.0026,Bajo,0,4.9
La Magdalena Contreras,Mañana (06-11),Sábado,3,1,1,1,0.8729,0.1242,0.003,Bajo,0,6.5
La Magdalena Contreras,Noche (18-23),Sábado,3,0,1,1,0.8322,0.1538,0.014,Bajo,0,9.1
La Magdalena Contreras,Noche (18-23),Sábado,3,1,1,1,0.8008,0.1817,0.0175,Bajo,0,10.8
La Magdalena Contreras,Tarde (12-17),Sábado,3,0,1,1,0.7822,0.2028,0.015,Bajo,0,11.6
La Magdalena Contreras,Tarde (12-17),Sábado,3,1,1,1,0.6592,0.3245,0.0164,Bajo,0,17.9
La Magdalena Contreras,Madrugada (00-05),Viernes,3,0,0,1,0.9644,0.0353,0.0003,Bajo,0,1.8
La Magdalena Contreras,Madrugada (00-05),Viernes,3,1,0,1,0.9385,0.0611,0.0003,Bajo,0,3.1
La Magdalena Contreras,Mañana (06-11),Viernes,3,0,0,1,0.9065,0.0908,0.0027,Bajo,0,4.8
La Magdalena Contreras,Mañana (06-11),Viernes,3,1,0,1,0.8204,0.1761,0.0034,Bajo,0,9.1
La Magdalena Contreras,Noche (18-23),Viernes,3,0,0,1,0.7943,0.1864,0.0193,Bajo,0,11.3
La Magdalena Contreras,Noche (18-23),Viernes,3,1,0,1,0.7076,0.2804,0.012,Bajo,0,15.2
La Magdalena Contreras,Tarde (12-17),Viernes,3,0,0,1,0.8194,0.1719,0.0087,Bajo,0,9.5
La Magdalena Contreras,Tarde (12-17),Viernes,3,1,0,1,0.6744,0.3179,0.0077,Bajo,0,16.7
La Magdalena Contreras,Madrugada (00-05),Domingo,4,0,1,2,0.7987,0.1986,0.0027,Bajo,0,10.2
La Magdalena Contreras,Madrugada (00-05),Domingo,4,1,1,2,0.7585,0.2385,0.003,Bajo,0,12.2
La Magdalena Contreras,Mañana (06-11),Domingo,4,0,1,2,0.9228,0.0764,0.0008,Bajo,0,3.9
La Magdalena Contreras,Mañana (06-11),Domingo,4,1,1,2,0.8997,0.0993,0.001,Bajo,0,5.1
La Magdalena Contreras,Noche (18-23),Domingo,4,0,1,2,0.7707,0.1975,0.0318,Bajo,0,13.1
La Magdalena Contreras,Noche (18-23),Domingo,4,1,1,2,0.7368,0.2362,0.027,Bajo,0,14.5
La Magdalena Contreras,Tarde (12-17),Domingo,4,0,1,2,0.792,0.2051,0.0029,Bajo,0,10.5
La Magdalena Contreras,Tarde (12-17),Domingo,4,1,1,2,0.7475,0.2491,0.0034,Bajo,0,12.8
La Magdalena Contreras,Madrugada (00-05),Jueves,4,0,0,2,0.9588,0.041,0.0002,Bajo,0,2.1
La Magdalena Contreras,Madrugada (00-05),Jueves,4,1,0,2,0.955,0.0448,0.0002,Bajo,0,2.3
La Magdalena Contreras,Mañana (06-11),Jueves,4,0,0,2,0.8381,0.1596,0.0023,Bajo,0,8.2
La Magdalena Contreras,Mañana (06-11),Jueves,4,1,0,2,0.8067,0.1904,0.0029,Bajo,0,9.8
La Magdalena Contreras,Noche (18-23),Jueves,4,0,0,2,0.7037,0.2725,0.0238,Bajo,0,16.0
La Magdalena Contreras,Noche (18-23),Jueves,4,1,0,2,0.686,0.3024,0.0115,Bajo,0,16.3
La Magdalena Contreras,Tarde (12-17),Jueves,4,0,0,2,0.7191,0.2767,0.0042,Bajo,0,14.3
La Magdalena Contreras,Tarde (12-17),Jueves,4,1,0,2,0.7443,0.2512,0.0046,Bajo,0,13.0
La Magdalena Contreras,Madrugada (00-05),Lunes,4,0,0,2,0.9598,0.0389,0.0012,Bajo,0,2.1
La Magdalena Contreras,Madrugada (00-05),Lunes,4,1,0,2,0.9459,0.0523,0.0018,Bajo,0,2.8
La Magdalena Contreras,Mañana (06-11),Lunes,4,0,0,2,0.867,0.1223,0.0108,Bajo,0,7.2
La Magdalena Contreras,Mañana (06-11),Lunes,4,1,0,2,0.8006,0.1825,0.0168,Bajo,0,10.8
La Magdalena Contreras,Noche (18-23),Lunes,4,0,0,2,0.7846,0.203,0.0123,Bajo,0,11.4
La Magdalena Contreras,Noche (18-23),Lunes,4,1,0,2,0.7385,0.2524,0.0091,Bajo,0,13.5
La Magdalena Contreras,Tarde (12-17),Lunes,4,0,0,2,0.7758,0.1885,0.0357,Bajo,0,13.0
La Magdalena Contreras,Tarde (12-17),Lunes,4,1,0,2,0.7195,0.2316,0.0489,Bajo,0,16.5
La Magdalena Contreras,Madrugada (00-05),Martes,4,0,0,2,0.9809,0.019,1e-04,Bajo,0,1.0
La Magdalena Contreras,Madrugada (00-05),Martes,4,1,0,2,0.9738,0.026,1e-04,Bajo,0,1.3
La Magdalena Contreras,Mañana (06-11),Martes,4,0,0,2,0.871,0.1267,0.0023,Bajo,0,6.6
La Magdalena Contreras,Mañana (06-11),Martes,4,1,0,2,0.8109,0.1861,0.0031,Bajo,0,9.6
La Magdalena Contreras,Noche (18-23),Martes,4,0,0,2,0.7842,0.2052,0.0107,Bajo,0,11.3
La Magdalena Contreras,Noche (18-23),Martes,4,1,0,2,0.6944,0.299,0.0066,Bajo,0,15.6
La Magdalena Contreras,Tarde (12-17),Martes,4,0,0,2,0.8387,0.1573,0.004,Bajo,0,8.3
La Magdalena Contreras,Tarde (12-17),Martes,4,1,0,2,0.7559,0.2391,0.005,Bajo,0,12.5
La Magdalena Contreras,Madrugada (00-05),Miércoles,4,0,0,2,0.9785,0.0213,0.0002,Bajo,0,1.1
La Magdalena Contreras,Madrugada (00-05),Miércoles,4,1,0,2,0.9753,0.0245,0.0002,Bajo,0,1.2
La Magdalena Contreras,Mañana (06-11),Miércoles,4,0,0,2,0.8863,0.1103,0.0034,Bajo,0,5.9
La Magdalena Contreras,Mañana (06-11),Miércoles,4,1,0,2,0.8599,0.1359,0.0042,Bajo,0,7.2
La Magdalena Contreras,Noche (18-23),Miércoles,4,0,0,2,0.7769,0.209,0.0141,Bajo,0,11.9
La Magdalena Contreras,Noche (18-23),Miércoles,4,1,0,2,0.7567,0.2349,0.0084,Bajo,0,12.6
La Magdalena Contreras,Tarde (12-17),Miércoles,4,0,0,2,0.8516,0.1405,0.0079,Bajo,0,7.8
La Magdalena Contreras,Tarde (12-17),Miércoles,4,1,0,2,0.8305,0.16,0.0095,Bajo,0,8.9
La Magdalena Contreras,Madrugada (00-05),Sábado,4,0,1,2,0.8052,0.1918,0.003,Bajo,0,9.9
La Magdalena Contreras,Madrugada (00-05),Sábado,4,1,1,2,0.7844,0.2121,0.0035,Bajo,0,11.0
La Magdalena Contreras,Mañana (06-11),Sábado,4,0,1,2,0.9127,0.0854,0.0019,Bajo,0,4.5
La Magdalena Contreras,Mañana (06-11),Sábado,4,1,1,2,0.8943,0.1036,0.0022,Bajo,0,5.4
La Magdalena Contreras,Noche (18-23),Sábado,4,0,1,2,0.7899,0.1974,0.0128,Bajo,0,11.1
La Magdalena Contreras,Noche (18-23),Sábado,4,1,1,2,0.783,0.1961,0.0208,Bajo,0,11.9
La Magdalena Contreras,Tarde (12-17),Sábado,4,0,1,2,0.7439,0.2476,0.0085,Bajo,0,13.2
La Magdalena Contreras,Tarde (12-17),Sábado,4,1,1,2,0.7042,0.2862,0.0096,Bajo,0,15.3
La Magdalena Contreras,Madrugada (00-05),Viernes,4,0,0,2,0.9551,0.0446,0.0002,Bajo,0,2.3
La Magdalena Contreras,Madrugada (00-05),Viernes,4,1,0,2,0.9314,0.0683,0.0003,Bajo,0,3.4
La Magdalena Contreras,Mañana (06-11),Viernes,4,0,0,2,0.9051,0.0932,0.0017,Bajo,0,4.8
La Magdalena Contreras,Mañana (06-11),Viernes,4,1,0,2,0.8255,0.1724,0.0021,Bajo,0,8.8
La Magdalena Contreras,Noche (18-23),Viernes,4,0,0,2,0.7144,0.2653,0.0203,Bajo,0,15.3
La Magdalena Contreras,Noche (18-23),Viernes,4,1,0,2,0.641,0.3442,0.0148,Bajo,0,18.7
La Magdalena Contreras,Tarde (12-17),Viernes,4,0,0,2,0.7405,0.2542,0.0053,Bajo,0,13.2
La Magdalena Contreras,Tarde (12-17),Viernes,4,1,0,2,0.6329,0.3621,0.0051,Bajo,0,18.6
La Magdalena Contreras,Madrugada (00-05),Domingo,5,0,1,2,0.7355,0.2618,0.0027,Bajo,0,13.4
La Magdalena Contreras,Madrugada (00-05),Domingo,5,1,1,2,0.7444,0.2527,0.0029,Bajo,0,12.9
La Magdalena Contreras,Mañana (06-11),Domingo,5,0,1,2,0.886,0.1133,0.0008,Bajo,0,5.7
La Magdalena Contreras,Mañana (06-11),Domingo,5,1,1,2,0.888,0.1111,0.0009,Bajo,0,5.6
La Magdalena Contreras,Noche (18-23),Domingo,5,0,1,2,0.6073,0.3464,0.0463,Bajo,0,21.9
La Magdalena Contreras,Noche (18-23),Domingo,5,1,1,2,0.6121,0.3337,0.0542,Bajo,0,22.1
La Magdalena Contreras,Tarde (12-17),Domingo,5,0,1,2,0.724,0.2735,0.0025,Bajo,0,13.9
La Magdalena Contreras,Tarde (12-17),Domingo,5,1,1,2,0.7341,0.263,0.0028,Bajo,0,13.4
La Magdalena Contreras,Madrugada (00-05),Jueves,5,0,0,2,0.9442,0.0557,0.0002,Bajo,0,2.8
La Magdalena Contreras,Madrugada (00-05),Jueves,5,1,0,2,0.9522,0.0477,0.0002,Bajo,0,2.4
La Magdalena Contreras,Mañana (06-11),Jueves,5,0,0,2,0.7913,0.2065,0.0022,Bajo,0,10.5
La Magdalena Contreras,Mañana (06-11),Jueves,5,1,0,2,0.7995,0.1979,0.0026,Bajo,0,10.2
La Magdalena Contreras,Noche (18-23),Jueves,5,0,0,2,0.5536,0.4221,0.0243,Bajo,0,23.5
La Magdalena Contreras,Noche (18-23),Jueves,5,1,0,2,0.6039,0.3834,0.0127,Bajo,0,20.4
La Magdalena Contreras,Tarde (12-17),Jueves,5,0,0,2,0.6376,0.3591,0.0033,Bajo,0,18.3
La Magdalena Contreras,Tarde (12-17),Jueves,5,1,0,2,0.7128,0.2837,0.0035,Bajo,0,14.5
La Magdalena Contreras,Madrugada (00-05),Lunes,5,0,0,2,0.9369,0.0628,0.0003,Bajo,0,3.2
La Magdalena Contreras,Madrugada (00-05),Lunes,5,1,0,2,0.942,0.0577,0.0003,Bajo,0,2.9
La Magdalena Contreras,Mañana (06-11),Lunes,5,0,0,2,0.8012,0.1963,0.0025,Bajo,0,10.1
La Magdalena Contreras,Mañana (06-11),Lunes,5,1,0,2,0.7868,0.2103,0.0029,Bajo,0,10.8
La Magdalena Contreras,Noche (18-23),Lunes,5,0,0,2,0.6661,0.3219,0.012,Bajo,0,17.3
La Magdalena Contreras,Noche (18-23),Lunes,5,1,0,2,0.7155,0.2755,0.009,Bajo,0,14.7
La Magdalena Contreras,Tarde (12-17),Lunes,5,0,0,2,0.7036,0.2913,0.0051,Bajo,0,15.1
La Magdalena Contreras,Tarde (12-17),Lunes,5,1,0,2,0.7254,0.2691,0.0056,Bajo,0,14.0
La Magdalena Contreras,Madrugada (00-05),Martes,5,0,0,2,0.9658,0.0341,1e-04,Bajo,0,1.7
La Magdalena Contreras,Madrugada (00-05),Martes,5,1,0,2,0.9666,0.0333,1e-04,Bajo,0,1.7
La Magdalena Contreras,Mañana (06-11),Martes,5,0,0,2,0.7609,0.2369,0.0022,Bajo,0,12.1
La Magdalena Contreras,Mañana (06-11),Martes,5,1,0,2,0.7458,0.2515,0.0027,Bajo,0,12.8
La Magdalena Contreras,Noche (18-23),Martes,5,0,0,2,0.6185,0.3698,0.0117,Bajo,0,19.7
La Magdalena Contreras,Noche (18-23),Martes,5,1,0,2,0.6227,0.3698,0.0075,Bajo,0,19.2
La Magdalena Contreras,Tarde (12-17),Martes,5,0,0,2,0.7379,0.2593,0.0029,Bajo,0,13.2
La Magdalena Contreras,Tarde (12-17),Martes,5,1,0,2,0.7168,0.2798,0.0034,Bajo,0,14.3
La Magdalena Contreras,Madrugada (00-05),Miércoles,5,0,0,2,0.9511,0.0487,0.0002,Bajo,0,2.5
La Magdalena Contreras,Madrugada (00-05),Miércoles,5,1,0,2,0.9563,0.0435,0.0002,Bajo,0,2.2
La Magdalena Contreras,Mañana (06-11),Miércoles,5,0,0,2,0.7774,0.2197,0.0029,Bajo,0,11.3
La Magdalena Contreras,Mañana (06-11),Miércoles,5,1,0,2,0.7919,0.2049,0.0032,Bajo,0,10.6
La Magdalena Contreras,Noche (18-23),Miércoles,5,0,0,2,0.5278,0.4591,0.0131,Bajo,0,24.3
La Magdalena Contreras,Noche (18-23),Miércoles,5,1,0,2,0.5901,0.4015,0.0084,Bajo,0,20.9
La Magdalena Contreras,Tarde (12-17),Miércoles,5,0,0,2,0.7112,0.2851,0.0037,Bajo,0,14.6
La Magdalena Contreras,Tarde (12-17),Miércoles,5,1,0,2,0.7237,0.2722,0.0041,Bajo,0,14.0
La Magdalena Contreras,Madrugada (00-05),Sábado,5,0,1,2,0.7804,0.2169,0.0028,Bajo,0,11.1
La Magdalena Contreras,Madrugada (00-05),Sábado,5,1,1,2,0.8018,0.1951,0.0032,Bajo,0,10.1
La Magdalena Contreras,Mañana (06-11),Sábado,5,0,1,2,0.8912,0.107,0.0017,Bajo,0,5.5
La Magdalena Contreras,Mañana (06-11),Sábado,5,1,1,2,0.9005,0.0976,0.0019,Bajo,0,5.1
La Magdalena Contreras,Noche (18-23),Sábado,5,0,1,2,0.6,0.3767,0.0233,Bajo,0,21.2
La Magdalena Contreras,Noche (18-23),Sábado,5,1,1,2,0.5921,0.3471,0.0608,Bajo,0,23.4
La Magdalena Contreras,Tarde (12-17),Sábado,5,0,1,2,0.7131,0.2799,0.0071,Bajo,0,14.7
La Magdalena Contreras,Tarde (12-17),Sábado,5,1,1,2,0.7327,0.259,0.0083,Bajo,0,13.8
La Magdalena Contreras,Madrugada (00-05),Viernes,5,0,0,2,0.9401,0.0596,0.0002,Bajo,0,3.0
La Magdalena Contreras,Madrugada (00-05),Viernes,5,1,0,2,0.9261,0.0737,0.0002,Bajo,0,3.7
La Magdalena Contreras,Mañana (06-11),Viernes,5,0,0,2,0.8683,0.13,0.0017,Bajo,0,6.7
La Magdalena Contreras,Mañana (06-11),Viernes,5,1,0,2,0.8057,0.1924,0.0019,Bajo,0,9.8
La Magdalena Contreras,Noche (18-23),Viernes,5,0,0,2,0.5416,0.4315,0.0269,Bajo,0,24.3
La Magdalena Contreras,Noche (18-23),Viernes,5,1,0,2,0.5641,0.4163,0.0196,Bajo,0,22.8
La Magdalena Contreras,Tarde (12-17),Viernes,5,0,0,2,0.7005,0.2956,0.0039,Bajo,0,15.2
La Magdalena Contreras,Tarde (12-17),Viernes,5,1,0,2,0.6577,0.3387,0.0036,Bajo,0,17.3
La Magdalena Contreras,Madrugada (00-05),Domingo,6,0,1,2,0.7287,0.2682,0.0031,Bajo,0,13.7
La Magdalena Contreras,Madrugada (00-05),Domingo,6,1,1,2,0.744,0.2529,0.0031,Bajo,0,13.0
La Magdalena Contreras,Mañana (06-11),Domingo,6,0,1,2,0.8624,0.1367,0.0008,Bajo,0,6.9
La Magdalena Contreras,Mañana (06-11),Domingo,6,1,1,2,0.8791,0.12,0.0009,Bajo,0,6.1
La Magdalena Contreras,Noche (18-23),Domingo,6,0,1,2,0.5851,0.3706,0.0442,Bajo,0,23.0
La Magdalena Contreras,Noche (18-23),Domingo,6,1,1,2,0.5963,0.3705,0.0332,Bajo,0,21.8
La Magdalena Contreras,Tarde (12-17),Domingo,6,0,1,2,0.7289,0.2689,0.0023,Bajo,0,13.7
La Magdalena Contreras,Tarde (12-17),Domingo,6,1,1,2,0.7455,0.2522,0.0023,Bajo,0,12.8
La Magdalena Contreras,Madrugada (00-05),Jueves,6,0,0,2,0.9483,0.0515,0.0002,Bajo,0,2.6
La Magdalena Contreras,Madrugada (00-05),Jueves,6,1,0,2,0.9558,0.044,0.0002,Bajo,0,2.2
La Magdalena Contreras,Mañana (06-11),Jueves,6,0,0,2,0.7902,0.2078,0.002,Bajo,0,10.6
La Magdalena Contreras,Mañana (06-11),Jueves,6,1,0,2,0.8162,0.1816,0.0022,Bajo,0,9.3
La Magdalena Contreras,Noche (18-23),Jueves,6,0,0,2,0.6076,0.3719,0.0205,Bajo,0,20.6
La Magdalena Contreras,Noche (18-23),Jueves,6,1,0,2,0.6424,0.3473,0.0103,Bajo,0,18.4
La Magdalena Contreras,Tarde (12-17),Jueves,6,0,0,2,0.6798,0.3177,0.0025,Bajo,0,16.1
La Magdalena Contreras,Tarde (12-17),Jueves,6,1,0,2,0.7495,0.2479,0.0026,Bajo,0,12.7
La Magdalena Contreras,Madrugada (00-05),Lunes,6,0,0,2,0.9385,0.0613,0.0002,Bajo,0,3.1
La Magdalena Contreras,Madrugada (00-05),Lunes,6,1,0,2,0.9447,0.0551,0.0002,Bajo,0,2.8
La Magdalena Contreras,Mañana (06-11),Lunes,6,0,0,2,0.8074,0.1902,0.0024,Bajo,0,9.8
La Magdalena Contreras,Mañana (06-11),Lunes,6,1,0,2,0.8045,0.1931,0.0025,Bajo,0,9.9
La Magdalena Contreras,Noche (18-23),Lunes,6,0,0,2,0.6623,0.3259,0.0117,Bajo,0,17.5
La Magdalena Contreras,Noche (18-23),Lunes,6,1,0,2,0.7115,0.2803,0.0082,Bajo,0,14.8
La Magdalena Contreras,Tarde (12-17),Lunes,6,0,0,2,0.7718,0.2255,0.0027,Bajo,0,11.5
La Magdalena Contreras,Tarde (12-17),Lunes,6,1,0,2,0.7974,0.2,0.0026,Bajo,0,10.3
La Magdalena Contreras,Madrugada (00-05),Martes,6,0,0,2,0.9716,0.0283,1e-04,Bajo,0,1.4
La Magdalena Contreras,Madrugada (00-05),Martes,6,1,0,2,0.9705,0.0294,1e-04,Bajo,0,1.5
La Magdalena Contreras,Mañana (06-11),Martes,6,0,0,2,0.7792,0.2186,0.0022,Bajo,0,11.2
La Magdalena Contreras,Mañana (06-11),Martes,6,1,0,2,0.7729,0.2247,0.0025,Bajo,0,11.5
La Magdalena Contreras,Noche (18-23),Martes,6,0,0,2,0.6632,0.3247,0.0122,Bajo,0,17.4
La Magdalena Contreras,Noche (18-23),Martes,6,1,0,2,0.644,0.3491,0.007,Bajo,0,18.2
La Magdalena Contreras,Tarde (12-17),Martes,6,0,0,2,0.7951,0.2027,0.0022,Bajo,0,10.4
La Magdalena Contreras,Tarde (12-17),Martes,6,1,0,2,0.7818,0.216,0.0022,Bajo,0,11.0
La Magdalena Contreras,Madrugada (00-05),Miércoles,6,0,0,2,0.9579,0.0419,1e-04,Bajo,0,2.1
La Magdalena Contreras,Madrugada (00-05),Miércoles,6,1,0,2,0.9609,0.039,1e-04,Bajo,0,2.0
La Magdalena Contreras,Mañana (06-11),Miércoles,6,0,0,2,0.771,0.2261,0.0028,Bajo,0,11.6
La Magdalena Contreras,Mañana (06-11),Miércoles,6,1,0,2,0.8053,0.1918,0.0028,Bajo,0,9.9
La Magdalena Contreras,Noche (18-23),Miércoles,6,0,0,2,0.5657,0.4209,0.0134,Bajo,0,22.4
La Magdalena Contreras,Noche (18-23),Miércoles,6,1,0,2,0.6107,0.3814,0.0079,Bajo,0,19.9
La Magdalena Contreras,Tarde (12-17),Miércoles,6,0,0,2,0.777,0.2201,0.0028,Bajo,0,11.3
La Magdalena Contreras,Tarde (12-17),Miércoles,6,1,0,2,0.7758,0.2214,0.0028,Bajo,0,11.4
La Magdalena Contreras,Madrugada (00-05),Sábado,6,0,1,2,0.7837,0.2133,0.003,Bajo,0,11.0
La Magdalena Contreras,Madrugada (00-05),Sábado,6,1,1,2,0.8067,0.1901,0.0032,Bajo,0,9.8
La Magdalena Contreras,Mañana (06-11),Sábado,6,0,1,2,0.8752,0.1231,0.0017,Bajo,0,6.3
La Magdalena Contreras,Mañana (06-11),Sábado,6,1,1,2,0.8972,0.1011,0.0017,Bajo,0,5.2
La Magdalena Contreras,Noche (18-23),Sábado,6,0,1,2,0.5971,0.3823,0.0206,Bajo,0,21.2
La Magdalena Contreras,Noche (18-23),Sábado,6,1,1,2,0.5856,0.3793,0.0351,Bajo,0,22.5
La Magdalena Contreras,Tarde (12-17),Sábado,6,0,1,2,0.7326,0.2608,0.0066,Bajo,0,13.7
La Magdalena Contreras,Tarde (12-17),Sábado,6,1,1,2,0.7513,0.2417,0.0071,Bajo,0,12.8
La Magdalena Contreras,Madrugada (00-05),Viernes,6,0,0,2,0.9462,0.0536,0.0002,Bajo,0,2.7
La Magdalena Contreras,Madrugada (00-05),Viernes,6,1,0,2,0.9343,0.0654,0.0003,Bajo,0,3.3
La Magdalena Contreras,Mañana (06-11),Viernes,6,0,0,2,0.8747,0.1236,0.0017,Bajo,0,6.3
La Magdalena Contreras,Mañana (06-11),Viernes,6,1,0,2,0.8315,0.1666,0.0019,Bajo,0,8.5
La Magdalena Contreras,Noche (18-23),Viernes,6,0,0,2,0.5707,0.3934,0.0359,Bajo,0,23.3
La Magdalena Contreras,Noche (18-23),Viernes,6,1,0,2,0.5876,0.388,0.0244,Bajo,0,21.8
La Magdalena Contreras,Tarde (12-17),Viernes,6,0,0,2,0.7369,0.2596,0.0035,Bajo,0,13.3
La Magdalena Contreras,Tarde (12-17),Viernes,6,1,0,2,0.6992,0.2978,0.003,Bajo,0,15.2
La Magdalena Contreras,Madrugada (00-05),Domingo,7,0,1,3,0.6856,0.3117,0.0027,Bajo,0,15.9
La Magdalena Contreras,Madrugada (00-05),Domingo,7,1,1,3,0.7138,0.2834,0.0029,Bajo,0,14.5
La Magdalena Contreras,Mañana (06-11),Domingo,7,0,1,3,0.8563,0.1429,0.0008,Bajo,0,7.2
La Magdalena Contreras,Mañana (06-11),Domingo,7,1,1,3,0.8737,0.1255,0.0008,Bajo,0,6.4
La Magdalena Contreras,Noche (18-23),Domingo,7,0,1,3,0.5672,0.4172,0.0155,Bajo,0,22.4
La Magdalena Contreras,Noche (18-23),Domingo,7,1,1,3,0.5669,0.4217,0.0115,Bajo,0,22.2
La Magdalena Contreras,Tarde (12-17),Domingo,7,0,1,3,0.7125,0.2854,0.0021,Bajo,0,14.5
La Magdalena Contreras,Tarde (12-17),Domingo,7,1,1,3,0.7392,0.2586,0.0023,Bajo,0,13.2
La Magdalena Contreras,Madrugada (00-05),Jueves,7,0,0,3,0.9458,0.054,1e-04,Bajo,0,2.7
La Magdalena Contreras,Madrugada (00-05),Jueves,7,1,0,3,0.959,0.0409,1e-04,Bajo,0,2.1
La Magdalena Contreras,Mañana (06-11),Jueves,7,0,0,3,0.8291,0.1692,0.0016,Bajo,0,8.6
La Magdalena Contreras,Mañana (06-11),Jueves,7,1,0,3,0.8622,0.136,0.0018,Bajo,0,7.0
La Magdalena Contreras,Noche (18-23),Jueves,7,0,0,3,0.5955,0.3879,0.0165,Bajo,0,21.0
La Magdalena Contreras,Noche (18-23),Jueves,7,1,0,3,0.6403,0.3512,0.0085,Bajo,0,18.4
La Magdalena Contreras,Tarde (12-17),Jueves,7,0,0,3,0.6731,0.3243,0.0026,Bajo,0,16.5
La Magdalena Contreras,Tarde (12-17),Jueves,7,1,0,3,0.7467,0.2506,0.0027,Bajo,0,12.8
La Magdalena Contreras,Madrugada (00-05),Lunes,7,0,0,3,0.9322,0.0676,0.0002,Bajo,0,3.4
La Magdalena Contreras,Madrugada (00-05),Lunes,7,1,0,3,0.9435,0.0563,0.0002,Bajo,0,2.8
La Magdalena Contreras,Mañana (06-11),Lunes,7,0,0,3,0.8294,0.1684,0.0022,Bajo,0,8.6
La Magdalena Contreras,Mañana (06-11),Lunes,7,1,0,3,0.8291,0.1687,0.0023,Bajo,0,8.7
La Magdalena Contreras,Noche (18-23),Lunes,7,0,0,3,0.5901,0.4002,0.0097,Bajo,0,21.0
La Magdalena Contreras,Noche (18-23),Lunes,7,1,0,3,0.6447,0.3475,0.0078,Bajo,0,18.2
La Magdalena Contreras,Tarde (12-17),Lunes,7,0,0,3,0.6713,0.3259,0.0027,Bajo,0,16.6
La Magdalena Contreras,Tarde (12-17),Lunes,7,1,0,3,0.719,0.2781,0.0029,Bajo,0,14.2
La Magdalena Contreras,Madrugada (00-05),Martes,7,0,0,3,0.9734,0.0265,1e-04,Bajo,0,1.3
La Magdalena Contreras,Madrugada (00-05),Martes,7,1,0,3,0.9753,0.0246,1e-04,Bajo,0,1.2
La Magdalena Contreras,Mañana (06-11),Martes,7,0,0,3,0.8394,0.1588,0.0018,Bajo,0,8.1
La Magdalena Contreras,Mañana (06-11),Martes,7,1,0,3,0.8431,0.1547,0.0021,Bajo,0,8.0
La Magdalena Contreras,Noche (18-23),Martes,7,0,0,3,0.6893,0.3014,0.0093,Bajo,0,16.0
La Magdalena Contreras,Noche (18-23),Martes,7,1,0,3,0.6863,0.308,0.0057,Bajo,0,16.0
La Magdalena Contreras,Tarde (12-17),Martes,7,0,0,3,0.7928,0.2051,0.0021,Bajo,0,10.5
La Magdalena Contreras,Tarde (12-17),Martes,7,1,0,3,0.794,0.2037,0.0023,Bajo,0,10.4
La Magdalena Contreras,Madrugada (00-05),Miércoles,7,0,0,3,0.9681,0.0317,1e-04,Bajo,0,1.6
La Magdalena Contreras,Madrugada (00-05),Miércoles,7,1,0,3,0.9712,0.0287,1e-04,Bajo,0,1.4
La Magdalena Contreras,Mañana (06-11),Miércoles,7,0,0,3,0.8958,0.1027,0.0014,Bajo,0,5.3
La Magdalena Contreras,Mañana (06-11),Miércoles,7,1,0,3,0.8834,0.1146,0.002,Bajo,0,5.9
La Magdalena Contreras,Noche (18-23),Miércoles,7,0,0,3,0.6264,0.3642,0.0094,Bajo,0,19.1
La Magdalena Contreras,Noche (18-23),Miércoles,7,1,0,3,0.6681,0.3255,0.0064,Bajo,0,16.9
La Magdalena Contreras,Tarde (12-17),Miércoles,7,0,0,3,0.8107,0.1867,0.0026,Bajo,0,9.6
La Magdalena Contreras,Tarde (12-17),Miércoles,7,1,0,3,0.8097,0.1876,0.0028,Bajo,0,9.7
La Magdalena Contreras,Madrugada (00-05),Sábado,7,0,1,3,0.6316,0.3657,0.0027,Bajo,0,18.6
La Magdalena Contreras,Madrugada (00-05),Sábado,7,1,1,3,0.6719,0.325,0.003,Bajo,0,16.6
La Magdalena Contreras,Mañana (06-11),Sábado,7,0,1,3,0.7804,0.218,0.0016,Bajo,0,11.1
La Magdalena Contreras,Mañana (06-11),Sábado,7,1,1,3,0.814,0.1844,0.0016,Bajo,0,9.4
La Magdalena Contreras,Noche (18-23),Sábado,7,0,1,3,0.5946,0.3936,0.0118,Bajo,0,20.9
La Magdalena Contreras,Noche (18-23),Sábado,7,1,1,3,0.5166,0.4636,0.0197,Bajo,0,25.2
La Magdalena Contreras,Tarde (12-17),Sábado,7,0,1,3,0.5815,0.4119,0.0067,Bajo,0,21.3
La Magdalena Contreras,Tarde (12-17),Sábado,7,1,1,3,0.6144,0.3781,0.0075,Bajo,0,19.7
La Magdalena Contreras,Madrugada (00-05),Viernes,7,0,0,3,0.9428,0.057,0.0002,Bajo,0,2.9
La Magdalena Contreras,Madrugada (00-05),Viernes,7,1,0,3,0.9356,0.0641,0.0002,Bajo,0,3.2
La Magdalena Contreras,Mañana (06-11),Viernes,7,0,0,3,0.873,0.1255,0.0015,Bajo,0,6.4
La Magdalena Contreras,Mañana (06-11),Viernes,7,1,0,3,0.8429,0.1555,0.0016,Bajo,0,7.9
La Magdalena Contreras,Noche (18-23),Viernes,7,0,0,3,0.5879,0.3864,0.0256,Bajo,0,21.9
La Magdalena Contreras,Noche (18-23),Viernes,7,1,0,3,0.629,0.3557,0.0153,Bajo,0,19.3
La Magdalena Contreras,Tarde (12-17),Viernes,7,0,0,3,0.7026,0.2942,0.0032,Bajo,0,15.0
La Magdalena Contreras,Tarde (12-17),Viernes,7,1,0,3,0.6666,0.3304,0.003,Bajo,0,16.8
La Magdalena Contreras,Madrugada (00-05),Domingo,8,0,1,3,0.7964,0.2007,0.0029,Bajo,0,10.3
La Magdalena Contreras,Madrugada (00-05),Domingo,8,1,1,3,0.8025,0.1945,0.003,Bajo,0,10.0
La Magdalena Contreras,Mañana (06-11),Domingo,8,0,1,3,0.8973,0.102,0.0007,Bajo,0,5.2
La Magdalena Contreras,Mañana (06-11),Domingo,8,1,1,3,0.903,0.0962,0.0008,Bajo,0,4.9
La Magdalena Contreras,Noche (18-23),Domingo,8,0,1,3,0.7125,0.2698,0.0177,Bajo,0,15.3
La Magdalena Contreras,Noche (18-23),Domingo,8,1,1,3,0.6634,0.3241,0.0124,Bajo,0,17.5
La Magdalena Contreras,Tarde (12-17),Domingo,8,0,1,3,0.8175,0.1805,0.002,Bajo,0,9.2
La Magdalena Contreras,Tarde (12-17),Domingo,8,1,1,3,0.8212,0.1766,0.0021,Bajo,0,9.0
La Magdalena Contreras,Madrugada (00-05),Jueves,8,0,0,3,0.9688,0.031,1e-04,Bajo,0,1.6
La Magdalena Contreras,Madrugada (00-05),Jueves,8,1,0,3,0.9726,0.0272,1e-04,Bajo,0,1.4
La Magdalena Contreras,Mañana (06-11),Jueves,8,0,0,3,0.8799,0.1182,0.0019,Bajo,0,6.1
La Magdalena Contreras,Mañana (06-11),Jueves,8,1,0,3,0.8921,0.1058,0.0021,Bajo,0,5.5
La Magdalena Contreras,Noche (18-23),Jueves,8,0,0,3,0.7313,0.2462,0.0225,Bajo,0,14.6
La Magdalena Contreras,Noche (18-23),Jueves,8,1,0,3,0.7231,0.2668,0.0101,Bajo,0,14.4
La Magdalena Contreras,Tarde (12-17),Jueves,8,0,0,3,0.8021,0.1949,0.0029,Bajo,0,10.0
La Magdalena Contreras,Tarde (12-17),Jueves,8,1,0,3,0.8302,0.1669,0.0029,Bajo,0,8.6
La Magdalena Contreras,Madrugada (00-05),Lunes,8,0,0,3,0.9604,0.0394,0.0002,Bajo,0,2.0
La Magdalena Contreras,Madrugada (00-05),Lunes,8,1,0,3,0.9648,0.0349,0.0002,Bajo,0,1.8
La Magdalena Contreras,Mañana (06-11),Lunes,8,0,0,3,0.8694,0.1282,0.0025,Bajo,0,6.7
La Magdalena Contreras,Mañana (06-11),Lunes,8,1,0,3,0.8861,0.1115,0.0025,Bajo,0,5.8
La Magdalena Contreras,Noche (18-23),Lunes,8,0,0,3,0.7387,0.2472,0.0141,Bajo,0,13.8
La Magdalena Contreras,Noche (18-23),Lunes,8,1,0,3,0.7395,0.2505,0.01,Bajo,0,13.5
La Magdalena Contreras,Tarde (12-17),Lunes,8,0,0,3,0.8035,0.1932,0.0033,Bajo,0,10.0
La Magdalena Contreras,Tarde (12-17),Lunes,8,1,0,3,0.8219,0.1746,0.0035,Bajo,0,9.1
La Magdalena Contreras,Madrugada (00-05),Martes,8,0,0,3,0.9867,0.0133,1e-04,Bajo,0,0.7
La Magdalena Contreras,Madrugada (00-05),Martes,8,1,0,3,0.9861,0.0138,1e-04,Bajo,0,0.7
La Magdalena Contreras,Mañana (06-11),Martes,8,0,0,3,0.9028,0.095,0.0022,Bajo,0,5.0
La Magdalena Contreras,Mañana (06-11),Martes,8,1,0,3,0.9012,0.0963,0.0025,Bajo,0,5.1
La Magdalena Contreras,Noche (18-23),Martes,8,0,0,3,0.8064,0.1819,0.0116,Bajo,0,10.3
La Magdalena Contreras,Noche (18-23),Martes,8,1,0,3,0.7554,0.2381,0.0065,Bajo,0,12.6
La Magdalena Contreras,Tarde (12-17),Martes,8,0,0,3,0.9066,0.0913,0.0021,Bajo,0,4.8
La Magdalena Contreras,Tarde (12-17),Martes,8,1,0,3,0.8905,0.1071,0.0024,Bajo,0,5.6
La Magdalena Contreras,Madrugada (00-05),Miércoles,8,0,0,3,0.9799,0.02,1e-04,Bajo,0,1.0
La Magdalena Contreras,Madrugada (00-05),Miércoles,8,1,0,3,0.9798,0.0201,1e-04,Bajo,0,1.0
La Magdalena Contreras,Mañana (06-11),Miércoles,8,0,0,3,0.9061,0.0918,0.0021,Bajo,0,4.8
La Magdalena Contreras,Mañana (06-11),Miércoles,8,1,0,3,0.9072,0.0906,0.0023,Bajo,0,4.8
La Magdalena Contreras,Noche (18-23),Miércoles,8,0,0,3,0.7495,0.2382,0.0123,Bajo,0,13.1
La Magdalena Contreras,Noche (18-23),Miércoles,8,1,0,3,0.7342,0.2587,0.0071,Bajo,0,13.6
La Magdalena Contreras,Tarde (12-17),Miércoles,8,0,0,3,0.8769,0.1204,0.0027,Bajo,0,6.3
La Magdalena Contreras,Tarde (12-17),Miércoles,8,1,0,3,0.8527,0.1444,0.0029,Bajo,0,7.5
La Magdalena Contreras,Madrugada (00-05),Sábado,8,0,1,3,0.8136,0.1831,0.0033,Bajo,0,9.5
La Magdalena Contreras,Madrugada (00-05),Sábado,8,1,1,3,0.8172,0.1792,0.0036,Bajo,0,9.3
La Magdalena Contreras,Mañana (06-11),Sábado,8,0,1,3,0.8954,0.1029,0.0016,Bajo,0,5.3
La Magdalena Contreras,Mañana (06-11),Sábado,8,1,1,3,0.9057,0.0927,0.0016,Bajo,0,4.8
La Magdalena Contreras,Noche (18-23),Sábado,8,0,1,3,0.7377,0.2499,0.0123,Bajo,0,13.7
La Magdalena Contreras,Noche (18-23),Sábado,8,1,1,3,0.6427,0.3364,0.0209,Bajo,0,18.9
La Magdalena Contreras,Tarde (12-17),Sábado,8,0,1,3,0.7368,0.2565,0.0067,Bajo,0,13.5
La Magdalena Contreras,Tarde (12-17),Sábado,8,1,1,3,0.7274,0.2652,0.0075,Bajo,0,14.0
La Magdalena Contreras,Madrugada (00-05),Viernes,8,0,0,3,0.967,0.0328,0.0002,Bajo,0,1.7
La Magdalena Contreras,Madrugada (00-05),Viernes,8,1,0,3,0.964,0.0358,0.0002,Bajo,0,1.8
La Magdalena Contreras,Mañana (06-11),Viernes,8,0,0,3,0.9133,0.0852,0.0015,Bajo,0,4.4
La Magdalena Contreras,Mañana (06-11),Viernes,8,1,0,3,0.8993,0.099,0.0017,Bajo,0,5.1
La Magdalena Contreras,Noche (18-23),Viernes,8,0,0,3,0.5409,0.4141,0.0449,Bajo,0,25.2
La Magdalena Contreras,Noche (18-23),Viernes,8,1,0,3,0.6212,0.3571,0.0218,Bajo,0,20.0
La Magdalena Contreras,Tarde (12-17),Viernes,8,0,0,3,0.8292,0.1676,0.0032,Bajo,0,8.7
La Magdalena Contreras,Tarde (12-17),Viernes,8,1,0,3,0.8073,0.1895,0.0031,Bajo,0,9.8
La Magdalena Contreras,Madrugada (00-05),Domingo,9,0,1,3,0.7733,0.2231,0.0035,Bajo,0,11.5
La Magdalena Contreras,Madrugada (00-05),Domingo,9,1,1,3,0.7687,0.228,0.0033,Bajo,0,11.7
La Magdalena Contreras,Mañana (06-11),Domingo,9,0,1,3,0.8707,0.1285,0.0009,Bajo,0,6.5
La Magdalena Contreras,Mañana (06-11),Domingo,9,1,1,3,0.8775,0.1217,0.0008,Bajo,0,6.2
La Magdalena Contreras,Noche (18-23),Domingo,9,0,1,3,0.6492,0.3249,0.0259,Bajo,0,18.8
La Magdalena Contreras,Noche (18-23),Domingo,9,1,1,3,0.5894,0.3917,0.0189,Bajo,0,21.5
La Magdalena Contreras,Tarde (12-17),Domingo,9,0,1,3,0.833,0.1648,0.0022,Bajo,0,8.5
La Magdalena Contreras,Tarde (12-17),Domingo,9,1,1,3,0.8225,0.1753,0.0022,Bajo,0,9.0
La Magdalena Contreras,Madrugada (00-05),Jueves,9,0,0,3,0.9398,0.06,0.0002,Bajo,0,3.0
La Magdalena Contreras,Madrugada (00-05),Jueves,9,1,0,3,0.9618,0.038,0.0002,Bajo,0,1.9
La Magdalena Contreras,Mañana (06-11),Jueves,9,0,0,3,0.6918,0.3044,0.0039,Bajo,0,15.6
La Magdalena Contreras,Mañana (06-11),Jueves,9,1,0,3,0.8046,0.1924,0.003,Bajo,0,9.9
La Magdalena Contreras,Noche (18-23),Jueves,9,0,0,3,0.5211,0.4357,0.0431,Bajo,0,26.1
La Magdalena Contreras,Noche (18-23),Jueves,9,1,0,3,0.6006,0.3816,0.0178,Bajo,0,20.9
La Magdalena Contreras,Tarde (12-17),Jueves,9,0,0,3,0.7084,0.2874,0.0043,Bajo,0,14.8
La Magdalena Contreras,Tarde (12-17),Jueves,9,1,0,3,0.7937,0.2024,0.004,Bajo,0,10.5
La Magdalena Contreras,Madrugada (00-05),Lunes,9,0,0,3,0.9564,0.0433,0.0003,Bajo,0,2.2
La Magdalena Contreras,Madrugada (00-05),Lunes,9,1,0,3,0.9539,0.0458,0.0003,Bajo,0,2.3
La Magdalena Contreras,Mañana (06-11),Lunes,9,0,0,3,0.7772,0.2171,0.0057,Bajo,0,11.4
La Magdalena Contreras,Mañana (06-11),Lunes,9,1,0,3,0.8129,0.183,0.0042,Bajo,0,9.6
La Magdalena Contreras,Noche (18-23),Lunes,9,0,0,3,0.6639,0.2978,0.0383,Bajo,0,18.7
La Magdalena Contreras,Noche (18-23),Lunes,9,1,0,3,0.6452,0.3282,0.0266,Bajo,0,19.1
La Magdalena Contreras,Tarde (12-17),Lunes,9,0,0,3,0.7722,0.2229,0.005,Bajo,0,11.6
La Magdalena Contreras,Tarde (12-17),Lunes,9,1,0,3,0.7584,0.2369,0.0047,Bajo,0,12.3
La Magdalena Contreras,Madrugada (00-05),Martes,9,0,0,3,0.9813,0.0186,1e-04,Bajo,0,0.9
La Magdalena Contreras,Madrugada (00-05),Martes,9,1,0,3,0.9793,0.0206,1e-04,Bajo,0,1.0
La Magdalena Contreras,Mañana (06-11),Martes,9,0,0,3,0.7997,0.1952,0.0051,Bajo,0,10.3
La Magdalena Contreras,Mañana (06-11),Martes,9,1,0,3,0.8251,0.1709,0.004,Bajo,0,8.9
La Magdalena Contreras,Noche (18-23),Martes,9,0,0,3,0.7098,0.2612,0.0289,Bajo,0,16.0
La Magdalena Contreras,Noche (18-23),Martes,9,1,0,3,0.6482,0.3387,0.0131,Bajo,0,18.2
La Magdalena Contreras,Tarde (12-17),Martes,9,0,0,3,0.8808,0.1158,0.0035,Bajo,0,6.1
La Magdalena Contreras,Tarde (12-17),Martes,9,1,0,3,0.8613,0.1355,0.0032,Bajo,0,7.1
La Magdalena Contreras,Madrugada (00-05),Miércoles,9,0,0,3,0.9792,0.0206,0.0002,Bajo,0,1.0
La Magdalena Contreras,Madrugada (00-05),Miércoles,9,1,0,3,0.978,0.0218,1e-04,Bajo,0,1.1
La Magdalena Contreras,Mañana (06-11),Miércoles,9,0,0,3,0.8348,0.1606,0.0046,Bajo,0,8.5
La Magdalena Contreras,Mañana (06-11),Miércoles,9,1,0,3,0.8608,0.1358,0.0034,Bajo,0,7.1
La Magdalena Contreras,Noche (18-23),Miércoles,9,0,0,3,0.7021,0.2746,0.0232,Bajo,0,16.1
La Magdalena Contreras,Noche (18-23),Miércoles,9,1,0,3,0.6886,0.2998,0.0116,Bajo,0,16.1
La Magdalena Contreras,Tarde (12-17),Miércoles,9,0,0,3,0.8755,0.1205,0.0039,Bajo,0,6.4
La Magdalena Contreras,Tarde (12-17),Miércoles,9,1,0,3,0.8492,0.1469,0.0039,Bajo,0,7.7
La Magdalena Contreras,Madrugada (00-05),Sábado,9,0,1,3,0.7978,0.1976,0.0046,Bajo,0,10.3
La Magdalena Contreras,Madrugada (00-05),Sábado,9,1,1,3,0.8007,0.1947,0.0046,Bajo,0,10.2
La Magdalena Contreras,Mañana (06-11),Sábado,9,0,1,3,0.8723,0.1253,0.0024,Bajo,0,6.5
La Magdalena Contreras,Mañana (06-11),Sábado,9,1,1,3,0.888,0.1099,0.0021,Bajo,0,5.7
La Magdalena Contreras,Noche (18-23),Sábado,9,0,1,3,0.7287,0.2512,0.0201,Bajo,0,14.6
La Magdalena Contreras,Noche (18-23),Sábado,9,1,1,3,0.6297,0.333,0.0373,Bajo,0,20.4
La Magdalena Contreras,Tarde (12-17),Sábado,9,0,1,3,0.7436,0.2465,0.0099,Bajo,0,13.3
La Magdalena Contreras,Tarde (12-17),Sábado,9,1,1,3,0.7336,0.2562,0.0101,Bajo,0,13.8
La Magdalena Contreras,Madrugada (00-05),Viernes,9,0,0,3,0.961,0.0388,0.0002,Bajo,0,2.0
La Magdalena Contreras,Madrugada (00-05),Viernes,9,1,0,3,0.9547,0.045,0.0002,Bajo,0,2.3
La Magdalena Contreras,Mañana (06-11),Viernes,9,0,0,3,0.8453,0.1518,0.0029,Bajo,0,7.9
La Magdalena Contreras,Mañana (06-11),Viernes,9,1,0,3,0.8425,0.1552,0.0023,Bajo,0,8.0
La Magdalena Contreras,Noche (18-23),Viernes,9,0,0,3,0.4991,0.4576,0.0432,Bajo,0,27.2
La Magdalena Contreras,Noche (18-23),Viernes,9,1,0,3,0.5562,0.4226,0.0212,Bajo,0,23.2
La Magdalena Contreras,Tarde (12-17),Viernes,9,0,0,3,0.7843,0.211,0.0047,Bajo,0,11.0
La Magdalena Contreras,Tarde (12-17),Viernes,9,1,0,3,0.7467,0.2489,0.0044,Bajo,0,12.9
La Magdalena Contreras,Madrugada (00-05),Domingo,10,0,1,4,0.622,0.373,0.005,Bajo,0,19.1
La Magdalena Contreras,Madrugada (00-05),Domingo,10,1,1,4,0.6221,0.3723,0.0057,Bajo,0,19.2
La Magdalena Contreras,Mañana (06-11),Domingo,10,0,1,4,0.8214,0.1775,0.0011,Bajo,0,9.0
La Magdalena Contreras,Mañana (06-11),Domingo,10,1,1,4,0.8285,0.1703,0.0012,Bajo,0,8.6
La Magdalena Contreras,Noche (18-23),Domingo,10,0,1,4,0.5383,0.4332,0.0284,Bajo,0,24.5
La Magdalena Contreras,Noche (18-23),Domingo,10,1,1,4,0.4815,0.4955,0.023,Medio,1,27.1
La Magdalena Contreras,Tarde (12-17),Domingo,10,0,1,4,0.6313,0.3647,0.004,Bajo,0,18.6
La Magdalena Contreras,Tarde (12-17),Domingo,10,1,1,4,0.621,0.3744,0.0047,Bajo,0,19.2
La Magdalena Contreras,Madrugada (00-05),Jueves,10,0,0,4,0.8923,0.1074,0.0003,Bajo,0,5.4
La Magdalena Contreras,Madrugada (00-05),Jueves,10,1,0,4,0.9317,0.068,0.0003,Bajo,0,3.4
La Magdalena Contreras,Mañana (06-11),Jueves,10,0,0,4,0.5693,0.4266,0.0042,Bajo,0,21.7
La Magdalena Contreras,Mañana (06-11),Jueves,10,1,0,4,0.7276,0.2682,0.0042,Bajo,0,13.8
La Magdalena Contreras,Noche (18-23),Jueves,10,0,0,4,0.4525,0.5022,0.0453,Medio,1,29.6
La Magdalena Contreras,Noche (18-23),Jueves,10,1,0,4,0.5256,0.4513,0.0231,Bajo,0,24.9
La Magdalena Contreras,Tarde (12-17),Jueves,10,0,0,4,0.4425,0.551,0.0064,Medio,1,28.2
La Magdalena Contreras,Tarde (12-17),Jueves,10,1,0,4,0.562,0.4304,0.0077,Bajo,0,22.3
La Magdalena Contreras,Madrugada (00-05),Lunes,10,0,0,4,0.94,0.0595,0.0005,Bajo,0,3.0
La Magdalena Contreras,Madrugada (00-05),Lunes,10,1,0,4,0.9397,0.0598,0.0005,Bajo,0,3.0
La Magdalena Contreras,Mañana (06-11),Lunes,10,0,0,4,0.7251,0.2695,0.0054,Bajo,0,14.0
La Magdalena Contreras,Mañana (06-11),Lunes,10,1,0,4,0.7769,0.2186,0.0045,Bajo,0,11.4
La Magdalena Contreras,Noche (18-23),Lunes,10,0,0,4,0.6169,0.2997,0.0834,Bajo,0,23.3
La Magdalena Contreras,Noche (18-23),Lunes,10,1,0,4,0.5906,0.3405,0.069,Bajo,0,23.9
La Magdalena Contreras,Tarde (12-17),Lunes,10,0,0,4,0.5809,0.41,0.0091,Bajo,0,21.4
La Magdalena Contreras,Tarde (12-17),Lunes,10,1,0,4,0.5743,0.4161,0.0095,Bajo,0,21.8
La Magdalena Contreras,Madrugada (00-05),Martes,10,0,0,4,0.9781,0.0217,0.0002,Bajo,0,1.1
La Magdalena Contreras,Madrugada (00-05),Martes,10,1,0,4,0.9761,0.0237,0.0002,Bajo,0,1.2
La Magdalena Contreras,Mañana (06-11),Martes,10,0,0,4,0.7717,0.2217,0.0067,Bajo,0,11.8
La Magdalena Contreras,Mañana (06-11),Martes,10,1,0,4,0.8076,0.1865,0.0059,Bajo,0,9.9
La Magdalena Contreras,Noche (18-23),Martes,10,0,0,4,0.7227,0.2292,0.0481,Bajo,0,16.3
La Magdalena Contreras,Noche (18-23),Martes,10,1,0,4,0.6561,0.3162,0.0276,Bajo,0,18.6
La Magdalena Contreras,Tarde (12-17),Martes,10,0,0,4,0.8183,0.1749,0.0068,Bajo,0,9.4
La Magdalena Contreras,Tarde (12-17),Martes,10,1,0,4,0.7996,0.1934,0.007,Bajo,0,10.4
La Magdalena Contreras,Madrugada (00-05),Miércoles,10,0,0,4,0.9476,0.0522,0.0002,Bajo,0,2.6
La Magdalena Contreras,Madrugada (00-05),Miércoles,10,1,0,4,0.9492,0.0506,0.0002,Bajo,0,2.6
La Magdalena Contreras,Mañana (06-11),Miércoles,10,0,0,4,0.7652,0.2306,0.0042,Bajo,0,11.9
La Magdalena Contreras,Mañana (06-11),Miércoles,10,1,0,4,0.8118,0.1843,0.004,Bajo,0,9.6
La Magdalena Contreras,Noche (18-23),Miércoles,10,0,0,4,0.51,0.4595,0.0305,Bajo,0,26.0
La Magdalena Contreras,Noche (18-23),Miércoles,10,1,0,4,0.4922,0.4884,0.0193,Bajo,0,26.4
La Magdalena Contreras,Tarde (12-17),Miércoles,10,0,0,4,0.6895,0.3042,0.0064,Bajo,0,15.8
La Magdalena Contreras,Tarde (12-17),Miércoles,10,1,0,4,0.6493,0.3439,0.0068,Bajo,0,17.9
La Magdalena Contreras,Madrugada (00-05),Sábado,10,0,1,4,0.7093,0.2805,0.0101,Bajo,0,15.0
La Magdalena Contreras,Madrugada (00-05),Sábado,10,1,1,4,0.7143,0.2734,0.0123,Bajo,0,14.9
La Magdalena Contreras,Mañana (06-11),Sábado,10,0,1,4,0.8722,0.1233,0.0045,Bajo,0,6.6
La Magdalena Contreras,Mañana (06-11),Sábado,10,1,1,4,0.8876,0.1075,0.0049,Bajo,0,5.9
La Magdalena Contreras,Noche (18-23),Sábado,10,0,1,4,0.6549,0.3211,0.024,Bajo,0,18.5
La Magdalena Contreras,Noche (18-23),Sábado,10,1,1,4,0.5632,0.3894,0.0474,Bajo,0,24.2
La Magdalena Contreras,Tarde (12-17),Sábado,10,0,1,4,0.6143,0.3584,0.0273,Bajo,0,20.6
La Magdalena Contreras,Tarde (12-17),Sábado,10,1,1,4,0.6127,0.3539,0.0333,Bajo,0,21.0
La Magdalena Contreras,Madrugada (00-05),Viernes,10,0,0,4,0.928,0.0716,0.0004,Bajo,0,3.6
La Magdalena Contreras,Madrugada (00-05),Viernes,10,1,0,4,0.9193,0.0803,0.0004,Bajo,0,4.1
La Magdalena Contreras,Mañana (06-11),Viernes,10,0,0,4,0.7676,0.2288,0.0036,Bajo,0,11.8
La Magdalena Contreras,Mañana (06-11),Viernes,10,1,0,4,0.7677,0.229,0.0033,Bajo,0,11.8
La Magdalena Contreras,Noche (18-23),Viernes,10,0,0,4,0.3752,0.5588,0.066,Medio,1,34.5
La Magdalena Contreras,Noche (18-23),Viernes,10,1,0,4,0.4205,0.5383,0.0412,Medio,1,31.0
La Magdalena Contreras,Tarde (12-17),Viernes,10,0,0,4,0.5287,0.463,0.0084,Bajo,0,24.0
La Magdalena Contreras,Tarde (12-17),Viernes,10,1,0,4,0.4919,0.4996,0.0085,Medio,1,25.8
La Magdalena Contreras,Madrugada (00-05),Domingo,11,0,1,4,0.7011,0.2962,0.0028,Bajo,0,15.1
La Magdalena Contreras,Madrugada (00-05),Domingo,11,1,1,4,0.7366,0.2602,0.0031,Bajo,0,13.3
La Magdalena Contreras,Mañana (06-11),Domingo,11,0,1,4,0.7848,0.2141,0.0011,Bajo,0,10.8
La Magdalena Contreras,Mañana (06-11),Domingo,11,1,1,4,0.8342,0.1646,0.0012,Bajo,0,8.3
La Magdalena Contreras,Noche (18-23),Domingo,11,0,1,4,0.6583,0.3267,0.015,Bajo,0,17.8
La Magdalena Contreras,Noche (18-23),Domingo,11,1,1,4,0.6048,0.3825,0.0127,Bajo,0,20.4
La Magdalena Contreras,Tarde (12-17),Domingo,11,0,1,4,0.7129,0.2843,0.0028,Bajo,0,14.5
La Magdalena Contreras,Tarde (12-17),Domingo,11,1,1,4,0.7443,0.2527,0.0029,Bajo,0,12.9
La Magdalena Contreras,Madrugada (00-05),Jueves,11,0,0,4,0.9275,0.0723,0.0002,Bajo,0,3.6
La Magdalena Contreras,Madrugada (00-05),Jueves,11,1,0,4,0.9514,0.0484,0.0002,Bajo,0,2.4
La Magdalena Contreras,Mañana (06-11),Jueves,11,0,0,4,0.5758,0.4206,0.0036,Bajo,0,21.4
La Magdalena Contreras,Mañana (06-11),Jueves,11,1,0,4,0.7461,0.2503,0.0037,Bajo,0,12.9
La Magdalena Contreras,Noche (18-23),Jueves,11,0,0,4,0.573,0.4016,0.0254,Bajo,0,22.6
La Magdalena Contreras,Noche (18-23),Jueves,11,1,0,4,0.5976,0.3901,0.0123,Bajo,0,20.7
La Magdalena Contreras,Tarde (12-17),Jueves,11,0,0,4,0.5398,0.4559,0.0043,Bajo,0,23.2
La Magdalena Contreras,Tarde (12-17),Jueves,11,1,0,4,0.6725,0.3227,0.0048,Bajo,0,16.6
La Magdalena Contreras,Madrugada (00-05),Lunes,11,0,0,4,0.9594,0.0403,0.0002,Bajo,0,2.0
La Magdalena Contreras,Madrugada (00-05),Lunes,11,1,0,4,0.9659,0.0338,0.0002,Bajo,0,1.7
La Magdalena Contreras,Mañana (06-11),Lunes,11,0,0,4,0.6719,0.3232,0.0048,Bajo,0,16.6
La Magdalena Contreras,Mañana (06-11),Lunes,11,1,0,4,0.7837,0.2126,0.0037,Bajo,0,11.0
La Magdalena Contreras,Noche (18-23),Lunes,11,0,0,4,0.7364,0.2351,0.0284,Bajo,0,14.6
La Magdalena Contreras,Noche (18-23),Lunes,11,1,0,4,0.6974,0.2797,0.023,Bajo,0,16.3
La Magdalena Contreras,Tarde (12-17),Lunes,11,0,0,4,0.6994,0.2955,0.005,Bajo,0,15.3
La Magdalena Contreras,Tarde (12-17),Lunes,11,1,0,4,0.7349,0.2601,0.005,Bajo,0,13.5
La Magdalena Contreras,Madrugada (00-05),Martes,11,0,0,4,0.9826,0.0173,0.0002,Bajo,0,0.9
La Magdalena Contreras,Madrugada (00-05),Martes,11,1,0,4,0.9848,0.0151,0.0002,Bajo,0,0.8
La Magdalena Contreras,Mañana (06-11),Martes,11,0,0,4,0.7534,0.2384,0.0082,Bajo,0,12.7
La Magdalena Contreras,Mañana (06-11),Martes,11,1,0,4,0.8381,0.1549,0.0069,Bajo,0,8.4
La Magdalena Contreras,Noche (18-23),Martes,11,0,0,4,0.7673,0.183,0.0496,Bajo,0,14.1
La Magdalena Contreras,Noche (18-23),Martes,11,1,0,4,0.7392,0.234,0.0268,Bajo,0,14.4
La Magdalena Contreras,Tarde (12-17),Martes,11,0,0,4,0.8482,0.1459,0.0059,Bajo,0,7.9
La Magdalena Contreras,Tarde (12-17),Martes,11,1,0,4,0.8584,0.1361,0.0056,Bajo,0,7.4
La Magdalena Contreras,Madrugada (00-05),Miércoles,11,0,0,4,0.9493,0.0506,1e-04,Bajo,0,2.5
La Magdalena Contreras,Madrugada (00-05),Miércoles,11,1,0,4,0.959,0.0408,1e-04,Bajo,0,2.1
La Magdalena Contreras,Mañana (06-11),Miércoles,11,0,0,4,0.6835,0.313,0.0035,Bajo,0,16.0
La Magdalena Contreras,Mañana (06-11),Miércoles,11,1,0,4,0.7922,0.2041,0.0037,Bajo,0,10.6
La Magdalena Contreras,Noche (18-23),Miércoles,11,0,0,4,0.5838,0.3999,0.0163,Bajo,0,21.6
La Magdalena Contreras,Noche (18-23),Miércoles,11,1,0,4,0.5728,0.4168,0.0105,Bajo,0,21.9
La Magdalena Contreras,Tarde (12-17),Miércoles,11,0,0,4,0.6977,0.2986,0.0037,Bajo,0,15.3
La Magdalena Contreras,Tarde (12-17),Miércoles,11,1,0,4,0.7129,0.2832,0.0039,Bajo,0,14.6
La Magdalena Contreras,Madrugada (00-05),Sábado,11,0,1,4,0.781,0.2134,0.0056,Bajo,0,11.2
La Magdalena Contreras,Madrugada (00-05),Sábado,11,1,1,4,0.8029,0.1901,0.0069,Bajo,0,10.2
La Magdalena Contreras,Mañana (06-11),Sábado,11,0,1,4,0.858,0.138,0.004,Bajo,0,7.3
La Magdalena Contreras,Mañana (06-11),Sábado,11,1,1,4,0.894,0.1019,0.0042,Bajo,0,5.5
La Magdalena Contreras,Noche (18-23),Sábado,11,0,1,4,0.7877,0.2023,0.01,Bajo,0,11.1
La Magdalena Contreras,Noche (18-23),Sábado,11,1,1,4,0.7258,0.2532,0.021,Bajo,0,14.8
La Magdalena Contreras,Tarde (12-17),Sábado,11,0,1,4,0.7215,0.2634,0.015,Bajo,0,14.7
La Magdalena Contreras,Tarde (12-17),Sábado,11,1,1,4,0.7518,0.2305,0.0178,Bajo,0,13.3
La Magdalena Contreras,Madrugada (00-05),Viernes,11,0,0,4,0.9286,0.0712,0.0003,Bajo,0,3.6
La Magdalena Contreras,Madrugada (00-05),Viernes,11,1,0,4,0.9295,0.0702,0.0003,Bajo,0,3.5
La Magdalena Contreras,Mañana (06-11),Viernes,11,0,0,4,0.5964,0.3994,0.0041,Bajo,0,20.4
La Magdalena Contreras,Mañana (06-11),Viernes,11,1,0,4,0.6686,0.3276,0.0038,Bajo,0,16.8
La Magdalena Contreras,Noche (18-23),Viernes,11,0,0,4,0.406,0.5644,0.0295,Medio,1,31.2
La Magdalena Contreras,Noche (18-23),Viernes,11,1,0,4,0.4732,0.51,0.0168,Medio,1,27.2
La Magdalena Contreras,Tarde (12-17),Viernes,11,0,0,4,0.5795,0.415,0.0055,Bajo,0,21.3
La Magdalena Contreras,Tarde (12-17),Viernes,11,1,0,4,0.6109,0.3835,0.0055,Bajo,0,19.7
La Magdalena Contreras,Madrugada (00-05),Domingo,12,0,1,4,0.6774,0.3198,0.0028,Bajo,0,16.3
La Magdalena Contreras,Madrugada (00-05),Domingo,12,1,1,4,0.7915,0.2057,0.0028,Bajo,0,10.6
La Magdalena Contreras,Mañana (06-11),Domingo,12,0,1,4,0.7456,0.2531,0.0013,Bajo,0,12.8
La Magdalena Contreras,Mañana (06-11),Domingo,12,1,1,4,0.8713,0.1279,0.0009,Bajo,0,6.5
La Magdalena Contreras,Noche (18-23),Domingo,12,0,1,4,0.6383,0.3213,0.0403,Bajo,0,20.1
La Magdalena Contreras,Noche (18-23),Domingo,12,1,1,4,0.6888,0.2955,0.0157,Bajo,0,16.3
La Magdalena Contreras,Tarde (12-17),Domingo,12,0,1,4,0.6915,0.3044,0.0041,Bajo,0,15.6
La Magdalena Contreras,Tarde (12-17),Domingo,12,1,1,4,0.8087,0.1878,0.0035,Bajo,0,9.7
La Magdalena Contreras,Madrugada (00-05),Jueves,12,0,0,4,0.9168,0.0829,0.0002,Bajo,0,4.2
La Magdalena Contreras,Madrugada (00-05),Jueves,12,1,0,4,0.963,0.0368,0.0002,Bajo,0,1.9
La Magdalena Contreras,Mañana (06-11),Jueves,12,0,0,4,0.5849,0.411,0.0041,Bajo,0,21.0
La Magdalena Contreras,Mañana (06-11),Jueves,12,1,0,4,0.8441,0.1535,0.0024,Bajo,0,7.9
La Magdalena Contreras,Noche (18-23),Jueves,12,0,0,4,0.5817,0.3606,0.0577,Bajo,0,23.8
La Magdalena Contreras,Noche (18-23),Jueves,12,1,0,4,0.7045,0.2804,0.0151,Bajo,0,15.5
La Magdalena Contreras,Tarde (12-17),Jueves,12,0,0,4,0.5447,0.4497,0.0056,Bajo,0,23.0
La Magdalena Contreras,Tarde (12-17),Jueves,12,1,0,4,0.7907,0.2043,0.005,Bajo,0,10.7
La Magdalena Contreras,Madrugada (00-05),Lunes,12,0,0,4,0.9509,0.0488,0.0003,Bajo,0,2.5
La Magdalena Contreras,Madrugada (00-05),Lunes,12,1,0,4,0.973,0.0268,0.0002,Bajo,0,1.4
La Magdalena Contreras,Mañana (06-11),Lunes,12,0,0,4,0.6899,0.3045,0.0056,Bajo,0,15.8
La Magdalena Contreras,Mañana (06-11),Lunes,12,1,0,4,0.8864,0.1109,0.0027,Bajo,0,5.8
La Magdalena Contreras,Noche (18-23),Lunes,12,0,0,4,0.7914,0.1555,0.0531,Bajo,0,13.1
La Magdalena Contreras,Noche (18-23),Lunes,12,1,0,4,0.7469,0.2263,0.0268,Bajo,0,14.0
La Magdalena Contreras,Tarde (12-17),Lunes,12,0,0,4,0.6434,0.3504,0.0061,Bajo,0,18.1
La Magdalena Contreras,Tarde (12-17),Lunes,12,1,0,4,0.7904,0.2046,0.0051,Bajo,0,10.7
La Magdalena Contreras,Madrugada (00-05),Martes,12,0,0,4,0.9596,0.0401,0.0003,Bajo,0,2.0
La Magdalena Contreras,Madrugada (00-05),Martes,12,1,0,4,0.9836,0.0162,0.0002,Bajo,0,0.8
La Magdalena Contreras,Mañana (06-11),Martes,12,0,0,4,0.6161,0.3771,0.0068,Bajo,0,19.5
La Magdalena Contreras,Mañana (06-11),Martes,12,1,0,4,0.8811,0.1159,0.003,Bajo,0,6.1
La Magdalena Contreras,Noche (18-23),Martes,12,0,0,4,0.6073,0.2332,0.1595,Bajo,0,27.6
La Magdalena Contreras,Noche (18-23),Martes,12,1,0,4,0.7745,0.1874,0.0382,Bajo,0,13.2
La Magdalena Contreras,Tarde (12-17),Martes,12,0,0,4,0.7383,0.2537,0.008,Bajo,0,13.5
La Magdalena Contreras,Tarde (12-17),Martes,12,1,0,4,0.8797,0.1146,0.0057,Bajo,0,6.3
La Magdalena Contreras,Madrugada (00-05),Miércoles,12,0,0,4,0.9473,0.0525,0.0002,Bajo,0,2.6
La Magdalena Contreras,Madrugada (00-05),Miércoles,12,1,0,4,0.9753,0.0245,1e-04,Bajo,0,1.2
La Magdalena Contreras,Mañana (06-11),Miércoles,12,0,0,4,0.6522,0.3435,0.0043,Bajo,0,17.6
La Magdalena Contreras,Mañana (06-11),Miércoles,12,1,0,4,0.8829,0.1148,0.0024,Bajo,0,6.0
La Magdalena Contreras,Noche (18-23),Miércoles,12,0,0,4,0.6021,0.3538,0.0441,Bajo,0,22.1
La Magdalena Contreras,Noche (18-23),Miércoles,12,1,0,4,0.728,0.259,0.013,Bajo,0,14.3
La Magdalena Contreras,Tarde (12-17),Miércoles,12,0,0,4,0.7014,0.2938,0.0048,Bajo,0,15.2
La Magdalena Contreras,Tarde (12-17),Miércoles,12,1,0,4,0.8333,0.1627,0.0041,Bajo,0,8.5
La Magdalena Contreras,Madrugada (00-05),Sábado,12,0,1,4,0.6478,0.3438,0.0084,Bajo,0,18.0
La Magdalena Contreras,Madrugada (00-05),Sábado,12,1,1,4,0.7754,0.2159,0.0087,Bajo,0,11.7
La Magdalena Contreras,Mañana (06-11),Sábado,12,0,1,4,0.8061,0.1889,0.0049,Bajo,0,9.9
La Magdalena Contreras,Mañana (06-11),Sábado,12,1,1,4,0.9014,0.0954,0.0033,Bajo,0,5.1
La Magdalena Contreras,Noche (18-23),Sábado,12,0,1,4,0.7525,0.2229,0.0246,Bajo,0,13.6
La Magdalena Contreras,Noche (18-23),Sábado,12,1,1,4,0.7735,0.2034,0.023,Bajo,0,12.5
La Magdalena Contreras,Tarde (12-17),Sábado,12,0,1,4,0.5771,0.3939,0.029,Bajo,0,22.6
La Magdalena Contreras,Tarde (12-17),Sábado,12,1,1,4,0.7301,0.2453,0.0247,Bajo,0,14.7
La Magdalena Contreras,Madrugada (00-05),Viernes,12,0,0,4,0.9128,0.0868,0.0004,Bajo,0,4.4
La Magdalena Contreras,Madrugada (00-05),Viernes,12,1,0,4,0.9379,0.0617,0.0004,Bajo,0,3.1
La Magdalena Contreras,Mañana (06-11),Viernes,12,0,0,4,0.6327,0.3633,0.004,Bajo,0,18.6
La Magdalena Contreras,Mañana (06-11),Viernes,12,1,0,4,0.8121,0.1854,0.0025,Bajo,0,9.5
La Magdalena Contreras,Noche (18-23),Viernes,12,0,0,4,0.3006,0.6327,0.0667,Medio,1,38.3
La Magdalena Contreras,Noche (18-23),Viernes,12,1,0,4,0.4563,0.5235,0.0202,Medio,1,28.2
La Magdalena Contreras,Tarde (12-17),Viernes,12,0,0,4,0.5138,0.4797,0.0065,Bajo,0,24.6
La Magdalena Contreras,Tarde (12-17),Viernes,12,1,0,4,0.6678,0.3257,0.0066,Bajo,0,16.9
Miguel Hidalgo,Madrugada (00-05),Domingo,1,0,1,1,0.5108,0.3588,0.1303,Bajo,0,31.0
Miguel Hidalgo,Madrugada (00-05),Domingo,1,1,1,1,0.403,0.4275,0.1695,Medio,1,38.3
Miguel Hidalgo,Mañana (06-11),Domingo,1,0,1,1,0.296,0.444,0.26,Medio,1,48.2
Miguel Hidalgo,Mañana (06-11),Domingo,1,1,1,1,0.2359,0.478,0.2861,Medio,1,52.5
Miguel Hidalgo,Noche (18-23),Domingo,1,0,1,1,0.2416,0.4399,0.3185,Medio,1,53.8
Miguel Hidalgo,Noche (18-23),Domingo,1,1,1,1,0.2192,0.3918,0.389,Medio,1,58.5
Miguel Hidalgo,Tarde (12-17),Domingo,1,0,1,1,0.1603,0.3782,0.4615,Alto,2,65.1
Miguel Hidalgo,Tarde (12-17),Domingo,1,1,1,1,0.0722,0.4786,0.4491,Medio,1,68.8
Miguel Hidalgo,Madrugada (00-05),Jueves,1,0,0,1,0.8716,0.115,0.0134,Bajo,0,7.1
Miguel Hidalgo,Madrugada (00-05),Jueves,1,1,0,1,0.8857,0.0993,0.015,Bajo,0,6.5
Miguel Hidalgo,Mañana (06-11),Jueves,1,0,0,1,0.1097,0.2886,0.6016,Alto,2,74.6
Miguel Hidalgo,Mañana (06-11),Jueves,1,1,0,1,0.1081,0.2401,0.6517,Alto,2,77.2
Miguel Hidalgo,Noche (18-23),Jueves,1,0,0,1,0.1838,0.3235,0.4927,Alto,2,65.4
Miguel Hidalgo,Noche (18-23),Jueves,1,1,0,1,0.1939,0.2529,0.5531,Alto,2,68.0
Miguel Hidalgo,Tarde (12-17),Jueves,1,0,0,1,0.0681,0.4049,0.527,Alto,2,72.9
Miguel Hidalgo,Tarde (12-17),Jueves,1,1,0,1,0.0594,0.3684,0.5722,Alto,2,75.6
Miguel Hidalgo,Madrugada (00-05),Lunes,1,0,0,1,0.8818,0.105,0.0132,Bajo,0,6.6
Miguel Hidalgo,Madrugada (00-05),Lunes,1,1,0,1,0.8707,0.1148,0.0146,Bajo,0,7.2
Miguel Hidalgo,Mañana (06-11),Lunes,1,0,0,1,0.1925,0.2627,0.5448,Alto,2,67.6
Miguel Hidalgo,Mañana (06-11),Lunes,1,1,0,1,0.1774,0.2875,0.5352,Alto,2,67.9
Miguel Hidalgo,Noche (18-23),Lunes,1,0,0,1,0.198,0.3233,0.4787,Alto,2,64.0
Miguel Hidalgo,Noche (18-23),Lunes,1,1,0,1,0.1567,0.3339,0.5094,Alto,2,67.6
Miguel Hidalgo,Tarde (12-17),Lunes,1,0,0,1,0.0861,0.263,0.6509,Alto,2,78.2
Miguel Hidalgo,Tarde (12-17),Lunes,1,1,0,1,0.0613,0.3238,0.6149,Alto,2,77.7
Miguel Hidalgo,Madrugada (00-05),Martes,1,0,0,1,0.9243,0.0667,0.009,Bajo,0,4.2
Miguel Hidalgo,Madrugada (00-05),Martes,1,1,0,1,0.9255,0.0626,0.0119,Bajo,0,4.3
Miguel Hidalgo,Mañana (06-11),Martes,1,0,0,1,0.0765,0.2827,0.6408,Alto,2,78.2
Miguel Hidalgo,Mañana (06-11),Martes,1,1,0,1,0.0522,0.2352,0.7126,Alto,2,83.0
Miguel Hidalgo,Noche (18-23),Martes,1,0,0,1,0.1487,0.3771,0.4742,Alto,2,66.3
Miguel Hidalgo,Noche (18-23),Martes,1,1,0,1,0.1508,0.2327,0.6165,Alto,2,73.3
Miguel Hidalgo,Tarde (12-17),Martes,1,0,0,1,0.056,0.4066,0.5374,Alto,2,74.1
Miguel Hidalgo,Tarde (12-17),Martes,1,1,0,1,0.0396,0.366,0.5944,Alto,2,77.7
Miguel Hidalgo,Madrugada (00-05),Miércoles,1,0,0,1,0.836,0.1496,0.0144,Bajo,0,8.9
Miguel Hidalgo,Madrugada (00-05),Miércoles,1,1,0,1,0.6854,0.3018,0.0128,Bajo,0,16.4
Miguel Hidalgo,Mañana (06-11),Miércoles,1,0,0,1,0.078,0.3872,0.5348,Alto,2,72.8
Miguel Hidalgo,Mañana (06-11),Miércoles,1,1,0,1,0.0507,0.5754,0.3739,Medio,1,66.2
Miguel Hidalgo,Noche (18-23),Miércoles,1,0,0,1,0.0748,0.5075,0.4177,Medio,1,67.1
Miguel Hidalgo,Noche (18-23),Miércoles,1,1,0,1,0.068,0.6794,0.2526,Medio,1,59.2
Miguel Hidalgo,Tarde (12-17),Miércoles,1,0,0,1,0.0393,0.2264,0.7343,Alto,2,84.7
Miguel Hidalgo,Tarde (12-17),Miércoles,1,1,0,1,0.025,0.4077,0.5673,Alto,2,77.1
Miguel Hidalgo,Madrugada (00-05),Sábado,1,0,1,1,0.451,0.4168,0.1322,Bajo,0,34.1
Miguel Hidalgo,Madrugada (00-05),Sábado,1,1,1,1,0.3514,0.4877,0.1609,Medio,1,40.5
Miguel Hidalgo,Mañana (06-11),Sábado,1,0,1,1,0.1535,0.4473,0.3992,Medio,1,62.3
Miguel Hidalgo,Mañana (06-11),Sábado,1,1,1,1,0.1177,0.5374,0.3449,Medio,1,61.4
Miguel Hidalgo,Noche (18-23),Sábado,1,0,1,1,0.2062,0.4962,0.2976,Medio,1,54.6
Miguel Hidalgo,Noche (18-23),Sábado,1,1,1,1,0.1829,0.4511,0.366,Medio,1,59.2
Miguel Hidalgo,Tarde (12-17),Sábado,1,0,1,1,0.0654,0.3367,0.5979,Alto,2,76.6
Miguel Hidalgo,Tarde (12-17),Sábado,1,1,1,1,0.0321,0.4214,0.5465,Alto,2,75.7
Miguel Hidalgo,Madrugada (00-05),Viernes,1,0,0,1,0.4173,0.5613,0.0213,Medio,1,30.2
Miguel Hidalgo,Madrugada (00-05),Viernes,1,1,0,1,0.4329,0.5478,0.0193,Medio,1,29.3
Miguel Hidalgo,Mañana (06-11),Viernes,1,0,0,1,0.0556,0.4496,0.4947,Alto,2,72.0
Miguel Hidalgo,Mañana (06-11),Viernes,1,1,0,1,0.062,0.5363,0.4018,Medio,1,67.0
Miguel Hidalgo,Noche (18-23),Viernes,1,0,0,1,0.0525,0.4492,0.4983,Alto,2,72.3
Miguel Hidalgo,Noche (18-23),Viernes,1,1,0,1,0.0835,0.4264,0.4901,Alto,2,70.3
Miguel Hidalgo,Tarde (12-17),Viernes,1,0,0,1,0.0384,0.3416,0.6199,Alto,2,79.1
Miguel Hidalgo,Tarde (12-17),Viernes,1,1,0,1,0.0455,0.4556,0.4989,Alto,2,72.7
Miguel Hidalgo,Madrugada (00-05),Domingo,2,0,1,1,0.1924,0.6529,0.1547,Medio,1,48.1
Miguel Hidalgo,Madrugada (00-05),Domingo,2,1,1,1,0.1677,0.6745,0.1579,Medio,1,49.5
Miguel Hidalgo,Mañana (06-11),Domingo,2,0,1,1,0.2108,0.6256,0.1636,Medio,1,47.6
Miguel Hidalgo,Mañana (06-11),Domingo,2,1,1,1,0.1878,0.6426,0.1696,Medio,1,49.1
Miguel Hidalgo,Noche (18-23),Domingo,2,0,1,1,0.0834,0.587,0.3296,Medio,1,62.3
Miguel Hidalgo,Noche (18-23),Domingo,2,1,1,1,0.0693,0.5809,0.3498,Medio,1,64.0
Miguel Hidalgo,Tarde (12-17),Domingo,2,0,1,1,0.0582,0.4523,0.4895,Alto,2,71.6
Miguel Hidalgo,Tarde (12-17),Domingo,2,1,1,1,0.0343,0.5465,0.4192,Medio,1,69.2
Miguel Hidalgo,Madrugada (00-05),Jueves,2,0,0,1,0.637,0.3392,0.0238,Bajo,0,19.3
Miguel Hidalgo,Madrugada (00-05),Jueves,2,1,0,1,0.642,0.329,0.029,Bajo,0,19.4
Miguel Hidalgo,Mañana (06-11),Jueves,2,0,0,1,0.0769,0.5084,0.4147,Medio,1,66.9
Miguel Hidalgo,Mañana (06-11),Jueves,2,1,0,1,0.0718,0.4475,0.4808,Alto,2,70.4
Miguel Hidalgo,Noche (18-23),Jueves,2,0,0,1,0.0744,0.4684,0.4572,Medio,1,69.1
Miguel Hidalgo,Noche (18-23),Jueves,2,1,0,1,0.0627,0.4179,0.5194,Alto,2,72.8
Miguel Hidalgo,Tarde (12-17),Jueves,2,0,0,1,0.0281,0.282,0.6899,Alto,2,83.1
Miguel Hidalgo,Tarde (12-17),Jueves,2,1,0,1,0.0248,0.2452,0.73,Alto,2,85.3
Miguel Hidalgo,Madrugada (00-05),Lunes,2,0,0,1,0.7127,0.2683,0.019,Bajo,0,15.3
Miguel Hidalgo,Madrugada (00-05),Lunes,2,1,0,1,0.6842,0.2954,0.0204,Bajo,0,16.8
Miguel Hidalgo,Mañana (06-11),Lunes,2,0,0,1,0.1819,0.4144,0.4037,Medio,1,61.1
Miguel Hidalgo,Mañana (06-11),Lunes,2,1,0,1,0.1567,0.4559,0.3874,Medio,1,61.5
Miguel Hidalgo,Noche (18-23),Lunes,2,0,0,1,0.1254,0.4934,0.3812,Medio,1,62.8
Miguel Hidalgo,Noche (18-23),Lunes,2,1,0,1,0.1053,0.4968,0.3979,Medio,1,64.6
Miguel Hidalgo,Tarde (12-17),Lunes,2,0,0,1,0.0332,0.2277,0.7391,Alto,2,85.3
Miguel Hidalgo,Tarde (12-17),Lunes,2,1,0,1,0.0265,0.2834,0.69,Alto,2,83.2
Miguel Hidalgo,Madrugada (00-05),Martes,2,0,0,1,0.8409,0.1453,0.0138,Bajo,0,8.6
Miguel Hidalgo,Madrugada (00-05),Martes,2,1,0,1,0.8448,0.1372,0.018,Bajo,0,8.7
Miguel Hidalgo,Mañana (06-11),Martes,2,0,0,1,0.0847,0.3965,0.5188,Alto,2,71.7
Miguel Hidalgo,Mañana (06-11),Martes,2,1,0,1,0.0625,0.3448,0.5927,Alto,2,76.5
Miguel Hidalgo,Noche (18-23),Martes,2,0,0,1,0.0849,0.4776,0.4375,Medio,1,67.6
Miguel Hidalgo,Noche (18-23),Martes,2,1,0,1,0.0684,0.344,0.5876,Alto,2,76.0
Miguel Hidalgo,Tarde (12-17),Martes,2,0,0,1,0.0215,0.2393,0.7392,Alto,2,85.9
Miguel Hidalgo,Tarde (12-17),Martes,2,1,0,1,0.017,0.2265,0.7565,Alto,2,87.0
Miguel Hidalgo,Madrugada (00-05),Miércoles,2,0,0,1,0.7949,0.1921,0.0131,Bajo,0,10.9
Miguel Hidalgo,Madrugada (00-05),Miércoles,2,1,0,1,0.7799,0.2042,0.0158,Bajo,0,11.8
Miguel Hidalgo,Mañana (06-11),Miércoles,2,0,0,1,0.1119,0.4238,0.4643,Alto,2,67.6
Miguel Hidalgo,Mañana (06-11),Miércoles,2,1,0,1,0.1068,0.4062,0.487,Alto,2,69.0
Miguel Hidalgo,Noche (18-23),Miércoles,2,0,0,1,0.0761,0.5739,0.3501,Medio,1,63.7
Miguel Hidalgo,Noche (18-23),Miércoles,2,1,0,1,0.0684,0.5529,0.3788,Medio,1,65.5
Miguel Hidalgo,Tarde (12-17),Miércoles,2,0,0,1,0.0275,0.2191,0.7534,Alto,2,86.3
Miguel Hidalgo,Tarde (12-17),Miércoles,2,1,0,1,0.0223,0.2361,0.7416,Alto,2,86.0
Miguel Hidalgo,Madrugada (00-05),Sábado,2,0,1,1,0.1994,0.6324,0.1682,Medio,1,48.4
Miguel Hidalgo,Madrugada (00-05),Sábado,2,1,1,1,0.1695,0.6679,0.1626,Medio,1,49.7
Miguel Hidalgo,Mañana (06-11),Sábado,2,0,1,1,0.1301,0.5411,0.3288,Medio,1,59.9
Miguel Hidalgo,Mañana (06-11),Sábado,2,1,1,1,0.1097,0.627,0.2633,Medio,1,57.7
Miguel Hidalgo,Noche (18-23),Sábado,2,0,1,1,0.0716,0.5857,0.3427,Medio,1,63.6
Miguel Hidalgo,Noche (18-23),Sábado,2,1,1,1,0.0639,0.5842,0.3519,Medio,1,64.4
Miguel Hidalgo,Tarde (12-17),Sábado,2,0,1,1,0.029,0.3322,0.6388,Alto,2,80.5
Miguel Hidalgo,Tarde (12-17),Sábado,2,1,1,1,0.0179,0.3767,0.6054,Alto,2,79.4
Miguel Hidalgo,Madrugada (00-05),Viernes,2,0,0,1,0.4095,0.557,0.0334,Medio,1,31.2
Miguel Hidalgo,Madrugada (00-05),Viernes,2,1,0,1,0.45,0.5241,0.026,Medio,1,28.8
Miguel Hidalgo,Mañana (06-11),Viernes,2,0,0,1,0.0765,0.4694,0.454,Medio,1,68.9
Miguel Hidalgo,Mañana (06-11),Viernes,2,1,0,1,0.0953,0.5677,0.3369,Medio,1,62.1
Miguel Hidalgo,Noche (18-23),Viernes,2,0,0,1,0.0338,0.3655,0.6007,Alto,2,78.3
Miguel Hidalgo,Noche (18-23),Viernes,2,1,0,1,0.0453,0.3934,0.5613,Alto,2,75.8
Miguel Hidalgo,Tarde (12-17),Viernes,2,0,0,1,0.0184,0.2242,0.7573,Alto,2,86.9
Miguel Hidalgo,Tarde (12-17),Viernes,2,1,0,1,0.0277,0.3146,0.6577,Alto,2,81.5
Miguel Hidalgo,Madrugada (00-05),Domingo,3,0,1,1,0.2199,0.5851,0.195,Medio,1,48.8
Miguel Hidalgo,Madrugada (00-05),Domingo,3,1,1,1,0.1958,0.6013,0.2029,Medio,1,50.4
Miguel Hidalgo,Mañana (06-11),Domingo,3,0,1,1,0.2062,0.61,0.1838,Medio,1,48.9
Miguel Hidalgo,Mañana (06-11),Domingo,3,1,1,1,0.1891,0.6223,0.1886,Medio,1,50.0
Miguel Hidalgo,Noche (18-23),Domingo,3,0,1,1,0.1069,0.4729,0.4202,Medio,1,65.7
Miguel Hidalgo,Noche (18-23),Domingo,3,1,1,1,0.0831,0.4752,0.4417,Medio,1,67.9
Miguel Hidalgo,Tarde (12-17),Domingo,3,0,1,1,0.0673,0.4809,0.4518,Medio,1,69.2
Miguel Hidalgo,Tarde (12-17),Domingo,3,1,1,1,0.0429,0.5207,0.4364,Medio,1,69.7
Miguel Hidalgo,Madrugada (00-05),Jueves,3,0,0,1,0.6922,0.2751,0.0327,Bajo,0,17.0
Miguel Hidalgo,Madrugada (00-05),Jueves,3,1,0,1,0.6842,0.2743,0.0415,Bajo,0,17.9
Miguel Hidalgo,Mañana (06-11),Jueves,3,0,0,1,0.071,0.3697,0.5592,Alto,2,74.4
Miguel Hidalgo,Mañana (06-11),Jueves,3,1,0,1,0.0623,0.315,0.6226,Alto,2,78.0
Miguel Hidalgo,Noche (18-23),Jueves,3,0,0,1,0.0766,0.3367,0.5867,Alto,2,75.5
Miguel Hidalgo,Noche (18-23),Jueves,3,1,0,1,0.0603,0.2955,0.6442,Alto,2,79.2
Miguel Hidalgo,Tarde (12-17),Jueves,3,0,0,1,0.0431,0.2325,0.7244,Alto,2,84.1
Miguel Hidalgo,Tarde (12-17),Jueves,3,1,0,1,0.0351,0.1827,0.7822,Alto,2,87.4
Miguel Hidalgo,Madrugada (00-05),Lunes,3,0,0,1,0.7594,0.2183,0.0223,Bajo,0,13.1
Miguel Hidalgo,Madrugada (00-05),Lunes,3,1,0,1,0.7336,0.2423,0.0241,Bajo,0,14.5
Miguel Hidalgo,Mañana (06-11),Lunes,3,0,0,1,0.1191,0.3737,0.5072,Alto,2,69.4
Miguel Hidalgo,Mañana (06-11),Lunes,3,1,0,1,0.109,0.415,0.476,Alto,2,68.3
Miguel Hidalgo,Noche (18-23),Lunes,3,0,0,1,0.1646,0.3879,0.4474,Alto,2,64.1
Miguel Hidalgo,Noche (18-23),Lunes,3,1,0,1,0.1437,0.4002,0.4561,Alto,2,65.6
Miguel Hidalgo,Tarde (12-17),Lunes,3,0,0,1,0.0389,0.2643,0.6967,Alto,2,82.9
Miguel Hidalgo,Tarde (12-17),Lunes,3,1,0,1,0.0334,0.2836,0.6829,Alto,2,82.5
Miguel Hidalgo,Madrugada (00-05),Martes,3,0,0,1,0.867,0.1154,0.0175,Bajo,0,7.5
Miguel Hidalgo,Madrugada (00-05),Martes,3,1,0,1,0.8774,0.0983,0.0243,Bajo,0,7.3
Miguel Hidalgo,Mañana (06-11),Martes,3,0,0,1,0.0643,0.2871,0.6487,Alto,2,79.2
Miguel Hidalgo,Mañana (06-11),Martes,3,1,0,1,0.0455,0.2077,0.7467,Alto,2,85.1
Miguel Hidalgo,Noche (18-23),Martes,3,0,0,1,0.0966,0.3617,0.5417,Alto,2,72.3
Miguel Hidalgo,Noche (18-23),Martes,3,1,0,1,0.0677,0.2425,0.6897,Alto,2,81.1
Miguel Hidalgo,Tarde (12-17),Martes,3,0,0,1,0.0264,0.2611,0.7125,Alto,2,84.3
Miguel Hidalgo,Tarde (12-17),Martes,3,1,0,1,0.02,0.19,0.7901,Alto,2,88.5
Miguel Hidalgo,Madrugada (00-05),Miércoles,3,0,0,1,0.8258,0.157,0.0173,Bajo,0,9.6
Miguel Hidalgo,Madrugada (00-05),Miércoles,3,1,0,1,0.8258,0.1525,0.0216,Bajo,0,9.8
Miguel Hidalgo,Mañana (06-11),Miércoles,3,0,0,1,0.0983,0.3162,0.5855,Alto,2,74.4
Miguel Hidalgo,Mañana (06-11),Miércoles,3,1,0,1,0.0979,0.2762,0.6259,Alto,2,76.4
Miguel Hidalgo,Noche (18-23),Miércoles,3,0,0,1,0.0925,0.413,0.4945,Alto,2,70.1
Miguel Hidalgo,Noche (18-23),Miércoles,3,1,0,1,0.0804,0.3791,0.5404,Alto,2,73.0
Miguel Hidalgo,Tarde (12-17),Miércoles,3,0,0,1,0.0339,0.242,0.7241,Alto,2,84.5
Miguel Hidalgo,Tarde (12-17),Miércoles,3,1,0,1,0.0269,0.2003,0.7729,Alto,2,87.3
Miguel Hidalgo,Madrugada (00-05),Sábado,3,0,1,1,0.2307,0.5561,0.2132,Medio,1,49.1
Miguel Hidalgo,Madrugada (00-05),Sábado,3,1,1,1,0.2035,0.5932,0.2033,Medio,1,50.0
Miguel Hidalgo,Mañana (06-11),Sábado,3,0,1,1,0.1322,0.4866,0.3812,Medio,1,62.4
Miguel Hidalgo,Mañana (06-11),Sábado,3,1,1,1,0.1169,0.5899,0.2932,Medio,1,58.8
Miguel Hidalgo,Noche (18-23),Sábado,3,0,1,1,0.0926,0.4823,0.4251,Medio,1,66.6
Miguel Hidalgo,Noche (18-23),Sábado,3,1,1,1,0.0792,0.4997,0.4211,Medio,1,67.1
Miguel Hidalgo,Tarde (12-17),Sábado,3,0,1,1,0.0379,0.3525,0.6095,Alto,2,78.6
Miguel Hidalgo,Tarde (12-17),Sábado,3,1,1,1,0.027,0.4356,0.5374,Alto,2,75.5
Miguel Hidalgo,Madrugada (00-05),Viernes,3,0,0,1,0.4348,0.5155,0.0496,Medio,1,30.7
Miguel Hidalgo,Madrugada (00-05),Viernes,3,1,0,1,0.5144,0.4507,0.0348,Bajo,0,26.0
Miguel Hidalgo,Mañana (06-11),Viernes,3,0,0,1,0.0612,0.3781,0.5608,Alto,2,75.0
Miguel Hidalgo,Mañana (06-11),Viernes,3,1,0,1,0.0964,0.495,0.4086,Medio,1,65.6
Miguel Hidalgo,Noche (18-23),Viernes,3,0,0,1,0.0291,0.2356,0.7353,Alto,2,85.3
Miguel Hidalgo,Noche (18-23),Viernes,3,1,0,1,0.0459,0.2953,0.6587,Alto,2,80.6
Miguel Hidalgo,Tarde (12-17),Viernes,3,0,0,1,0.0189,0.1849,0.7963,Alto,2,88.9
Miguel Hidalgo,Tarde (12-17),Viernes,3,1,0,1,0.0342,0.2418,0.724,Alto,2,84.5
Miguel Hidalgo,Madrugada (00-05),Domingo,4,0,1,2,0.274,0.5663,0.1597,Medio,1,44.3
Miguel Hidalgo,Madrugada (00-05),Domingo,4,1,1,2,0.2284,0.5823,0.1894,Medio,1,48.0
Miguel Hidalgo,Mañana (06-11),Domingo,4,0,1,2,0.2838,0.5557,0.1605,Medio,1,43.8
Miguel Hidalgo,Mañana (06-11),Domingo,4,1,1,2,0.2254,0.5909,0.1836,Medio,1,47.9
Miguel Hidalgo,Noche (18-23),Domingo,4,0,1,2,0.1091,0.5471,0.3438,Medio,1,61.7
Miguel Hidalgo,Noche (18-23),Domingo,4,1,1,2,0.0833,0.5117,0.405,Medio,1,66.1
Miguel Hidalgo,Tarde (12-17),Domingo,4,0,1,2,0.1275,0.5314,0.3411,Medio,1,60.7
Miguel Hidalgo,Tarde (12-17),Domingo,4,1,1,2,0.077,0.5259,0.3971,Medio,1,66.0
Miguel Hidalgo,Madrugada (00-05),Jueves,4,0,0,2,0.7552,0.2267,0.0181,Bajo,0,13.1
Miguel Hidalgo,Madrugada (00-05),Jueves,4,1,0,2,0.7208,0.2501,0.0291,Bajo,0,15.4
Miguel Hidalgo,Mañana (06-11),Jueves,4,0,0,2,0.129,0.4576,0.4135,Medio,1,64.2
Miguel Hidalgo,Mañana (06-11),Jueves,4,1,0,2,0.0904,0.3994,0.5102,Alto,2,71.0
Miguel Hidalgo,Noche (18-23),Jueves,4,0,0,2,0.0897,0.4506,0.4597,Alto,2,68.5
Miguel Hidalgo,Noche (18-23),Jueves,4,1,0,2,0.0598,0.3662,0.5741,Alto,2,75.7
Miguel Hidalgo,Tarde (12-17),Jueves,4,0,0,2,0.0893,0.343,0.5677,Alto,2,73.9
Miguel Hidalgo,Tarde (12-17),Jueves,4,1,0,2,0.0597,0.2426,0.6977,Alto,2,81.9
Miguel Hidalgo,Madrugada (00-05),Lunes,4,0,0,2,0.7981,0.1833,0.0185,Bajo,0,11.0
Miguel Hidalgo,Madrugada (00-05),Lunes,4,1,0,2,0.7445,0.2323,0.0232,Bajo,0,13.9
Miguel Hidalgo,Mañana (06-11),Lunes,4,0,0,2,0.1612,0.403,0.4358,Alto,2,63.7
Miguel Hidalgo,Mañana (06-11),Lunes,4,1,0,2,0.1188,0.4636,0.4176,Medio,1,64.9
Miguel Hidalgo,Noche (18-23),Lunes,4,0,0,2,0.1847,0.431,0.3843,Medio,1,60.0
Miguel Hidalgo,Noche (18-23),Lunes,4,1,0,2,0.1524,0.4312,0.4164,Medio,1,63.2
Miguel Hidalgo,Tarde (12-17),Lunes,4,0,0,2,0.058,0.264,0.6781,Alto,2,81.0
Miguel Hidalgo,Tarde (12-17),Lunes,4,1,0,2,0.0399,0.2636,0.6964,Alto,2,82.8
Miguel Hidalgo,Madrugada (00-05),Martes,4,0,0,2,0.8853,0.1032,0.0115,Bajo,0,6.3
Miguel Hidalgo,Madrugada (00-05),Martes,4,1,0,2,0.8815,0.0983,0.0202,Bajo,0,6.9
Miguel Hidalgo,Mañana (06-11),Martes,4,0,0,2,0.1103,0.374,0.5157,Alto,2,70.3
Miguel Hidalgo,Mañana (06-11),Martes,4,1,0,2,0.0647,0.2852,0.65,Alto,2,79.3
Miguel Hidalgo,Noche (18-23),Martes,4,0,0,2,0.1154,0.4436,0.441,Medio,1,66.3
Miguel Hidalgo,Noche (18-23),Martes,4,1,0,2,0.0745,0.321,0.6045,Alto,2,76.5
Miguel Hidalgo,Tarde (12-17),Martes,4,0,0,2,0.0493,0.3002,0.6505,Alto,2,80.1
Miguel Hidalgo,Tarde (12-17),Martes,4,1,0,2,0.0295,0.2081,0.7624,Alto,2,86.6
Miguel Hidalgo,Madrugada (00-05),Miércoles,4,0,0,2,0.816,0.168,0.016,Bajo,0,10.0
Miguel Hidalgo,Madrugada (00-05),Miércoles,4,1,0,2,0.8052,0.1746,0.0202,Bajo,0,10.8
Miguel Hidalgo,Mañana (06-11),Miércoles,4,0,0,2,0.1177,0.3771,0.5052,Alto,2,69.4
Miguel Hidalgo,Mañana (06-11),Miércoles,4,1,0,2,0.1123,0.3562,0.5315,Alto,2,71.0
Miguel Hidalgo,Noche (18-23),Miércoles,4,0,0,2,0.0864,0.4228,0.4908,Alto,2,70.2
Miguel Hidalgo,Noche (18-23),Miércoles,4,1,0,2,0.0724,0.3855,0.5421,Alto,2,73.5
Miguel Hidalgo,Tarde (12-17),Miércoles,4,0,0,2,0.047,0.3208,0.6322,Alto,2,79.3
Miguel Hidalgo,Tarde (12-17),Miércoles,4,1,0,2,0.035,0.2697,0.6952,Alto,2,83.0
Miguel Hidalgo,Madrugada (00-05),Sábado,4,0,1,2,0.3086,0.5338,0.1577,Medio,1,42.5
Miguel Hidalgo,Madrugada (00-05),Sábado,4,1,1,2,0.26,0.5664,0.1736,Medio,1,45.7
Miguel Hidalgo,Mañana (06-11),Sábado,4,0,1,2,0.2184,0.4424,0.3392,Medio,1,56.0
Miguel Hidalgo,Mañana (06-11),Sábado,4,1,1,2,0.1703,0.5358,0.294,Medio,1,56.2
Miguel Hidalgo,Noche (18-23),Sábado,4,0,1,2,0.0963,0.5644,0.3393,Medio,1,62.2
Miguel Hidalgo,Noche (18-23),Sábado,4,1,1,2,0.0821,0.5382,0.3798,Medio,1,64.9
Miguel Hidalgo,Tarde (12-17),Sábado,4,0,1,2,0.0833,0.4225,0.4942,Alto,2,70.5
Miguel Hidalgo,Tarde (12-17),Sábado,4,1,1,2,0.0598,0.4429,0.4972,Alto,2,71.9
Miguel Hidalgo,Madrugada (00-05),Viernes,4,0,0,2,0.4369,0.5246,0.0385,Medio,1,30.1
Miguel Hidalgo,Madrugada (00-05),Viernes,4,1,0,2,0.4774,0.492,0.0306,Medio,1,27.7
Miguel Hidalgo,Mañana (06-11),Viernes,4,0,0,2,0.0879,0.4558,0.4563,Alto,2,68.4
Miguel Hidalgo,Mañana (06-11),Viernes,4,1,0,2,0.1019,0.5714,0.3267,Medio,1,61.2
Miguel Hidalgo,Noche (18-23),Viernes,4,0,0,2,0.033,0.327,0.64,Alto,2,80.4
Miguel Hidalgo,Noche (18-23),Viernes,4,1,0,2,0.0486,0.3715,0.5799,Alto,2,76.6
Miguel Hidalgo,Tarde (12-17),Viernes,4,0,0,2,0.0252,0.2962,0.6786,Alto,2,82.7
Miguel Hidalgo,Tarde (12-17),Viernes,4,1,0,2,0.0326,0.3278,0.6396,Alto,2,80.3
Miguel Hidalgo,Madrugada (00-05),Domingo,5,0,1,2,0.2488,0.5764,0.1747,Medio,1,46.3
Miguel Hidalgo,Madrugada (00-05),Domingo,5,1,1,2,0.2055,0.589,0.2055,Medio,1,50.0
Miguel Hidalgo,Mañana (06-11),Domingo,5,0,1,2,0.269,0.5807,0.1503,Medio,1,44.1
Miguel Hidalgo,Mañana (06-11),Domingo,5,1,1,2,0.2134,0.6154,0.1712,Medio,1,47.9
Miguel Hidalgo,Noche (18-23),Domingo,5,0,1,2,0.0953,0.5611,0.3436,Medio,1,62.4
Miguel Hidalgo,Noche (18-23),Domingo,5,1,1,2,0.0735,0.5398,0.3867,Medio,1,65.7
Miguel Hidalgo,Tarde (12-17),Domingo,5,0,1,2,0.1014,0.5285,0.37,Medio,1,63.4
Miguel Hidalgo,Tarde (12-17),Domingo,5,1,1,2,0.0604,0.5338,0.4059,Medio,1,67.3
Miguel Hidalgo,Madrugada (00-05),Jueves,5,0,0,2,0.7368,0.2456,0.0176,Bajo,0,14.0
Miguel Hidalgo,Madrugada (00-05),Jueves,5,1,0,2,0.7175,0.2535,0.0289,Bajo,0,15.6
Miguel Hidalgo,Mañana (06-11),Jueves,5,0,0,2,0.1156,0.4931,0.3913,Medio,1,63.8
Miguel Hidalgo,Mañana (06-11),Jueves,5,1,0,2,0.0841,0.4062,0.5097,Alto,2,71.3
Miguel Hidalgo,Noche (18-23),Jueves,5,0,0,2,0.0821,0.4815,0.4364,Medio,1,67.7
Miguel Hidalgo,Noche (18-23),Jueves,5,1,0,2,0.0596,0.3891,0.5513,Alto,2,74.6
Miguel Hidalgo,Tarde (12-17),Jueves,5,0,0,2,0.0801,0.3937,0.5262,Alto,2,72.3
Miguel Hidalgo,Tarde (12-17),Jueves,5,1,0,2,0.056,0.2755,0.6685,Alto,2,80.6
Miguel Hidalgo,Madrugada (00-05),Lunes,5,0,0,2,0.7724,0.2101,0.0175,Bajo,0,12.3
Miguel Hidalgo,Madrugada (00-05),Lunes,5,1,0,2,0.7422,0.2351,0.0227,Bajo,0,14.0
Miguel Hidalgo,Mañana (06-11),Lunes,5,0,0,2,0.1447,0.4503,0.405,Medio,1,63.0
Miguel Hidalgo,Mañana (06-11),Lunes,5,1,0,2,0.1148,0.4564,0.4288,Medio,1,65.7
Miguel Hidalgo,Noche (18-23),Lunes,5,0,0,2,0.1713,0.4699,0.3588,Medio,1,59.4
Miguel Hidalgo,Noche (18-23),Lunes,5,1,0,2,0.1521,0.4485,0.3994,Medio,1,62.4
Miguel Hidalgo,Tarde (12-17),Lunes,5,0,0,2,0.0585,0.3125,0.629,Alto,2,78.5
Miguel Hidalgo,Tarde (12-17),Lunes,5,1,0,2,0.0419,0.2887,0.6694,Alto,2,81.4
Miguel Hidalgo,Madrugada (00-05),Martes,5,0,0,2,0.8932,0.0947,0.0121,Bajo,0,5.9
Miguel Hidalgo,Madrugada (00-05),Martes,5,1,0,2,0.8872,0.0935,0.0193,Bajo,0,6.6
Miguel Hidalgo,Mañana (06-11),Martes,5,0,0,2,0.1118,0.3429,0.5454,Alto,2,71.7
Miguel Hidalgo,Mañana (06-11),Martes,5,1,0,2,0.0671,0.2767,0.6562,Alto,2,79.5
Miguel Hidalgo,Noche (18-23),Martes,5,0,0,2,0.1143,0.4234,0.4622,Alto,2,67.4
Miguel Hidalgo,Noche (18-23),Martes,5,1,0,2,0.0824,0.3044,0.6132,Alto,2,76.5
Miguel Hidalgo,Tarde (12-17),Martes,5,0,0,2,0.0524,0.2825,0.6651,Alto,2,80.6
Miguel Hidalgo,Tarde (12-17),Martes,5,1,0,2,0.0323,0.2102,0.7576,Alto,2,86.3
Miguel Hidalgo,Madrugada (00-05),Miércoles,5,0,0,2,0.7726,0.2113,0.0161,Bajo,0,12.2
Miguel Hidalgo,Madrugada (00-05),Miércoles,5,1,0,2,0.771,0.2093,0.0197,Bajo,0,12.4
Miguel Hidalgo,Mañana (06-11),Miércoles,5,0,0,2,0.0914,0.3587,0.5499,Alto,2,72.9
Miguel Hidalgo,Mañana (06-11),Miércoles,5,1,0,2,0.0854,0.3499,0.5647,Alto,2,74.0
Miguel Hidalgo,Noche (18-23),Miércoles,5,0,0,2,0.0869,0.5093,0.4038,Medio,1,65.8
Miguel Hidalgo,Noche (18-23),Miércoles,5,1,0,2,0.0821,0.4672,0.4506,Medio,1,68.4
Miguel Hidalgo,Tarde (12-17),Miércoles,5,0,0,2,0.0417,0.3765,0.5819,Alto,2,77.0
Miguel Hidalgo,Tarde (12-17),Miércoles,5,1,0,2,0.0328,0.327,0.6402,Alto,2,80.4
Miguel Hidalgo,Madrugada (00-05),Sábado,5,0,1,2,0.2856,0.5348,0.1795,Medio,1,44.7
Miguel Hidalgo,Madrugada (00-05),Sábado,5,1,1,2,0.2463,0.5508,0.203,Medio,1,47.8
Miguel Hidalgo,Mañana (06-11),Sábado,5,0,1,2,0.211,0.4639,0.3251,Medio,1,55.7
Miguel Hidalgo,Mañana (06-11),Sábado,5,1,1,2,0.1684,0.5276,0.304,Medio,1,56.8
Miguel Hidalgo,Noche (18-23),Sábado,5,0,1,2,0.086,0.5247,0.3893,Medio,1,65.2
Miguel Hidalgo,Noche (18-23),Sábado,5,1,1,2,0.0677,0.5095,0.4228,Medio,1,67.8
Miguel Hidalgo,Tarde (12-17),Sábado,5,0,1,2,0.0628,0.3819,0.5553,Alto,2,74.6
Miguel Hidalgo,Tarde (12-17),Sábado,5,1,1,2,0.0451,0.3923,0.5626,Alto,2,75.9
Miguel Hidalgo,Madrugada (00-05),Viernes,5,0,0,2,0.4318,0.532,0.0362,Medio,1,30.2
Miguel Hidalgo,Madrugada (00-05),Viernes,5,1,0,2,0.4807,0.4895,0.0298,Medio,1,27.5
Miguel Hidalgo,Mañana (06-11),Viernes,5,0,0,2,0.0819,0.4834,0.4347,Medio,1,67.6
Miguel Hidalgo,Mañana (06-11),Viernes,5,1,0,2,0.0942,0.5826,0.3232,Medio,1,61.5
Miguel Hidalgo,Noche (18-23),Viernes,5,0,0,2,0.0298,0.3564,0.6138,Alto,2,79.2
Miguel Hidalgo,Noche (18-23),Viernes,5,1,0,2,0.0478,0.3843,0.5679,Alto,2,76.0
Miguel Hidalgo,Tarde (12-17),Viernes,5,0,0,2,0.0271,0.2963,0.6765,Alto,2,82.5
Miguel Hidalgo,Tarde (12-17),Viernes,5,1,0,2,0.035,0.3276,0.6374,Alto,2,80.1
Miguel Hidalgo,Madrugada (00-05),Domingo,6,0,1,2,0.2011,0.5617,0.2373,Medio,1,51.8
Miguel Hidalgo,Madrugada (00-05),Domingo,6,1,1,2,0.2226,0.5027,0.2747,Medio,1,52.6
Miguel Hidalgo,Mañana (06-11),Domingo,6,0,1,2,0.199,0.6342,0.1668,Medio,1,48.4
Miguel Hidalgo,Mañana (06-11),Domingo,6,1,1,2,0.2284,0.5786,0.193,Medio,1,48.2
Miguel Hidalgo,Noche (18-23),Domingo,6,0,1,2,0.0667,0.5352,0.3981,Medio,1,66.6
Miguel Hidalgo,Noche (18-23),Domingo,6,1,1,2,0.0691,0.4935,0.4374,Medio,1,68.4
Miguel Hidalgo,Tarde (12-17),Domingo,6,0,1,2,0.0571,0.541,0.4018,Medio,1,67.2
Miguel Hidalgo,Tarde (12-17),Domingo,6,1,1,2,0.051,0.5067,0.4423,Medio,1,69.6
Miguel Hidalgo,Madrugada (00-05),Jueves,6,0,0,2,0.6913,0.2876,0.0211,Bajo,0,16.5
Miguel Hidalgo,Madrugada (00-05),Jueves,6,1,0,2,0.7376,0.2336,0.0288,Bajo,0,14.6
Miguel Hidalgo,Mañana (06-11),Jueves,6,0,0,2,0.0875,0.5162,0.3963,Medio,1,65.4
Miguel Hidalgo,Mañana (06-11),Jueves,6,1,0,2,0.091,0.3974,0.5116,Alto,2,71.0
Miguel Hidalgo,Noche (18-23),Jueves,6,0,0,2,0.0651,0.4991,0.4358,Medio,1,68.5
Miguel Hidalgo,Noche (18-23),Jueves,6,1,0,2,0.0604,0.3956,0.544,Alto,2,74.2
Miguel Hidalgo,Tarde (12-17),Jueves,6,0,0,2,0.0354,0.4723,0.4923,Alto,2,72.8
Miguel Hidalgo,Tarde (12-17),Jueves,6,1,0,2,0.0373,0.3237,0.639,Alto,2,80.1
Miguel Hidalgo,Madrugada (00-05),Lunes,6,0,0,2,0.7401,0.2394,0.0206,Bajo,0,14.0
Miguel Hidalgo,Madrugada (00-05),Lunes,6,1,0,2,0.77,0.2074,0.0227,Bajo,0,12.6
Miguel Hidalgo,Mañana (06-11),Lunes,6,0,0,2,0.1159,0.4725,0.4115,Medio,1,64.8
Miguel Hidalgo,Mañana (06-11),Lunes,6,1,0,2,0.1283,0.4294,0.4423,Alto,2,65.7
Miguel Hidalgo,Noche (18-23),Lunes,6,0,0,2,0.1202,0.5004,0.3794,Medio,1,63.0
Miguel Hidalgo,Noche (18-23),Lunes,6,1,0,2,0.135,0.4475,0.4175,Medio,1,64.1
Miguel Hidalgo,Tarde (12-17),Lunes,6,0,0,2,0.0469,0.4332,0.5199,Alto,2,73.6
Miguel Hidalgo,Tarde (12-17),Lunes,6,1,0,2,0.0502,0.3903,0.5594,Alto,2,75.5
Miguel Hidalgo,Madrugada (00-05),Martes,6,0,0,2,0.8705,0.1142,0.0153,Bajo,0,7.2
Miguel Hidalgo,Madrugada (00-05),Martes,6,1,0,2,0.8899,0.0904,0.0197,Bajo,0,6.5
Miguel Hidalgo,Mañana (06-11),Martes,6,0,0,2,0.0708,0.3547,0.5744,Alto,2,75.2
Miguel Hidalgo,Mañana (06-11),Martes,6,1,0,2,0.059,0.2698,0.6712,Alto,2,80.6
Miguel Hidalgo,Noche (18-23),Martes,6,0,0,2,0.0855,0.4423,0.4722,Alto,2,69.3
Miguel Hidalgo,Noche (18-23),Martes,6,1,0,2,0.0746,0.3141,0.6113,Alto,2,76.8
Miguel Hidalgo,Tarde (12-17),Martes,6,0,0,2,0.0282,0.3479,0.6238,Alto,2,79.8
Miguel Hidalgo,Tarde (12-17),Martes,6,1,0,2,0.0269,0.2693,0.7039,Alto,2,83.9
Miguel Hidalgo,Madrugada (00-05),Miércoles,6,0,0,2,0.756,0.2212,0.0228,Bajo,0,13.3
Miguel Hidalgo,Madrugada (00-05),Miércoles,6,1,0,2,0.7969,0.1778,0.0253,Bajo,0,11.4
Miguel Hidalgo,Mañana (06-11),Miércoles,6,0,0,2,0.069,0.3547,0.5763,Alto,2,75.4
Miguel Hidalgo,Mañana (06-11),Miércoles,6,1,0,2,0.0853,0.3124,0.6023,Alto,2,75.9
Miguel Hidalgo,Noche (18-23),Miércoles,6,0,0,2,0.0578,0.4406,0.5017,Alto,2,72.2
Miguel Hidalgo,Noche (18-23),Miércoles,6,1,0,2,0.0638,0.3755,0.5607,Alto,2,74.8
Miguel Hidalgo,Tarde (12-17),Miércoles,6,0,0,2,0.0216,0.3728,0.6056,Alto,2,79.2
Miguel Hidalgo,Tarde (12-17),Miércoles,6,1,0,2,0.0222,0.2956,0.6821,Alto,2,83.0
Miguel Hidalgo,Madrugada (00-05),Sábado,6,0,1,2,0.2323,0.5254,0.2423,Medio,1,50.5
Miguel Hidalgo,Madrugada (00-05),Sábado,6,1,1,2,0.263,0.472,0.265,Medio,1,50.1
Miguel Hidalgo,Mañana (06-11),Sábado,6,0,1,2,0.1561,0.5132,0.3307,Medio,1,58.7
Miguel Hidalgo,Mañana (06-11),Sábado,6,1,1,2,0.1802,0.5046,0.3151,Medio,1,56.7
Miguel Hidalgo,Noche (18-23),Sábado,6,0,1,2,0.0614,0.5002,0.4384,Medio,1,68.9
Miguel Hidalgo,Noche (18-23),Sábado,6,1,1,2,0.0628,0.4742,0.463,Medio,1,70.0
Miguel Hidalgo,Tarde (12-17),Sábado,6,0,1,2,0.0332,0.3625,0.6044,Alto,2,78.6
Miguel Hidalgo,Tarde (12-17),Sábado,6,1,1,2,0.0358,0.3488,0.6155,Alto,2,79.0
Miguel Hidalgo,Madrugada (00-05),Viernes,6,0,0,2,0.4451,0.5135,0.0414,Medio,1,29.8
Miguel Hidalgo,Madrugada (00-05),Viernes,6,1,0,2,0.4903,0.4748,0.0348,Bajo,0,27.2
Miguel Hidalgo,Mañana (06-11),Viernes,6,0,0,2,0.0782,0.4553,0.4666,Alto,2,69.4
Miguel Hidalgo,Mañana (06-11),Viernes,6,1,0,2,0.0949,0.5405,0.3647,Medio,1,63.5
Miguel Hidalgo,Noche (18-23),Viernes,6,0,0,2,0.0257,0.3152,0.6591,Alto,2,81.7
Miguel Hidalgo,Noche (18-23),Viernes,6,1,0,2,0.0408,0.3568,0.6024,Alto,2,78.1
Miguel Hidalgo,Tarde (12-17),Viernes,6,0,0,2,0.0173,0.304,0.6787,Alto,2,83.1
Miguel Hidalgo,Tarde (12-17),Viernes,6,1,0,2,0.0228,0.3463,0.6308,Alto,2,80.4
Miguel Hidalgo,Madrugada (00-05),Domingo,7,0,1,3,0.1822,0.5676,0.2502,Medio,1,53.4
Miguel Hidalgo,Madrugada (00-05),Domingo,7,1,1,3,0.2213,0.4692,0.3095,Medio,1,54.4
Miguel Hidalgo,Mañana (06-11),Domingo,7,0,1,3,0.1768,0.6651,0.1581,Medio,1,49.1
Miguel Hidalgo,Mañana (06-11),Domingo,7,1,1,3,0.2133,0.5909,0.1958,Medio,1,49.1
Miguel Hidalgo,Noche (18-23),Domingo,7,0,1,3,0.0643,0.5122,0.4235,Medio,1,68.0
Miguel Hidalgo,Noche (18-23),Domingo,7,1,1,3,0.0719,0.4686,0.4594,Medio,1,69.4
Miguel Hidalgo,Tarde (12-17),Domingo,7,0,1,3,0.0511,0.4929,0.4561,Medio,1,70.2
Miguel Hidalgo,Tarde (12-17),Domingo,7,1,1,3,0.0508,0.4324,0.5168,Alto,2,73.3
Miguel Hidalgo,Madrugada (00-05),Jueves,7,0,0,3,0.7028,0.2732,0.024,Bajo,0,16.1
Miguel Hidalgo,Madrugada (00-05),Jueves,7,1,0,3,0.7643,0.2052,0.0306,Bajo,0,13.3
Miguel Hidalgo,Mañana (06-11),Jueves,7,0,0,3,0.0939,0.4881,0.418,Medio,1,66.2
Miguel Hidalgo,Mañana (06-11),Jueves,7,1,0,3,0.1,0.3861,0.5139,Alto,2,70.7
Miguel Hidalgo,Noche (18-23),Jueves,7,0,0,3,0.0633,0.4604,0.4763,Alto,2,70.7
Miguel Hidalgo,Noche (18-23),Jueves,7,1,0,3,0.06,0.3546,0.5854,Alto,2,76.3
Miguel Hidalgo,Tarde (12-17),Jueves,7,0,0,3,0.0285,0.3755,0.596,Alto,2,78.4
Miguel Hidalgo,Tarde (12-17),Jueves,7,1,0,3,0.0333,0.2737,0.693,Alto,2,83.0
Miguel Hidalgo,Madrugada (00-05),Lunes,7,0,0,3,0.694,0.2823,0.0237,Bajo,0,16.5
Miguel Hidalgo,Madrugada (00-05),Lunes,7,1,0,3,0.7543,0.22,0.0257,Bajo,0,13.6
Miguel Hidalgo,Mañana (06-11),Lunes,7,0,0,3,0.0873,0.5181,0.3946,Medio,1,65.4
Miguel Hidalgo,Mañana (06-11),Lunes,7,1,0,3,0.0978,0.4701,0.4321,Medio,1,66.7
Miguel Hidalgo,Noche (18-23),Lunes,7,0,0,3,0.1095,0.5068,0.3837,Medio,1,63.7
Miguel Hidalgo,Noche (18-23),Lunes,7,1,0,3,0.1295,0.4187,0.4519,Alto,2,66.1
Miguel Hidalgo,Tarde (12-17),Lunes,7,0,0,3,0.0242,0.469,0.5068,Alto,2,74.1
Miguel Hidalgo,Tarde (12-17),Lunes,7,1,0,3,0.0302,0.4162,0.5536,Alto,2,76.2
Miguel Hidalgo,Madrugada (00-05),Martes,7,0,0,3,0.8675,0.116,0.0165,Bajo,0,7.4
Miguel Hidalgo,Madrugada (00-05),Martes,7,1,0,3,0.9006,0.0788,0.0206,Bajo,0,6.0
Miguel Hidalgo,Mañana (06-11),Martes,7,0,0,3,0.0753,0.3504,0.5743,Alto,2,75.0
Miguel Hidalgo,Mañana (06-11),Martes,7,1,0,3,0.063,0.2474,0.6896,Alto,2,81.3
Miguel Hidalgo,Noche (18-23),Martes,7,0,0,3,0.0919,0.4448,0.4633,Alto,2,68.6
Miguel Hidalgo,Noche (18-23),Martes,7,1,0,3,0.0859,0.3137,0.6003,Alto,2,75.7
Miguel Hidalgo,Tarde (12-17),Martes,7,0,0,3,0.0233,0.2882,0.6885,Alto,2,83.3
Miguel Hidalgo,Tarde (12-17),Martes,7,1,0,3,0.0245,0.2017,0.7737,Alto,2,87.5
Miguel Hidalgo,Madrugada (00-05),Miércoles,7,0,0,3,0.8054,0.1749,0.0197,Bajo,0,10.7
Miguel Hidalgo,Madrugada (00-05),Miércoles,7,1,0,3,0.8517,0.126,0.0224,Bajo,0,8.5
Miguel Hidalgo,Mañana (06-11),Miércoles,7,0,0,3,0.1489,0.3844,0.4667,Alto,2,65.9
Miguel Hidalgo,Mañana (06-11),Miércoles,7,1,0,3,0.134,0.3213,0.5447,Alto,2,70.5
Miguel Hidalgo,Noche (18-23),Miércoles,7,0,0,3,0.0676,0.4251,0.5072,Alto,2,72.0
Miguel Hidalgo,Noche (18-23),Miércoles,7,1,0,3,0.0741,0.33,0.5959,Alto,2,76.1
Miguel Hidalgo,Tarde (12-17),Miércoles,7,0,0,3,0.022,0.2843,0.6937,Alto,2,83.6
Miguel Hidalgo,Tarde (12-17),Miércoles,7,1,0,3,0.0229,0.1972,0.7799,Alto,2,87.9
Miguel Hidalgo,Madrugada (00-05),Sábado,7,0,1,3,0.2102,0.5158,0.274,Medio,1,53.2
Miguel Hidalgo,Madrugada (00-05),Sábado,7,1,1,3,0.2565,0.4291,0.3143,Medio,1,52.9
Miguel Hidalgo,Mañana (06-11),Sábado,7,0,1,3,0.1497,0.5605,0.2898,Medio,1,57.0
Miguel Hidalgo,Mañana (06-11),Sábado,7,1,1,3,0.1821,0.5442,0.2737,Medio,1,54.6
Miguel Hidalgo,Noche (18-23),Sábado,7,0,1,3,0.0577,0.4591,0.4832,Alto,2,71.3
Miguel Hidalgo,Noche (18-23),Sábado,7,1,1,3,0.063,0.4399,0.4971,Alto,2,71.7
Miguel Hidalgo,Tarde (12-17),Sábado,7,0,1,3,0.0258,0.278,0.6962,Alto,2,83.5
Miguel Hidalgo,Tarde (12-17),Sábado,7,1,1,3,0.0308,0.2508,0.7184,Alto,2,84.4
Miguel Hidalgo,Madrugada (00-05),Viernes,7,0,0,3,0.4247,0.5302,0.0451,Medio,1,31.0
Miguel Hidalgo,Madrugada (00-05),Viernes,7,1,0,3,0.5254,0.4348,0.0398,Bajo,0,25.7
Miguel Hidalgo,Mañana (06-11),Viernes,7,0,0,3,0.0663,0.5247,0.409,Medio,1,67.1
Miguel Hidalgo,Mañana (06-11),Viernes,7,1,0,3,0.0911,0.5639,0.345,Medio,1,62.7
Miguel Hidalgo,Noche (18-23),Viernes,7,0,0,3,0.029,0.3071,0.6639,Alto,2,81.7
Miguel Hidalgo,Noche (18-23),Viernes,7,1,0,3,0.0496,0.2999,0.6506,Alto,2,80.1
Miguel Hidalgo,Tarde (12-17),Viernes,7,0,0,3,0.0126,0.2471,0.7402,Alto,2,86.4
Miguel Hidalgo,Tarde (12-17),Viernes,7,1,0,3,0.0198,0.2749,0.7053,Alto,2,84.3
Miguel Hidalgo,Madrugada (00-05),Domingo,8,0,1,3,0.1833,0.5889,0.2277,Medio,1,52.2
Miguel Hidalgo,Madrugada (00-05),Domingo,8,1,1,3,0.2094,0.4875,0.3032,Medio,1,54.7
Miguel Hidalgo,Mañana (06-11),Domingo,8,0,1,3,0.1897,0.6752,0.1351,Medio,1,47.3
Miguel Hidalgo,Mañana (06-11),Domingo,8,1,1,3,0.2139,0.6053,0.1808,Medio,1,48.3
Miguel Hidalgo,Noche (18-23),Domingo,8,0,1,3,0.0642,0.5501,0.3857,Medio,1,66.1
Miguel Hidalgo,Noche (18-23),Domingo,8,1,1,3,0.0677,0.4878,0.4445,Medio,1,68.8
Miguel Hidalgo,Tarde (12-17),Domingo,8,0,1,3,0.0873,0.5754,0.3373,Medio,1,62.5
Miguel Hidalgo,Tarde (12-17),Domingo,8,1,1,3,0.0737,0.5081,0.4182,Medio,1,67.2
Miguel Hidalgo,Madrugada (00-05),Jueves,8,0,0,3,0.6643,0.3052,0.0305,Bajo,0,18.3
Miguel Hidalgo,Madrugada (00-05),Jueves,8,1,0,3,0.7116,0.2434,0.0451,Bajo,0,16.7
Miguel Hidalgo,Mañana (06-11),Jueves,8,0,0,3,0.0787,0.4543,0.467,Alto,2,69.4
Miguel Hidalgo,Mañana (06-11),Jueves,8,1,0,3,0.0723,0.3441,0.5836,Alto,2,75.6
Miguel Hidalgo,Noche (18-23),Jueves,8,0,0,3,0.048,0.4424,0.5096,Alto,2,73.1
Miguel Hidalgo,Noche (18-23),Jueves,8,1,0,3,0.0418,0.3121,0.646,Alto,2,80.2
Miguel Hidalgo,Tarde (12-17),Jueves,8,0,0,3,0.0202,0.2706,0.7092,Alto,2,84.4
Miguel Hidalgo,Tarde (12-17),Jueves,8,1,0,3,0.0204,0.183,0.7966,Alto,2,88.8
Miguel Hidalgo,Madrugada (00-05),Lunes,8,0,0,3,0.7357,0.2375,0.0268,Bajo,0,14.6
Miguel Hidalgo,Madrugada (00-05),Lunes,8,1,0,3,0.7743,0.1939,0.0318,Bajo,0,12.9
Miguel Hidalgo,Mañana (06-11),Lunes,8,0,0,3,0.0929,0.4401,0.467,Alto,2,68.7
Miguel Hidalgo,Mañana (06-11),Lunes,8,1,0,3,0.0957,0.3926,0.5118,Alto,2,70.8
Miguel Hidalgo,Noche (18-23),Lunes,8,0,0,3,0.1064,0.4618,0.4317,Medio,1,66.3
Miguel Hidalgo,Noche (18-23),Lunes,8,1,0,3,0.1132,0.368,0.5188,Alto,2,70.3
Miguel Hidalgo,Tarde (12-17),Lunes,8,0,0,3,0.0226,0.2941,0.6833,Alto,2,83.0
Miguel Hidalgo,Tarde (12-17),Lunes,8,1,0,3,0.0241,0.2424,0.7335,Alto,2,85.5
Miguel Hidalgo,Madrugada (00-05),Martes,8,0,0,3,0.865,0.1183,0.0167,Bajo,0,7.6
Miguel Hidalgo,Madrugada (00-05),Martes,8,1,0,3,0.8876,0.0888,0.0235,Bajo,0,6.8
Miguel Hidalgo,Mañana (06-11),Martes,8,0,0,3,0.0737,0.3387,0.5876,Alto,2,75.7
Miguel Hidalgo,Mañana (06-11),Martes,8,1,0,3,0.0548,0.2334,0.7119,Alto,2,82.9
Miguel Hidalgo,Noche (18-23),Martes,8,0,0,3,0.0916,0.4479,0.4606,Alto,2,68.4
Miguel Hidalgo,Noche (18-23),Martes,8,1,0,3,0.0758,0.3024,0.6218,Alto,2,77.3
Miguel Hidalgo,Tarde (12-17),Martes,8,0,0,3,0.0228,0.2374,0.7398,Alto,2,85.9
Miguel Hidalgo,Tarde (12-17),Martes,8,1,0,3,0.02,0.1597,0.8203,Alto,2,90.0
Miguel Hidalgo,Madrugada (00-05),Miércoles,8,0,0,3,0.8077,0.174,0.0183,Bajo,0,10.5
Miguel Hidalgo,Madrugada (00-05),Miércoles,8,1,0,3,0.8512,0.1258,0.023,Bajo,0,8.6
Miguel Hidalgo,Mañana (06-11),Miércoles,8,0,0,3,0.1243,0.3787,0.497,Alto,2,68.6
Miguel Hidalgo,Mañana (06-11),Miércoles,8,1,0,3,0.1241,0.2914,0.5845,Alto,2,73.0
Miguel Hidalgo,Noche (18-23),Miércoles,8,0,0,3,0.0723,0.4515,0.4762,Alto,2,70.2
Miguel Hidalgo,Noche (18-23),Miércoles,8,1,0,3,0.0762,0.3304,0.5934,Alto,2,75.9
Miguel Hidalgo,Tarde (12-17),Miércoles,8,0,0,3,0.0221,0.2386,0.7393,Alto,2,85.9
Miguel Hidalgo,Tarde (12-17),Miércoles,8,1,0,3,0.0197,0.1486,0.8317,Alto,2,90.6
Miguel Hidalgo,Madrugada (00-05),Sábado,8,0,1,3,0.2016,0.5656,0.2328,Medio,1,51.6
Miguel Hidalgo,Madrugada (00-05),Sábado,8,1,1,3,0.2369,0.4702,0.2929,Medio,1,52.8
Miguel Hidalgo,Mañana (06-11),Sábado,8,0,1,3,0.155,0.6225,0.2225,Medio,1,53.4
Miguel Hidalgo,Mañana (06-11),Sábado,8,1,1,3,0.1789,0.5975,0.2236,Medio,1,52.2
Miguel Hidalgo,Noche (18-23),Sábado,8,0,1,3,0.0624,0.5088,0.4288,Medio,1,68.3
Miguel Hidalgo,Noche (18-23),Sábado,8,1,1,3,0.062,0.4875,0.4504,Medio,1,69.4
Miguel Hidalgo,Tarde (12-17),Sábado,8,0,1,3,0.0399,0.4282,0.5319,Alto,2,74.6
Miguel Hidalgo,Tarde (12-17),Sábado,8,1,1,3,0.0451,0.3633,0.5916,Alto,2,77.3
Miguel Hidalgo,Madrugada (00-05),Viernes,8,0,0,3,0.4601,0.4971,0.0428,Medio,1,29.1
Miguel Hidalgo,Madrugada (00-05),Viernes,8,1,0,3,0.5248,0.4316,0.0436,Bajo,0,25.9
Miguel Hidalgo,Mañana (06-11),Viernes,8,0,0,3,0.0771,0.5109,0.4119,Medio,1,66.7
Miguel Hidalgo,Mañana (06-11),Viernes,8,1,0,3,0.09,0.5402,0.3698,Medio,1,64.0
Miguel Hidalgo,Noche (18-23),Viernes,8,0,0,3,0.0229,0.3275,0.6496,Alto,2,81.3
Miguel Hidalgo,Noche (18-23),Viernes,8,1,0,3,0.0398,0.2977,0.6625,Alto,2,81.1
Miguel Hidalgo,Tarde (12-17),Viernes,8,0,0,3,0.0142,0.1923,0.7935,Alto,2,89.0
Miguel Hidalgo,Tarde (12-17),Viernes,8,1,0,3,0.0186,0.2004,0.781,Alto,2,88.1
Miguel Hidalgo,Madrugada (00-05),Domingo,9,0,1,3,0.186,0.5177,0.2963,Medio,1,55.5
Miguel Hidalgo,Madrugada (00-05),Domingo,9,1,1,3,0.2113,0.4912,0.2975,Medio,1,54.3
Miguel Hidalgo,Mañana (06-11),Domingo,9,0,1,3,0.2453,0.5889,0.1658,Medio,1,46.0
Miguel Hidalgo,Mañana (06-11),Domingo,9,1,1,3,0.269,0.5661,0.165,Medio,1,44.8
Miguel Hidalgo,Noche (18-23),Domingo,9,0,1,3,0.0601,0.456,0.4838,Alto,2,71.2
Miguel Hidalgo,Noche (18-23),Domingo,9,1,1,3,0.0651,0.4683,0.4665,Medio,1,70.1
Miguel Hidalgo,Tarde (12-17),Domingo,9,0,1,3,0.0757,0.4955,0.4288,Medio,1,67.7
Miguel Hidalgo,Tarde (12-17),Domingo,9,1,1,3,0.077,0.4996,0.4233,Medio,1,67.3
Miguel Hidalgo,Madrugada (00-05),Jueves,9,0,0,3,0.6852,0.2678,0.0471,Bajo,0,18.1
Miguel Hidalgo,Madrugada (00-05),Jueves,9,1,0,3,0.698,0.2585,0.0435,Bajo,0,17.3
Miguel Hidalgo,Mañana (06-11),Jueves,9,0,0,3,0.0604,0.3381,0.6015,Alto,2,77.1
Miguel Hidalgo,Mañana (06-11),Jueves,9,1,0,3,0.0765,0.3637,0.5598,Alto,2,74.2
Miguel Hidalgo,Noche (18-23),Jueves,9,0,0,3,0.0419,0.3299,0.6282,Alto,2,79.3
Miguel Hidalgo,Noche (18-23),Jueves,9,1,0,3,0.0412,0.3273,0.6315,Alto,2,79.5
Miguel Hidalgo,Tarde (12-17),Jueves,9,0,0,3,0.0154,0.1732,0.8114,Alto,2,89.8
Miguel Hidalgo,Tarde (12-17),Jueves,9,1,0,3,0.019,0.1766,0.8045,Alto,2,89.3
Miguel Hidalgo,Madrugada (00-05),Lunes,9,0,0,3,0.802,0.1687,0.0292,Bajo,0,11.4
Miguel Hidalgo,Madrugada (00-05),Lunes,9,1,0,3,0.8124,0.1639,0.0237,Bajo,0,10.6
Miguel Hidalgo,Mañana (06-11),Lunes,9,0,0,3,0.0682,0.3443,0.5875,Alto,2,76.0
Miguel Hidalgo,Mañana (06-11),Lunes,9,1,0,3,0.0934,0.4031,0.5035,Alto,2,70.5
Miguel Hidalgo,Noche (18-23),Lunes,9,0,0,3,0.1167,0.3818,0.5015,Alto,2,69.2
Miguel Hidalgo,Noche (18-23),Lunes,9,1,0,3,0.1343,0.3981,0.4676,Alto,2,66.7
Miguel Hidalgo,Tarde (12-17),Lunes,9,0,0,3,0.0228,0.2218,0.7554,Alto,2,86.6
Miguel Hidalgo,Tarde (12-17),Lunes,9,1,0,3,0.0291,0.2667,0.7042,Alto,2,83.8
Miguel Hidalgo,Madrugada (00-05),Martes,9,0,0,3,0.7689,0.211,0.02,Bajo,0,12.6
Miguel Hidalgo,Madrugada (00-05),Martes,9,1,0,3,0.7884,0.1906,0.021,Bajo,0,11.6
Miguel Hidalgo,Mañana (06-11),Martes,9,0,0,3,0.046,0.5898,0.3643,Medio,1,65.9
Miguel Hidalgo,Mañana (06-11),Martes,9,1,0,3,0.0509,0.562,0.3871,Medio,1,66.8
Miguel Hidalgo,Noche (18-23),Martes,9,0,0,3,0.0641,0.5127,0.4232,Medio,1,68.0
Miguel Hidalgo,Noche (18-23),Martes,9,1,0,3,0.0618,0.457,0.4811,Alto,2,71.0
Miguel Hidalgo,Tarde (12-17),Martes,9,0,0,3,0.0162,0.3011,0.6828,Alto,2,83.3
Miguel Hidalgo,Tarde (12-17),Martes,9,1,0,3,0.0183,0.2878,0.6939,Alto,2,83.8
Miguel Hidalgo,Madrugada (00-05),Miércoles,9,0,0,3,0.7802,0.1922,0.0276,Bajo,0,12.4
Miguel Hidalgo,Madrugada (00-05),Miércoles,9,1,0,3,0.8166,0.1608,0.0226,Bajo,0,10.3
Miguel Hidalgo,Mañana (06-11),Miércoles,9,0,0,3,0.0828,0.3359,0.5812,Alto,2,74.9
Miguel Hidalgo,Mañana (06-11),Miércoles,9,1,0,3,0.1163,0.3554,0.5283,Alto,2,70.6
Miguel Hidalgo,Noche (18-23),Miércoles,9,0,0,3,0.0575,0.4,0.5426,Alto,2,74.3
Miguel Hidalgo,Noche (18-23),Miércoles,9,1,0,3,0.0713,0.3958,0.5328,Alto,2,73.1
Miguel Hidalgo,Tarde (12-17),Miércoles,9,0,0,3,0.0154,0.1709,0.8137,Alto,2,89.9
Miguel Hidalgo,Tarde (12-17),Miércoles,9,1,0,3,0.0177,0.157,0.8253,Alto,2,90.4
Miguel Hidalgo,Madrugada (00-05),Sábado,9,0,1,3,0.2048,0.4411,0.3541,Medio,1,57.5
Miguel Hidalgo,Madrugada (00-05),Sábado,9,1,1,3,0.236,0.4639,0.3001,Medio,1,53.2
Miguel Hidalgo,Mañana (06-11),Sábado,9,0,1,3,0.1694,0.5056,0.3249,Medio,1,57.8
Miguel Hidalgo,Mañana (06-11),Sábado,9,1,1,3,0.1915,0.5869,0.2216,Medio,1,51.5
Miguel Hidalgo,Noche (18-23),Sábado,9,0,1,3,0.0609,0.3928,0.5464,Alto,2,74.3
Miguel Hidalgo,Noche (18-23),Sábado,9,1,1,3,0.0616,0.4572,0.4812,Alto,2,71.0
Miguel Hidalgo,Tarde (12-17),Sábado,9,0,1,3,0.0375,0.314,0.6484,Alto,2,80.5
Miguel Hidalgo,Tarde (12-17),Sábado,9,1,1,3,0.0543,0.3543,0.5914,Alto,2,76.9
Miguel Hidalgo,Madrugada (00-05),Viernes,9,0,0,3,0.4505,0.4923,0.0572,Medio,1,30.3
Miguel Hidalgo,Madrugada (00-05),Viernes,9,1,0,3,0.4878,0.4718,0.0404,Bajo,0,27.6
Miguel Hidalgo,Mañana (06-11),Viernes,9,0,0,3,0.0569,0.4537,0.4894,Alto,2,71.6
Miguel Hidalgo,Mañana (06-11),Viernes,9,1,0,3,0.0811,0.5955,0.3235,Medio,1,62.1
Miguel Hidalgo,Noche (18-23),Viernes,9,0,0,3,0.0211,0.2908,0.6881,Alto,2,83.3
Miguel Hidalgo,Noche (18-23),Viernes,9,1,0,3,0.0399,0.3506,0.6095,Alto,2,78.5
Miguel Hidalgo,Tarde (12-17),Viernes,9,0,0,3,0.0093,0.1362,0.8545,Alto,2,92.3
Miguel Hidalgo,Tarde (12-17),Viernes,9,1,0,3,0.0137,0.1831,0.8031,Alto,2,89.5
Miguel Hidalgo,Madrugada (00-05),Domingo,10,0,1,4,0.1241,0.5001,0.3759,Medio,1,62.6
Miguel Hidalgo,Madrugada (00-05),Domingo,10,1,1,4,0.1113,0.4921,0.3966,Medio,1,64.3
Miguel Hidalgo,Mañana (06-11),Domingo,10,0,1,4,0.192,0.6121,0.1959,Medio,1,50.2
Miguel Hidalgo,Mañana (06-11),Domingo,10,1,1,4,0.1736,0.6064,0.22,Medio,1,52.3
Miguel Hidalgo,Noche (18-23),Domingo,10,0,1,4,0.0321,0.3691,0.5989,Alto,2,78.3
Miguel Hidalgo,Noche (18-23),Domingo,10,1,1,4,0.0249,0.33,0.6451,Alto,2,81.0
Miguel Hidalgo,Tarde (12-17),Domingo,10,0,1,4,0.0421,0.4432,0.5147,Alto,2,73.6
Miguel Hidalgo,Tarde (12-17),Domingo,10,1,1,4,0.0432,0.4577,0.4991,Alto,2,72.8
Miguel Hidalgo,Madrugada (00-05),Jueves,10,0,0,4,0.6512,0.2596,0.0892,Bajo,0,21.9
Miguel Hidalgo,Madrugada (00-05),Jueves,10,1,0,4,0.5806,0.3171,0.1022,Bajo,0,26.1
Miguel Hidalgo,Mañana (06-11),Jueves,10,0,0,4,0.0388,0.2273,0.7339,Alto,2,84.8
Miguel Hidalgo,Mañana (06-11),Jueves,10,1,0,4,0.0357,0.244,0.7203,Alto,2,84.2
Miguel Hidalgo,Noche (18-23),Jueves,10,0,0,4,0.0275,0.2101,0.7624,Alto,2,86.7
Miguel Hidalgo,Noche (18-23),Jueves,10,1,0,4,0.0187,0.1722,0.8091,Alto,2,89.5
Miguel Hidalgo,Tarde (12-17),Jueves,10,0,0,4,0.0083,0.1059,0.8858,Alto,2,93.9
Miguel Hidalgo,Tarde (12-17),Jueves,10,1,0,4,0.0084,0.1177,0.8739,Alto,2,93.3
Miguel Hidalgo,Madrugada (00-05),Lunes,10,0,0,4,0.8373,0.1227,0.04,Bajo,0,10.1
Miguel Hidalgo,Madrugada (00-05),Lunes,10,1,0,4,0.7984,0.1522,0.0494,Bajo,0,12.5
Miguel Hidalgo,Mañana (06-11),Lunes,10,0,0,4,0.0821,0.2562,0.6616,Alto,2,79.0
Miguel Hidalgo,Mañana (06-11),Lunes,10,1,0,4,0.072,0.2527,0.6753,Alto,2,80.2
Miguel Hidalgo,Noche (18-23),Lunes,10,0,0,4,0.0912,0.27,0.6389,Alto,2,77.4
Miguel Hidalgo,Noche (18-23),Lunes,10,1,0,4,0.0631,0.2081,0.7288,Alto,2,83.3
Miguel Hidalgo,Tarde (12-17),Lunes,10,0,0,4,0.0234,0.1345,0.8421,Alto,2,90.9
Miguel Hidalgo,Tarde (12-17),Lunes,10,1,0,4,0.0223,0.1471,0.8306,Alto,2,90.4
Miguel Hidalgo,Madrugada (00-05),Martes,10,0,0,4,0.7374,0.211,0.0516,Bajo,0,15.7
Miguel Hidalgo,Madrugada (00-05),Martes,10,1,0,4,0.6656,0.2614,0.0729,Bajo,0,20.4
Miguel Hidalgo,Mañana (06-11),Martes,10,0,0,4,0.0269,0.2903,0.6827,Alto,2,82.8
Miguel Hidalgo,Mañana (06-11),Martes,10,1,0,4,0.0189,0.2521,0.7289,Alto,2,85.5
Miguel Hidalgo,Noche (18-23),Martes,10,0,0,4,0.0333,0.322,0.6447,Alto,2,80.6
Miguel Hidalgo,Noche (18-23),Martes,10,1,0,4,0.0184,0.2206,0.761,Alto,2,87.1
Miguel Hidalgo,Tarde (12-17),Martes,10,0,0,4,0.0075,0.1366,0.856,Alto,2,92.4
Miguel Hidalgo,Tarde (12-17),Martes,10,1,0,4,0.0068,0.1355,0.8576,Alto,2,92.5
Miguel Hidalgo,Madrugada (00-05),Miércoles,10,0,0,4,0.752,0.1927,0.0553,Bajo,0,15.2
Miguel Hidalgo,Madrugada (00-05),Miércoles,10,1,0,4,0.7185,0.2147,0.0668,Bajo,0,17.4
Miguel Hidalgo,Mañana (06-11),Miércoles,10,0,0,4,0.0647,0.241,0.6944,Alto,2,81.5
Miguel Hidalgo,Mañana (06-11),Miércoles,10,1,0,4,0.0559,0.2143,0.7298,Alto,2,83.7
Miguel Hidalgo,Noche (18-23),Miércoles,10,0,0,4,0.033,0.2477,0.7193,Alto,2,84.3
Miguel Hidalgo,Noche (18-23),Miércoles,10,1,0,4,0.0243,0.1939,0.7818,Alto,2,87.9
Miguel Hidalgo,Tarde (12-17),Miércoles,10,0,0,4,0.0093,0.0922,0.8986,Alto,2,94.5
Miguel Hidalgo,Tarde (12-17),Miércoles,10,1,0,4,0.0074,0.0808,0.9118,Alto,2,95.2
Miguel Hidalgo,Madrugada (00-05),Sábado,10,0,1,4,0.0826,0.2479,0.6695,Alto,2,79.3
Miguel Hidalgo,Madrugada (00-05),Sábado,10,1,1,4,0.0807,0.3151,0.6042,Alto,2,76.2
Miguel Hidalgo,Mañana (06-11),Sábado,10,0,1,4,0.0975,0.3802,0.5223,Alto,2,71.2
Miguel Hidalgo,Mañana (06-11),Sábado,10,1,1,4,0.0971,0.5269,0.376,Medio,1,63.9
Miguel Hidalgo,Noche (18-23),Sábado,10,0,1,4,0.0167,0.1627,0.8206,Alto,2,90.2
Miguel Hidalgo,Noche (18-23),Sábado,10,1,1,4,0.0128,0.1728,0.8144,Alto,2,90.1
Miguel Hidalgo,Tarde (12-17),Sábado,10,0,1,4,0.0109,0.1296,0.8595,Alto,2,92.4
Miguel Hidalgo,Tarde (12-17),Sábado,10,1,1,4,0.0168,0.187,0.7962,Alto,2,89.0
Miguel Hidalgo,Madrugada (00-05),Viernes,10,0,0,4,0.4255,0.4697,0.1048,Medio,1,34.0
Miguel Hidalgo,Madrugada (00-05),Viernes,10,1,0,4,0.3558,0.5588,0.0855,Medio,1,36.5
Miguel Hidalgo,Mañana (06-11),Viernes,10,0,0,4,0.0438,0.3325,0.6237,Alto,2,79.0
Miguel Hidalgo,Mañana (06-11),Viernes,10,1,0,4,0.0463,0.4909,0.4627,Medio,1,70.8
Miguel Hidalgo,Noche (18-23),Viernes,10,0,0,4,0.0094,0.1422,0.8484,Alto,2,92.0
Miguel Hidalgo,Noche (18-23),Viernes,10,1,0,4,0.0108,0.1454,0.8438,Alto,2,91.6
Miguel Hidalgo,Tarde (12-17),Viernes,10,0,0,4,0.0055,0.0837,0.9108,Alto,2,95.3
Miguel Hidalgo,Tarde (12-17),Viernes,10,1,0,4,0.006,0.1186,0.8754,Alto,2,93.5
Miguel Hidalgo,Madrugada (00-05),Domingo,11,0,1,4,0.0826,0.6673,0.25,Medio,1,58.4
Miguel Hidalgo,Madrugada (00-05),Domingo,11,1,1,4,0.0946,0.644,0.2613,Medio,1,58.3
Miguel Hidalgo,Mañana (06-11),Domingo,11,0,1,4,0.1008,0.724,0.1752,Medio,1,53.7
Miguel Hidalgo,Mañana (06-11),Domingo,11,1,1,4,0.1106,0.7191,0.1704,Medio,1,53.0
Miguel Hidalgo,Noche (18-23),Domingo,11,0,1,4,0.024,0.5489,0.4271,Medio,1,70.2
Miguel Hidalgo,Noche (18-23),Domingo,11,1,1,4,0.0212,0.5237,0.4552,Medio,1,71.7
Miguel Hidalgo,Tarde (12-17),Domingo,11,0,1,4,0.0264,0.6116,0.362,Medio,1,66.8
Miguel Hidalgo,Tarde (12-17),Domingo,11,1,1,4,0.0348,0.625,0.3402,Medio,1,65.3
Miguel Hidalgo,Madrugada (00-05),Jueves,11,0,0,4,0.5238,0.421,0.0552,Bajo,0,26.6
Miguel Hidalgo,Madrugada (00-05),Jueves,11,1,0,4,0.4935,0.458,0.0485,Bajo,0,27.8
Miguel Hidalgo,Mañana (06-11),Jueves,11,0,0,4,0.0352,0.3803,0.5846,Alto,2,77.5
Miguel Hidalgo,Mañana (06-11),Jueves,11,1,0,4,0.0398,0.4566,0.5036,Alto,2,73.2
Miguel Hidalgo,Noche (18-23),Jueves,11,0,0,4,0.0278,0.4264,0.5458,Alto,2,75.9
Miguel Hidalgo,Noche (18-23),Jueves,11,1,0,4,0.0223,0.4348,0.5429,Alto,2,76.0
Miguel Hidalgo,Tarde (12-17),Jueves,11,0,0,4,0.0094,0.3103,0.6803,Alto,2,83.5
Miguel Hidalgo,Tarde (12-17),Jueves,11,1,0,4,0.0124,0.3732,0.6144,Alto,2,80.1
Miguel Hidalgo,Madrugada (00-05),Lunes,11,0,0,4,0.8017,0.172,0.0262,Bajo,0,11.2
Miguel Hidalgo,Madrugada (00-05),Lunes,11,1,0,4,0.7843,0.1907,0.025,Bajo,0,12.0
Miguel Hidalgo,Mañana (06-11),Lunes,11,0,0,4,0.0722,0.3884,0.5394,Alto,2,73.4
Miguel Hidalgo,Mañana (06-11),Lunes,11,1,0,4,0.0788,0.4681,0.4531,Medio,1,68.7
Miguel Hidalgo,Noche (18-23),Lunes,11,0,0,4,0.1137,0.4271,0.4592,Alto,2,67.3
Miguel Hidalgo,Noche (18-23),Lunes,11,1,0,4,0.0918,0.4016,0.5065,Alto,2,70.7
Miguel Hidalgo,Tarde (12-17),Lunes,11,0,0,4,0.0351,0.3191,0.6458,Alto,2,80.5
Miguel Hidalgo,Tarde (12-17),Lunes,11,1,0,4,0.0417,0.3833,0.575,Alto,2,76.7
Miguel Hidalgo,Madrugada (00-05),Martes,11,0,0,4,0.6095,0.3551,0.0353,Bajo,0,21.3
Miguel Hidalgo,Madrugada (00-05),Martes,11,1,0,4,0.614,0.3463,0.0396,Bajo,0,21.3
Miguel Hidalgo,Mañana (06-11),Martes,11,0,0,4,0.0226,0.4209,0.5564,Alto,2,76.7
Miguel Hidalgo,Mañana (06-11),Martes,11,1,0,4,0.0227,0.3906,0.5867,Alto,2,78.2
Miguel Hidalgo,Noche (18-23),Martes,11,0,0,4,0.029,0.5451,0.4259,Medio,1,69.8
Miguel Hidalgo,Noche (18-23),Martes,11,1,0,4,0.0217,0.4389,0.5394,Alto,2,75.9
Miguel Hidalgo,Tarde (12-17),Martes,11,0,0,4,0.0078,0.3471,0.6452,Alto,2,81.9
Miguel Hidalgo,Tarde (12-17),Martes,11,1,0,4,0.0098,0.3515,0.6387,Alto,2,81.4
Miguel Hidalgo,Madrugada (00-05),Miércoles,11,0,0,4,0.6788,0.291,0.0302,Bajo,0,17.6
Miguel Hidalgo,Madrugada (00-05),Miércoles,11,1,0,4,0.7362,0.234,0.0297,Bajo,0,14.7
Miguel Hidalgo,Mañana (06-11),Miércoles,11,0,0,4,0.0789,0.4072,0.5139,Alto,2,71.8
Miguel Hidalgo,Mañana (06-11),Miércoles,11,1,0,4,0.087,0.3985,0.5145,Alto,2,71.4
Miguel Hidalgo,Noche (18-23),Miércoles,11,0,0,4,0.0423,0.4339,0.5239,Alto,2,74.1
Miguel Hidalgo,Noche (18-23),Miércoles,11,1,0,4,0.0389,0.3997,0.5614,Alto,2,76.1
Miguel Hidalgo,Tarde (12-17),Miércoles,11,0,0,4,0.0138,0.2629,0.7233,Alto,2,85.5
Miguel Hidalgo,Tarde (12-17),Miércoles,11,1,0,4,0.0152,0.1946,0.7902,Alto,2,88.7
Miguel Hidalgo,Madrugada (00-05),Sábado,11,0,1,4,0.0721,0.4805,0.4474,Medio,1,68.8
Miguel Hidalgo,Madrugada (00-05),Sábado,11,1,1,4,0.0804,0.5674,0.3522,Medio,1,63.6
Miguel Hidalgo,Mañana (06-11),Sábado,11,0,1,4,0.0622,0.5387,0.3991,Medio,1,66.8
Miguel Hidalgo,Mañana (06-11),Sábado,11,1,1,4,0.067,0.7189,0.2141,Medio,1,57.4
Miguel Hidalgo,Noche (18-23),Sábado,11,0,1,4,0.0196,0.3859,0.5945,Alto,2,78.7
Miguel Hidalgo,Noche (18-23),Sábado,11,1,1,4,0.0169,0.4391,0.544,Alto,2,76.4
Miguel Hidalgo,Tarde (12-17),Sábado,11,0,1,4,0.0122,0.3256,0.6622,Alto,2,82.5
Miguel Hidalgo,Tarde (12-17),Sábado,11,1,1,4,0.0218,0.4326,0.5456,Alto,2,76.2
Miguel Hidalgo,Madrugada (00-05),Viernes,11,0,0,4,0.2163,0.655,0.1287,Medio,1,45.6
Miguel Hidalgo,Madrugada (00-05),Viernes,11,1,0,4,0.2463,0.6857,0.068,Medio,1,41.1
Miguel Hidalgo,Mañana (06-11),Viernes,11,0,0,4,0.0173,0.3387,0.6439,Alto,2,81.3
Miguel Hidalgo,Mañana (06-11),Viernes,11,1,0,4,0.031,0.5975,0.3714,Medio,1,67.0
Miguel Hidalgo,Noche (18-23),Viernes,11,0,0,4,0.0063,0.1885,0.8053,Alto,2,89.9
Miguel Hidalgo,Noche (18-23),Viernes,11,1,0,4,0.0131,0.2712,0.7156,Alto,2,85.1
Miguel Hidalgo,Tarde (12-17),Viernes,11,0,0,4,0.003,0.1403,0.8567,Alto,2,92.7
Miguel Hidalgo,Tarde (12-17),Viernes,11,1,0,4,0.0066,0.2573,0.7361,Alto,2,86.5
Miguel Hidalgo,Madrugada (00-05),Domingo,12,0,1,4,0.2769,0.4824,0.2407,Medio,1,48.2
Miguel Hidalgo,Madrugada (00-05),Domingo,12,1,1,4,0.3163,0.4559,0.2277,Medio,1,45.6
Miguel Hidalgo,Mañana (06-11),Domingo,12,0,1,4,0.4223,0.439,0.1388,Medio,1,35.8
Miguel Hidalgo,Mañana (06-11),Domingo,12,1,1,4,0.4828,0.4195,0.0977,Bajo,0,30.7
Miguel Hidalgo,Noche (18-23),Domingo,12,0,1,4,0.1002,0.3997,0.5001,Alto,2,70.0
Miguel Hidalgo,Noche (18-23),Domingo,12,1,1,4,0.0805,0.347,0.5725,Alto,2,74.6
Miguel Hidalgo,Tarde (12-17),Domingo,12,0,1,4,0.0953,0.4501,0.4546,Alto,2,68.0
Miguel Hidalgo,Tarde (12-17),Domingo,12,1,1,4,0.1461,0.4724,0.3816,Medio,1,61.8
Miguel Hidalgo,Madrugada (00-05),Jueves,12,0,0,4,0.702,0.2594,0.0386,Bajo,0,16.8
Miguel Hidalgo,Madrugada (00-05),Jueves,12,1,0,4,0.722,0.2493,0.0286,Bajo,0,15.3
Miguel Hidalgo,Mañana (06-11),Jueves,12,0,0,4,0.1107,0.3211,0.5682,Alto,2,72.9
Miguel Hidalgo,Mañana (06-11),Jueves,12,1,0,4,0.1945,0.4232,0.3823,Medio,1,59.4
Miguel Hidalgo,Noche (18-23),Jueves,12,0,0,4,0.0726,0.3941,0.5333,Alto,2,73.0
Miguel Hidalgo,Noche (18-23),Jueves,12,1,0,4,0.058,0.3653,0.5767,Alto,2,75.9
Miguel Hidalgo,Tarde (12-17),Jueves,12,0,0,4,0.0224,0.2349,0.7427,Alto,2,86.0
Miguel Hidalgo,Tarde (12-17),Jueves,12,1,0,4,0.0425,0.2902,0.6673,Alto,2,81.2
Miguel Hidalgo,Madrugada (00-05),Lunes,12,0,0,4,0.8829,0.1031,0.014,Bajo,0,6.6
Miguel Hidalgo,Madrugada (00-05),Lunes,12,1,0,4,0.8814,0.107,0.0116,Bajo,0,6.5
Miguel Hidalgo,Mañana (06-11),Lunes,12,0,0,4,0.1356,0.3697,0.4947,Alto,2,68.0
Miguel Hidalgo,Mañana (06-11),Lunes,12,1,0,4,0.209,0.4539,0.3371,Medio,1,56.4
Miguel Hidalgo,Noche (18-23),Lunes,12,0,0,4,0.5342,0.2299,0.2359,Bajo,0,35.1
Miguel Hidalgo,Noche (18-23),Lunes,12,1,0,4,0.3339,0.3018,0.3644,Alto,2,51.5
Miguel Hidalgo,Tarde (12-17),Lunes,12,0,0,4,0.071,0.3277,0.6013,Alto,2,76.5
Miguel Hidalgo,Tarde (12-17),Lunes,12,1,0,4,0.1039,0.3941,0.502,Alto,2,69.9
Miguel Hidalgo,Madrugada (00-05),Martes,12,0,0,4,0.7984,0.1716,0.03,Bajo,0,11.6
Miguel Hidalgo,Madrugada (00-05),Martes,12,1,0,4,0.8349,0.1414,0.0237,Bajo,0,9.4
Miguel Hidalgo,Mañana (06-11),Martes,12,0,0,4,0.0786,0.3609,0.5605,Alto,2,74.1
Miguel Hidalgo,Mañana (06-11),Martes,12,1,0,4,0.1457,0.4215,0.4328,Alto,2,64.4
Miguel Hidalgo,Noche (18-23),Martes,12,0,0,4,0.0823,0.367,0.5508,Alto,2,73.4
Miguel Hidalgo,Noche (18-23),Martes,12,1,0,4,0.0646,0.2824,0.653,Alto,2,79.4
Miguel Hidalgo,Tarde (12-17),Martes,12,0,0,4,0.018,0.2018,0.7803,Alto,2,88.1
Miguel Hidalgo,Tarde (12-17),Martes,12,1,0,4,0.0344,0.2311,0.7345,Alto,2,85.0
Miguel Hidalgo,Madrugada (00-05),Miércoles,12,0,0,4,0.6921,0.2791,0.0289,Bajo,0,16.8
Miguel Hidalgo,Madrugada (00-05),Miércoles,12,1,0,4,0.8123,0.1653,0.0223,Bajo,0,10.5
Miguel Hidalgo,Mañana (06-11),Miércoles,12,0,0,4,0.1775,0.3521,0.4704,Alto,2,64.6
Miguel Hidalgo,Mañana (06-11),Miércoles,12,1,0,4,0.3113,0.331,0.3577,Alto,2,52.3
Miguel Hidalgo,Noche (18-23),Miércoles,12,0,0,4,0.063,0.435,0.502,Alto,2,71.9
Miguel Hidalgo,Noche (18-23),Miércoles,12,1,0,4,0.0666,0.3218,0.6116,Alto,2,77.3
Miguel Hidalgo,Tarde (12-17),Miércoles,12,0,0,4,0.017,0.2318,0.7513,Alto,2,86.7
Miguel Hidalgo,Tarde (12-17),Miércoles,12,1,0,4,0.0284,0.1574,0.8141,Alto,2,89.3
Miguel Hidalgo,Madrugada (00-05),Sábado,12,0,1,4,0.1698,0.333,0.4971,Alto,2,66.4
Miguel Hidalgo,Madrugada (00-05),Sábado,12,1,1,4,0.192,0.4107,0.3973,Medio,1,60.3
Miguel Hidalgo,Mañana (06-11),Sábado,12,0,1,4,0.3124,0.3555,0.3321,Medio,1,51.0
Miguel Hidalgo,Mañana (06-11),Sábado,12,1,1,4,0.3343,0.5165,0.1492,Medio,1,40.7
Miguel Hidalgo,Noche (18-23),Sábado,12,0,1,4,0.0639,0.2818,0.6543,Alto,2,79.5
Miguel Hidalgo,Noche (18-23),Sábado,12,1,1,4,0.0483,0.291,0.6607,Alto,2,80.6
Miguel Hidalgo,Tarde (12-17),Sábado,12,0,1,4,0.0268,0.1724,0.8008,Alto,2,88.7
Miguel Hidalgo,Tarde (12-17),Sábado,12,1,1,4,0.0622,0.2776,0.6602,Alto,2,79.9
Miguel Hidalgo,Madrugada (00-05),Viernes,12,0,0,4,0.3426,0.5675,0.0899,Medio,1,37.4
Miguel Hidalgo,Madrugada (00-05),Viernes,12,1,0,4,0.4972,0.4541,0.0488,Bajo,0,27.6
Miguel Hidalgo,Mañana (06-11),Viernes,12,0,0,4,0.0599,0.377,0.5631,Alto,2,75.2
Miguel Hidalgo,Mañana (06-11),Viernes,12,1,0,4,0.1714,0.5421,0.2865,Medio,1,55.8
Miguel Hidalgo,Noche (18-23),Viernes,12,0,0,4,0.0144,0.1971,0.7885,Alto,2,88.7
Miguel Hidalgo,Noche (18-23),Viernes,12,1,0,4,0.0385,0.1955,0.7659,Alto,2,86.4
Miguel Hidalgo,Tarde (12-17),Viernes,12,0,0,4,0.0082,0.2393,0.7525,Alto,2,87.2
Miguel Hidalgo,Tarde (12-17),Viernes,12,1,0,4,0.0219,0.3368,0.6413,Alto,2,81.0
Milpa Alta,Madrugada (00-05),Domingo,1,0,1,1,0.9746,0.0215,0.0039,Bajo,0,1.5
Milpa Alta,Madrugada (00-05),Domingo,1,1,1,1,0.9025,0.0917,0.0058,Bajo,0,5.2
Milpa Alta,Mañana (06-11),Domingo,1,0,1,1,0.9834,0.0146,0.002,Bajo,0,0.9
Milpa Alta,Mañana (06-11),Domingo,1,1,1,1,0.9312,0.0661,0.0027,Bajo,0,3.6
Milpa Alta,Noche (18-23),Domingo,1,0,1,1,0.973,0.0222,0.0048,Bajo,0,1.6
Milpa Alta,Noche (18-23),Domingo,1,1,1,1,0.8995,0.095,0.0055,Bajo,0,5.3
Milpa Alta,Tarde (12-17),Domingo,1,0,1,1,0.9419,0.0543,0.0038,Bajo,0,3.1
Milpa Alta,Tarde (12-17),Domingo,1,1,1,1,0.851,0.1438,0.0052,Bajo,0,7.7
Milpa Alta,Madrugada (00-05),Jueves,1,0,0,1,0.9974,0.0025,1e-04,Bajo,0,0.1
Milpa Alta,Madrugada (00-05),Jueves,1,1,0,1,0.9966,0.0033,1e-04,Bajo,0,0.2
Milpa Alta,Mañana (06-11),Jueves,1,0,0,1,0.9901,0.0086,0.0013,Bajo,0,0.6
Milpa Alta,Mañana (06-11),Jueves,1,1,0,1,0.9887,0.0101,0.0012,Bajo,0,0.6
Milpa Alta,Noche (18-23),Jueves,1,0,0,1,0.9893,0.0096,0.0011,Bajo,0,0.6
Milpa Alta,Noche (18-23),Jueves,1,1,0,1,0.9756,0.0234,0.001,Bajo,0,1.3
Milpa Alta,Tarde (12-17),Jueves,1,0,0,1,0.9584,0.0404,0.0012,Bajo,0,2.1
Milpa Alta,Tarde (12-17),Jueves,1,1,0,1,0.9675,0.0314,0.001,Bajo,0,1.7
Milpa Alta,Madrugada (00-05),Lunes,1,0,0,1,0.992,0.0078,1e-04,Bajo,0,0.4
Milpa Alta,Madrugada (00-05),Lunes,1,1,0,1,0.9735,0.0264,1e-04,Bajo,0,1.3
Milpa Alta,Mañana (06-11),Lunes,1,0,0,1,0.9774,0.0212,0.0014,Bajo,0,1.2
Milpa Alta,Mañana (06-11),Lunes,1,1,0,1,0.9369,0.0616,0.0014,Bajo,0,3.2
Milpa Alta,Noche (18-23),Lunes,1,0,0,1,0.9773,0.0214,0.0013,Bajo,0,1.2
Milpa Alta,Noche (18-23),Lunes,1,1,0,1,0.8993,0.0993,0.0014,Bajo,0,5.1
Milpa Alta,Tarde (12-17),Lunes,1,0,0,1,0.96,0.0384,0.0016,Bajo,0,2.1
Milpa Alta,Tarde (12-17),Lunes,1,1,0,1,0.9107,0.0875,0.0018,Bajo,0,4.6
Milpa Alta,Madrugada (00-05),Martes,1,0,0,1,0.9954,0.0045,1e-04,Bajo,0,0.2
Milpa Alta,Madrugada (00-05),Martes,1,1,0,1,0.9901,0.0098,1e-04,Bajo,0,0.5
Milpa Alta,Mañana (06-11),Martes,1,0,0,1,0.9745,0.024,0.0015,Bajo,0,1.4
Milpa Alta,Mañana (06-11),Martes,1,1,0,1,0.9558,0.0425,0.0017,Bajo,0,2.3
Milpa Alta,Noche (18-23),Martes,1,0,0,1,0.9799,0.0188,0.0012,Bajo,0,1.1
Milpa Alta,Noche (18-23),Martes,1,1,0,1,0.9483,0.0506,0.0012,Bajo,0,2.6
Milpa Alta,Tarde (12-17),Martes,1,0,0,1,0.9245,0.0737,0.0017,Bajo,0,3.9
Milpa Alta,Tarde (12-17),Martes,1,1,0,1,0.8028,0.1952,0.002,Bajo,0,10.0
Milpa Alta,Madrugada (00-05),Miércoles,1,0,0,1,0.9912,0.0087,1e-04,Bajo,0,0.4
Milpa Alta,Madrugada (00-05),Miércoles,1,1,0,1,0.9843,0.0157,1e-04,Bajo,0,0.8
Milpa Alta,Mañana (06-11),Miércoles,1,0,0,1,0.9534,0.0441,0.0025,Bajo,0,2.5
Milpa Alta,Mañana (06-11),Miércoles,1,1,0,1,0.9278,0.0701,0.0022,Bajo,0,3.7
Milpa Alta,Noche (18-23),Miércoles,1,0,0,1,0.9636,0.0346,0.0018,Bajo,0,1.9
Milpa Alta,Noche (18-23),Miércoles,1,1,0,1,0.924,0.075,0.0011,Bajo,0,3.9
Milpa Alta,Tarde (12-17),Miércoles,1,0,0,1,0.954,0.0437,0.0024,Bajo,0,2.4
Milpa Alta,Tarde (12-17),Miércoles,1,1,0,1,0.9223,0.0757,0.002,Bajo,0,4.0
Milpa Alta,Madrugada (00-05),Sábado,1,0,1,1,0.9796,0.0181,0.0023,Bajo,0,1.1
Milpa Alta,Madrugada (00-05),Sábado,1,1,1,1,0.9209,0.0759,0.0032,Bajo,0,4.1
Milpa Alta,Mañana (06-11),Sábado,1,0,1,1,0.9812,0.0162,0.0026,Bajo,0,1.1
Milpa Alta,Mañana (06-11),Sábado,1,1,1,1,0.9254,0.0717,0.0029,Bajo,0,3.9
Milpa Alta,Noche (18-23),Sábado,1,0,1,1,0.9507,0.0455,0.0038,Bajo,0,2.7
Milpa Alta,Noche (18-23),Sábado,1,1,1,1,0.8665,0.1294,0.0042,Bajo,0,6.9
Milpa Alta,Tarde (12-17),Sábado,1,0,1,1,0.8952,0.098,0.0068,Bajo,0,5.6
Milpa Alta,Tarde (12-17),Sábado,1,1,1,1,0.6847,0.3073,0.008,Bajo,0,16.2
Milpa Alta,Madrugada (00-05),Viernes,1,0,0,1,0.9895,0.0103,0.0002,Bajo,0,0.5
Milpa Alta,Madrugada (00-05),Viernes,1,1,0,1,0.989,0.0108,0.0002,Bajo,0,0.6
Milpa Alta,Mañana (06-11),Viernes,1,0,0,1,0.9791,0.0192,0.0017,Bajo,0,1.1
Milpa Alta,Mañana (06-11),Viernes,1,1,0,1,0.9778,0.0207,0.0015,Bajo,0,1.2
Milpa Alta,Noche (18-23),Viernes,1,0,0,1,0.9748,0.0221,0.0031,Bajo,0,1.4
Milpa Alta,Noche (18-23),Viernes,1,1,0,1,0.9717,0.0262,0.002,Bajo,0,1.5
Milpa Alta,Tarde (12-17),Viernes,1,0,0,1,0.9327,0.0646,0.0027,Bajo,0,3.5
Milpa Alta,Tarde (12-17),Viernes,1,1,0,1,0.9455,0.0524,0.0021,Bajo,0,2.8
Milpa Alta,Madrugada (00-05),Domingo,2,0,1,1,0.9618,0.0375,0.0008,Bajo,0,1.9
Milpa Alta,Madrugada (00-05),Domingo,2,1,1,1,0.8715,0.1277,0.0008,Bajo,0,6.5
Milpa Alta,Mañana (06-11),Domingo,2,0,1,1,0.9748,0.0248,0.0003,Bajo,0,1.3
Milpa Alta,Mañana (06-11),Domingo,2,1,1,1,0.9031,0.0965,0.0004,Bajo,0,4.9
Milpa Alta,Noche (18-23),Domingo,2,0,1,1,0.952,0.0473,0.0008,Bajo,0,2.4
Milpa Alta,Noche (18-23),Domingo,2,1,1,1,0.7789,0.2204,0.0007,Bajo,0,11.1
Milpa Alta,Tarde (12-17),Domingo,2,0,1,1,0.929,0.0705,0.0005,Bajo,0,3.6
Milpa Alta,Tarde (12-17),Domingo,2,1,1,1,0.8233,0.1762,0.0006,Bajo,0,8.9
Milpa Alta,Madrugada (00-05),Jueves,2,0,0,1,0.9953,0.0047,0.0,Bajo,0,0.2
Milpa Alta,Madrugada (00-05),Jueves,2,1,0,1,0.994,0.006,0.0,Bajo,0,0.3
Milpa Alta,Mañana (06-11),Jueves,2,0,0,1,0.9875,0.012,0.0005,Bajo,0,0.6
Milpa Alta,Mañana (06-11),Jueves,2,1,0,1,0.9855,0.0141,0.0005,Bajo,0,0.8
Milpa Alta,Noche (18-23),Jueves,2,0,0,1,0.9736,0.0259,0.0005,Bajo,0,1.3
Milpa Alta,Noche (18-23),Jueves,2,1,0,1,0.9225,0.077,0.0005,Bajo,0,3.9
Milpa Alta,Tarde (12-17),Jueves,2,0,0,1,0.944,0.0554,0.0006,Bajo,0,2.8
Milpa Alta,Tarde (12-17),Jueves,2,1,0,1,0.9559,0.0436,0.0005,Bajo,0,2.2
Milpa Alta,Madrugada (00-05),Lunes,2,0,0,1,0.9886,0.0113,1e-04,Bajo,0,0.6
Milpa Alta,Madrugada (00-05),Lunes,2,1,0,1,0.964,0.036,1e-04,Bajo,0,1.8
Milpa Alta,Mañana (06-11),Lunes,2,0,0,1,0.9729,0.0266,0.0005,Bajo,0,1.4
Milpa Alta,Mañana (06-11),Lunes,2,1,0,1,0.9216,0.0779,0.0005,Bajo,0,3.9
Milpa Alta,Noche (18-23),Lunes,2,0,0,1,0.9712,0.0283,0.0005,Bajo,0,1.5
Milpa Alta,Noche (18-23),Lunes,2,1,0,1,0.8748,0.1248,0.0005,Bajo,0,6.3
Milpa Alta,Tarde (12-17),Lunes,2,0,0,1,0.9667,0.0327,0.0006,Bajo,0,1.7
Milpa Alta,Tarde (12-17),Lunes,2,1,0,1,0.9246,0.0747,0.0006,Bajo,0,3.8
Milpa Alta,Madrugada (00-05),Martes,2,0,0,1,0.9928,0.0071,0.0,Bajo,0,0.4
Milpa Alta,Madrugada (00-05),Martes,2,1,0,1,0.9861,0.0138,0.0,Bajo,0,0.7
Milpa Alta,Mañana (06-11),Martes,2,0,0,1,0.9655,0.0339,0.0006,Bajo,0,1.8
Milpa Alta,Mañana (06-11),Martes,2,1,0,1,0.9443,0.0551,0.0007,Bajo,0,2.8
Milpa Alta,Noche (18-23),Martes,2,0,0,1,0.9621,0.0374,0.0005,Bajo,0,1.9
Milpa Alta,Noche (18-23),Martes,2,1,0,1,0.8742,0.1253,0.0005,Bajo,0,6.3
Milpa Alta,Tarde (12-17),Martes,2,0,0,1,0.943,0.0563,0.0006,Bajo,0,2.9
Milpa Alta,Tarde (12-17),Martes,2,1,0,1,0.8497,0.1496,0.0007,Bajo,0,7.6
Milpa Alta,Madrugada (00-05),Miércoles,2,0,0,1,0.9873,0.0127,0.0,Bajo,0,0.6
Milpa Alta,Madrugada (00-05),Miércoles,2,1,0,1,0.9731,0.0268,0.0,Bajo,0,1.3
Milpa Alta,Mañana (06-11),Miércoles,2,0,0,1,0.9516,0.0478,0.0006,Bajo,0,2.5
Milpa Alta,Mañana (06-11),Miércoles,2,1,0,1,0.9085,0.0909,0.0006,Bajo,0,4.6
Milpa Alta,Noche (18-23),Miércoles,2,0,0,1,0.9396,0.06,0.0005,Bajo,0,3.0
Milpa Alta,Noche (18-23),Miércoles,2,1,0,1,0.7839,0.2156,0.0004,Bajo,0,10.8
Milpa Alta,Tarde (12-17),Miércoles,2,0,0,1,0.9409,0.0585,0.0006,Bajo,0,3.0
Milpa Alta,Tarde (12-17),Miércoles,2,1,0,1,0.8811,0.1183,0.0006,Bajo,0,6.0
Milpa Alta,Madrugada (00-05),Sábado,2,0,1,1,0.9781,0.0214,0.0005,Bajo,0,1.1
Milpa Alta,Madrugada (00-05),Sábado,2,1,1,1,0.9265,0.0729,0.0005,Bajo,0,3.7
Milpa Alta,Mañana (06-11),Sábado,2,0,1,1,0.9831,0.0165,0.0004,Bajo,0,0.9
Milpa Alta,Mañana (06-11),Sábado,2,1,1,1,0.9373,0.0623,0.0004,Bajo,0,3.2
Milpa Alta,Noche (18-23),Sábado,2,0,1,1,0.9532,0.0461,0.0008,Bajo,0,2.4
Milpa Alta,Noche (18-23),Sábado,2,1,1,1,0.8731,0.1263,0.0006,Bajo,0,6.4
Milpa Alta,Tarde (12-17),Sábado,2,0,1,1,0.9277,0.0713,0.0009,Bajo,0,3.7
Milpa Alta,Tarde (12-17),Sábado,2,1,1,1,0.7661,0.2329,0.0009,Bajo,0,11.7
Milpa Alta,Madrugada (00-05),Viernes,2,0,0,1,0.9866,0.0133,1e-04,Bajo,0,0.7
Milpa Alta,Madrugada (00-05),Viernes,2,1,0,1,0.9863,0.0137,1e-04,Bajo,0,0.7
Milpa Alta,Mañana (06-11),Viernes,2,0,0,1,0.9763,0.0231,0.0005,Bajo,0,1.2
Milpa Alta,Mañana (06-11),Viernes,2,1,0,1,0.9744,0.0252,0.0005,Bajo,0,1.3
Milpa Alta,Noche (18-23),Viernes,2,0,0,1,0.9477,0.0512,0.0011,Bajo,0,2.7
Milpa Alta,Noche (18-23),Viernes,2,1,0,1,0.9183,0.0808,0.0009,Bajo,0,4.1
Milpa Alta,Tarde (12-17),Viernes,2,0,0,1,0.9193,0.0798,0.001,Bajo,0,4.1
Milpa Alta,Tarde (12-17),Viernes,2,1,0,1,0.9329,0.0664,0.0007,Bajo,0,3.4
Milpa Alta,Madrugada (00-05),Domingo,3,0,1,1,0.9206,0.0787,0.0007,Bajo,0,4.0
Milpa Alta,Madrugada (00-05),Domingo,3,1,1,1,0.8698,0.1294,0.0008,Bajo,0,6.5
Milpa Alta,Mañana (06-11),Domingo,3,0,1,1,0.9507,0.049,0.0003,Bajo,0,2.5
Milpa Alta,Mañana (06-11),Domingo,3,1,1,1,0.915,0.0847,0.0003,Bajo,0,4.3
Milpa Alta,Noche (18-23),Domingo,3,0,1,1,0.8893,0.11,0.0007,Bajo,0,5.6
Milpa Alta,Noche (18-23),Domingo,3,1,1,1,0.8047,0.1946,0.0006,Bajo,0,9.8
Milpa Alta,Tarde (12-17),Domingo,3,0,1,1,0.8796,0.1199,0.0005,Bajo,0,6.0
Milpa Alta,Tarde (12-17),Domingo,3,1,1,1,0.8242,0.1753,0.0005,Bajo,0,8.8
Milpa Alta,Madrugada (00-05),Jueves,3,0,0,1,0.9916,0.0084,0.0,Bajo,0,0.4
Milpa Alta,Madrugada (00-05),Jueves,3,1,0,1,0.9941,0.0059,0.0,Bajo,0,0.3
Milpa Alta,Mañana (06-11),Jueves,3,0,0,1,0.9789,0.0206,0.0005,Bajo,0,1.1
Milpa Alta,Mañana (06-11),Jueves,3,1,0,1,0.9866,0.0129,0.0005,Bajo,0,0.7
Milpa Alta,Noche (18-23),Jueves,3,0,0,1,0.9604,0.0392,0.0005,Bajo,0,2.0
Milpa Alta,Noche (18-23),Jueves,3,1,0,1,0.9434,0.0561,0.0005,Bajo,0,2.9
Milpa Alta,Tarde (12-17),Jueves,3,0,0,1,0.9103,0.0891,0.0006,Bajo,0,4.5
Milpa Alta,Tarde (12-17),Jueves,3,1,0,1,0.9558,0.0437,0.0005,Bajo,0,2.2
Milpa Alta,Madrugada (00-05),Lunes,3,0,0,1,0.9737,0.0263,1e-04,Bajo,0,1.3
Milpa Alta,Madrugada (00-05),Lunes,3,1,0,1,0.9621,0.0378,1e-04,Bajo,0,1.9
Milpa Alta,Mañana (06-11),Lunes,3,0,0,1,0.9412,0.0584,0.0005,Bajo,0,3.0
Milpa Alta,Mañana (06-11),Lunes,3,1,0,1,0.9224,0.0771,0.0005,Bajo,0,3.9
Milpa Alta,Noche (18-23),Lunes,3,0,0,1,0.9483,0.0514,0.0004,Bajo,0,2.6
Milpa Alta,Noche (18-23),Lunes,3,1,0,1,0.9141,0.0855,0.0004,Bajo,0,4.3
Milpa Alta,Tarde (12-17),Lunes,3,0,0,1,0.9372,0.0621,0.0006,Bajo,0,3.2
Milpa Alta,Tarde (12-17),Lunes,3,1,0,1,0.9244,0.075,0.0006,Bajo,0,3.8
Milpa Alta,Madrugada (00-05),Martes,3,0,0,1,0.984,0.016,0.0,Bajo,0,0.8
Milpa Alta,Madrugada (00-05),Martes,3,1,0,1,0.9853,0.0147,0.0,Bajo,0,0.7
Milpa Alta,Mañana (06-11),Martes,3,0,0,1,0.9182,0.0811,0.0007,Bajo,0,4.1
Milpa Alta,Mañana (06-11),Martes,3,1,0,1,0.9362,0.063,0.0008,Bajo,0,3.2
Milpa Alta,Noche (18-23),Martes,3,0,0,1,0.9235,0.0761,0.0004,Bajo,0,3.8
Milpa Alta,Noche (18-23),Martes,3,1,0,1,0.8838,0.1157,0.0005,Bajo,0,5.8
Milpa Alta,Tarde (12-17),Martes,3,0,0,1,0.9108,0.0885,0.0006,Bajo,0,4.5
Milpa Alta,Tarde (12-17),Martes,3,1,0,1,0.8517,0.1475,0.0008,Bajo,0,7.5
Milpa Alta,Madrugada (00-05),Miércoles,3,0,0,1,0.9913,0.0086,0.0,Bajo,0,0.4
Milpa Alta,Madrugada (00-05),Miércoles,3,1,0,1,0.99,0.0099,0.0,Bajo,0,0.5
Milpa Alta,Mañana (06-11),Miércoles,3,0,0,1,0.9672,0.0322,0.0007,Bajo,0,1.7
Milpa Alta,Mañana (06-11),Miércoles,3,1,0,1,0.9664,0.033,0.0006,Bajo,0,1.7
Milpa Alta,Noche (18-23),Miércoles,3,0,0,1,0.9586,0.041,0.0005,Bajo,0,2.1
Milpa Alta,Noche (18-23),Miércoles,3,1,0,1,0.9206,0.0789,0.0005,Bajo,0,4.0
Milpa Alta,Tarde (12-17),Miércoles,3,0,0,1,0.9568,0.0426,0.0006,Bajo,0,2.2
Milpa Alta,Tarde (12-17),Miércoles,3,1,0,1,0.9457,0.0537,0.0006,Bajo,0,2.7
Milpa Alta,Madrugada (00-05),Sábado,3,0,1,1,0.9543,0.0453,0.0005,Bajo,0,2.3
Milpa Alta,Madrugada (00-05),Sábado,3,1,1,1,0.9263,0.0732,0.0005,Bajo,0,3.7
Milpa Alta,Mañana (06-11),Sábado,3,0,1,1,0.9663,0.0333,0.0004,Bajo,0,1.7
Milpa Alta,Mañana (06-11),Sábado,3,1,1,1,0.9426,0.057,0.0004,Bajo,0,2.9
Milpa Alta,Noche (18-23),Sábado,3,0,1,1,0.8852,0.1141,0.0007,Bajo,0,5.8
Milpa Alta,Noche (18-23),Sábado,3,1,1,1,0.8918,0.1076,0.0006,Bajo,0,5.4
Milpa Alta,Tarde (12-17),Sábado,3,0,1,1,0.8759,0.1234,0.0008,Bajo,0,6.2
Milpa Alta,Tarde (12-17),Sábado,3,1,1,1,0.7761,0.2231,0.0008,Bajo,0,11.2
Milpa Alta,Madrugada (00-05),Viernes,3,0,0,1,0.9724,0.0275,1e-04,Bajo,0,1.4
Milpa Alta,Madrugada (00-05),Viernes,3,1,0,1,0.9841,0.0158,1e-04,Bajo,0,0.8
Milpa Alta,Mañana (06-11),Viernes,3,0,0,1,0.9538,0.0457,0.0005,Bajo,0,2.3
Milpa Alta,Mañana (06-11),Viernes,3,1,0,1,0.973,0.0265,0.0004,Bajo,0,1.4
Milpa Alta,Noche (18-23),Viernes,3,0,0,1,0.8978,0.1011,0.0011,Bajo,0,5.2
Milpa Alta,Noche (18-23),Viernes,3,1,0,1,0.9129,0.0863,0.0008,Bajo,0,4.4
Milpa Alta,Tarde (12-17),Viernes,3,0,0,1,0.8955,0.1036,0.0009,Bajo,0,5.3
Milpa Alta,Tarde (12-17),Viernes,3,1,0,1,0.9381,0.0613,0.0006,Bajo,0,3.1
Milpa Alta,Madrugada (00-05),Domingo,4,0,1,2,0.8755,0.124,0.0005,Bajo,0,6.3
Milpa Alta,Madrugada (00-05),Domingo,4,1,1,2,0.9183,0.0812,0.0006,Bajo,0,4.1
Milpa Alta,Mañana (06-11),Domingo,4,0,1,2,0.9384,0.0613,0.0002,Bajo,0,3.1
Milpa Alta,Mañana (06-11),Domingo,4,1,1,2,0.9514,0.0483,0.0003,Bajo,0,2.4
Milpa Alta,Noche (18-23),Domingo,4,0,1,2,0.6449,0.3546,0.0005,Bajo,0,17.8
Milpa Alta,Noche (18-23),Domingo,4,1,1,2,0.8099,0.1894,0.0007,Bajo,0,9.5
Milpa Alta,Tarde (12-17),Domingo,4,0,1,2,0.8575,0.1421,0.0004,Bajo,0,7.1
Milpa Alta,Tarde (12-17),Domingo,4,1,1,2,0.9154,0.0843,0.0004,Bajo,0,4.3
Milpa Alta,Madrugada (00-05),Jueves,4,0,0,2,0.9887,0.0113,0.0,Bajo,0,0.6
Milpa Alta,Madrugada (00-05),Jueves,4,1,0,2,0.9941,0.0058,0.0,Bajo,0,0.3
Milpa Alta,Mañana (06-11),Jueves,4,0,0,2,0.9776,0.0221,0.0004,Bajo,0,1.1
Milpa Alta,Mañana (06-11),Jueves,4,1,0,2,0.9871,0.0126,0.0004,Bajo,0,0.7
Milpa Alta,Noche (18-23),Jueves,4,0,0,2,0.9138,0.0857,0.0005,Bajo,0,4.3
Milpa Alta,Noche (18-23),Jueves,4,1,0,2,0.9204,0.079,0.0006,Bajo,0,4.0
Milpa Alta,Tarde (12-17),Jueves,4,0,0,2,0.8807,0.1188,0.0005,Bajo,0,6.0
Milpa Alta,Tarde (12-17),Jueves,4,1,0,2,0.9579,0.0417,0.0004,Bajo,0,2.1
Milpa Alta,Madrugada (00-05),Lunes,4,0,0,2,0.9438,0.0561,1e-04,Bajo,0,2.8
Milpa Alta,Madrugada (00-05),Lunes,4,1,0,2,0.9583,0.0416,1e-04,Bajo,0,2.1
Milpa Alta,Mañana (06-11),Lunes,4,0,0,2,0.8552,0.1444,0.0004,Bajo,0,7.3
Milpa Alta,Mañana (06-11),Lunes,4,1,0,2,0.8794,0.1202,0.0004,Bajo,0,6.1
Milpa Alta,Noche (18-23),Lunes,4,0,0,2,0.8731,0.1265,0.0004,Bajo,0,6.4
Milpa Alta,Noche (18-23),Lunes,4,1,0,2,0.9148,0.0848,0.0004,Bajo,0,4.3
Milpa Alta,Tarde (12-17),Lunes,4,0,0,2,0.8972,0.1021,0.0007,Bajo,0,5.2
Milpa Alta,Tarde (12-17),Lunes,4,1,0,2,0.9172,0.0821,0.0007,Bajo,0,4.2
Milpa Alta,Madrugada (00-05),Martes,4,0,0,2,0.9757,0.0243,0.0,Bajo,0,1.2
Milpa Alta,Madrugada (00-05),Martes,4,1,0,2,0.9878,0.0122,0.0,Bajo,0,0.6
Milpa Alta,Mañana (06-11),Martes,4,0,0,2,0.9126,0.087,0.0005,Bajo,0,4.4
Milpa Alta,Mañana (06-11),Martes,4,1,0,2,0.9503,0.0491,0.0006,Bajo,0,2.5
Milpa Alta,Noche (18-23),Martes,4,0,0,2,0.8272,0.1724,0.0004,Bajo,0,8.7
Milpa Alta,Noche (18-23),Martes,4,1,0,2,0.8588,0.1407,0.0005,Bajo,0,7.1
Milpa Alta,Tarde (12-17),Martes,4,0,0,2,0.8811,0.1184,0.0005,Bajo,0,6.0
Milpa Alta,Tarde (12-17),Martes,4,1,0,2,0.8767,0.1226,0.0007,Bajo,0,6.2
Milpa Alta,Madrugada (00-05),Miércoles,4,0,0,2,0.9859,0.0141,0.0,Bajo,0,0.7
Milpa Alta,Madrugada (00-05),Miércoles,4,1,0,2,0.988,0.0119,0.0,Bajo,0,0.6
Milpa Alta,Mañana (06-11),Miércoles,4,0,0,2,0.9533,0.0462,0.0005,Bajo,0,2.4
Milpa Alta,Mañana (06-11),Miércoles,4,1,0,2,0.9652,0.0343,0.0005,Bajo,0,1.8
Milpa Alta,Noche (18-23),Miércoles,4,0,0,2,0.8923,0.1072,0.0005,Bajo,0,5.4
Milpa Alta,Noche (18-23),Miércoles,4,1,0,2,0.8769,0.1225,0.0006,Bajo,0,6.2
Milpa Alta,Tarde (12-17),Miércoles,4,0,0,2,0.9286,0.0709,0.0005,Bajo,0,3.6
Milpa Alta,Tarde (12-17),Miércoles,4,1,0,2,0.9256,0.0738,0.0005,Bajo,0,3.7
Milpa Alta,Madrugada (00-05),Sábado,4,0,1,2,0.9227,0.077,0.0004,Bajo,0,3.9
Milpa Alta,Madrugada (00-05),Sábado,4,1,1,2,0.9559,0.0437,0.0004,Bajo,0,2.2
Milpa Alta,Mañana (06-11),Sábado,4,0,1,2,0.9558,0.0438,0.0003,Bajo,0,2.2
Milpa Alta,Mañana (06-11),Sábado,4,1,1,2,0.9697,0.03,0.0003,Bajo,0,1.5
Milpa Alta,Noche (18-23),Sábado,4,0,1,2,0.6493,0.3501,0.0006,Bajo,0,17.6
Milpa Alta,Noche (18-23),Sábado,4,1,1,2,0.8751,0.1242,0.0006,Bajo,0,6.3
Milpa Alta,Tarde (12-17),Sábado,4,0,1,2,0.8654,0.1341,0.0005,Bajo,0,6.8
Milpa Alta,Tarde (12-17),Sábado,4,1,1,2,0.9228,0.0767,0.0005,Bajo,0,3.9
Milpa Alta,Madrugada (00-05),Viernes,4,0,0,2,0.9597,0.0402,1e-04,Bajo,0,2.0
Milpa Alta,Madrugada (00-05),Viernes,4,1,0,2,0.9843,0.0156,1e-04,Bajo,0,0.8
Milpa Alta,Mañana (06-11),Viernes,4,0,0,2,0.9476,0.052,0.0004,Bajo,0,2.6
Milpa Alta,Mañana (06-11),Viernes,4,1,0,2,0.9751,0.0245,0.0003,Bajo,0,1.3
Milpa Alta,Noche (18-23),Viernes,4,0,0,2,0.8105,0.1884,0.0011,Bajo,0,9.5
Milpa Alta,Noche (18-23),Viernes,4,1,0,2,0.9027,0.0964,0.0009,Bajo,0,4.9
Milpa Alta,Tarde (12-17),Viernes,4,0,0,2,0.8603,0.1389,0.0007,Bajo,0,7.0
Milpa Alta,Tarde (12-17),Viernes,4,1,0,2,0.9352,0.0642,0.0006,Bajo,0,3.3
Milpa Alta,Madrugada (00-05),Domingo,5,0,1,2,0.8755,0.1239,0.0006,Bajo,0,6.3
Milpa Alta,Madrugada (00-05),Domingo,5,1,1,2,0.9163,0.0831,0.0006,Bajo,0,4.2
Milpa Alta,Mañana (06-11),Domingo,5,0,1,2,0.936,0.0638,0.0002,Bajo,0,3.2
Milpa Alta,Mañana (06-11),Domingo,5,1,1,2,0.9486,0.0512,0.0002,Bajo,0,2.6
Milpa Alta,Noche (18-23),Domingo,5,0,1,2,0.6635,0.3359,0.0006,Bajo,0,16.9
Milpa Alta,Noche (18-23),Domingo,5,1,1,2,0.8177,0.1816,0.0007,Bajo,0,9.1
Milpa Alta,Tarde (12-17),Domingo,5,0,1,2,0.857,0.1426,0.0004,Bajo,0,7.2
Milpa Alta,Tarde (12-17),Domingo,5,1,1,2,0.9089,0.0907,0.0004,Bajo,0,4.6
Milpa Alta,Madrugada (00-05),Jueves,5,0,0,2,0.9877,0.0123,0.0,Bajo,0,0.6
Milpa Alta,Madrugada (00-05),Jueves,5,1,0,2,0.9926,0.0073,0.0,Bajo,0,0.4
Milpa Alta,Mañana (06-11),Jueves,5,0,0,2,0.9763,0.0233,0.0004,Bajo,0,1.2
Milpa Alta,Mañana (06-11),Jueves,5,1,0,2,0.985,0.0146,0.0004,Bajo,0,0.8
Milpa Alta,Noche (18-23),Jueves,5,0,0,2,0.9012,0.0983,0.0006,Bajo,0,5.0
Milpa Alta,Noche (18-23),Jueves,5,1,0,2,0.9015,0.0979,0.0006,Bajo,0,5.0
Milpa Alta,Tarde (12-17),Jueves,5,0,0,2,0.8582,0.1412,0.0005,Bajo,0,7.1
Milpa Alta,Tarde (12-17),Jueves,5,1,0,2,0.9459,0.0536,0.0005,Bajo,0,2.7
Milpa Alta,Madrugada (00-05),Lunes,5,0,0,2,0.94,0.0599,1e-04,Bajo,0,3.0
Milpa Alta,Madrugada (00-05),Lunes,5,1,0,2,0.9597,0.0402,1e-04,Bajo,0,2.0
Milpa Alta,Mañana (06-11),Lunes,5,0,0,2,0.8463,0.1533,0.0004,Bajo,0,7.7
Milpa Alta,Mañana (06-11),Lunes,5,1,0,2,0.8837,0.1159,0.0004,Bajo,0,5.8
Milpa Alta,Noche (18-23),Lunes,5,0,0,2,0.8716,0.128,0.0004,Bajo,0,6.4
Milpa Alta,Noche (18-23),Lunes,5,1,0,2,0.9212,0.0784,0.0004,Bajo,0,4.0
Milpa Alta,Tarde (12-17),Lunes,5,0,0,2,0.8766,0.1227,0.0006,Bajo,0,6.2
Milpa Alta,Tarde (12-17),Lunes,5,1,0,2,0.8986,0.1008,0.0007,Bajo,0,5.1
Milpa Alta,Madrugada (00-05),Martes,5,0,0,2,0.9732,0.0268,0.0,Bajo,0,1.3
Milpa Alta,Madrugada (00-05),Martes,5,1,0,2,0.9867,0.0133,0.0,Bajo,0,0.7
Milpa Alta,Mañana (06-11),Martes,5,0,0,2,0.8999,0.0996,0.0005,Bajo,0,5.0
Milpa Alta,Mañana (06-11),Martes,5,1,0,2,0.9439,0.0556,0.0006,Bajo,0,2.8
Milpa Alta,Noche (18-23),Martes,5,0,0,2,0.7787,0.2208,0.0005,Bajo,0,11.1
Milpa Alta,Noche (18-23),Martes,5,1,0,2,0.8364,0.1631,0.0005,Bajo,0,8.2
Milpa Alta,Tarde (12-17),Martes,5,0,0,2,0.8684,0.1311,0.0005,Bajo,0,6.6
Milpa Alta,Tarde (12-17),Martes,5,1,0,2,0.8582,0.1411,0.0006,Bajo,0,7.1
Milpa Alta,Madrugada (00-05),Miércoles,5,0,0,2,0.9851,0.0149,0.0,Bajo,0,0.7
Milpa Alta,Madrugada (00-05),Miércoles,5,1,0,2,0.988,0.0119,0.0,Bajo,0,0.6
Milpa Alta,Mañana (06-11),Miércoles,5,0,0,2,0.9511,0.0483,0.0006,Bajo,0,2.5
Milpa Alta,Mañana (06-11),Miércoles,5,1,0,2,0.967,0.0324,0.0005,Bajo,0,1.7
Milpa Alta,Noche (18-23),Miércoles,5,0,0,2,0.9011,0.0984,0.0005,Bajo,0,5.0
Milpa Alta,Noche (18-23),Miércoles,5,1,0,2,0.8985,0.101,0.0005,Bajo,0,5.1
Milpa Alta,Tarde (12-17),Miércoles,5,0,0,2,0.921,0.0784,0.0006,Bajo,0,4.0
Milpa Alta,Tarde (12-17),Miércoles,5,1,0,2,0.9139,0.0856,0.0005,Bajo,0,4.3
Milpa Alta,Madrugada (00-05),Sábado,5,0,1,2,0.9276,0.0721,0.0004,Bajo,0,3.6
Milpa Alta,Madrugada (00-05),Sábado,5,1,1,2,0.9599,0.0397,0.0004,Bajo,0,2.0
Milpa Alta,Mañana (06-11),Sábado,5,0,1,2,0.9557,0.044,0.0003,Bajo,0,2.2
Milpa Alta,Mañana (06-11),Sábado,5,1,1,2,0.9708,0.0289,0.0003,Bajo,0,1.5
Milpa Alta,Noche (18-23),Sábado,5,0,1,2,0.6959,0.3035,0.0006,Bajo,0,15.2
Milpa Alta,Noche (18-23),Sábado,5,1,1,2,0.8808,0.1186,0.0006,Bajo,0,6.0
Milpa Alta,Tarde (12-17),Sábado,5,0,1,2,0.8729,0.1265,0.0006,Bajo,0,6.4
Milpa Alta,Tarde (12-17),Sábado,5,1,1,2,0.9259,0.0735,0.0006,Bajo,0,3.7
Milpa Alta,Madrugada (00-05),Viernes,5,0,0,2,0.9649,0.035,1e-04,Bajo,0,1.8
Milpa Alta,Madrugada (00-05),Viernes,5,1,0,2,0.9831,0.0168,1e-04,Bajo,0,0.8
Milpa Alta,Mañana (06-11),Viernes,5,0,0,2,0.9433,0.0563,0.0004,Bajo,0,2.9
Milpa Alta,Mañana (06-11),Viernes,5,1,0,2,0.9705,0.0291,0.0004,Bajo,0,1.5
Milpa Alta,Noche (18-23),Viernes,5,0,0,2,0.822,0.177,0.001,Bajo,0,9.0
Milpa Alta,Noche (18-23),Viernes,5,1,0,2,0.8996,0.0995,0.0009,Bajo,0,5.1
Milpa Alta,Tarde (12-17),Viernes,5,0,0,2,0.8888,0.1105,0.0007,Bajo,0,5.6
Milpa Alta,Tarde (12-17),Viernes,5,1,0,2,0.9342,0.0652,0.0006,Bajo,0,3.3
Milpa Alta,Madrugada (00-05),Domingo,6,0,1,2,0.894,0.1053,0.0007,Bajo,0,5.3
Milpa Alta,Madrugada (00-05),Domingo,6,1,1,2,0.9184,0.0809,0.0007,Bajo,0,4.1
Milpa Alta,Mañana (06-11),Domingo,6,0,1,2,0.9363,0.0635,0.0003,Bajo,0,3.2
Milpa Alta,Mañana (06-11),Domingo,6,1,1,2,0.9466,0.0532,0.0002,Bajo,0,2.7
Milpa Alta,Noche (18-23),Domingo,6,0,1,2,0.7233,0.2761,0.0007,Bajo,0,13.9
Milpa Alta,Noche (18-23),Domingo,6,1,1,2,0.8142,0.1851,0.0006,Bajo,0,9.3
Milpa Alta,Tarde (12-17),Domingo,6,0,1,2,0.8919,0.1077,0.0004,Bajo,0,5.4
Milpa Alta,Tarde (12-17),Domingo,6,1,1,2,0.9264,0.0733,0.0003,Bajo,0,3.7
Milpa Alta,Madrugada (00-05),Jueves,6,0,0,2,0.9903,0.0096,0.0,Bajo,0,0.5
Milpa Alta,Madrugada (00-05),Jueves,6,1,0,2,0.9942,0.0058,0.0,Bajo,0,0.3
Milpa Alta,Mañana (06-11),Jueves,6,0,0,2,0.9793,0.0203,0.0004,Bajo,0,1.1
Milpa Alta,Mañana (06-11),Jueves,6,1,0,2,0.9883,0.0114,0.0003,Bajo,0,0.6
Milpa Alta,Noche (18-23),Jueves,6,0,0,2,0.9162,0.0833,0.0005,Bajo,0,4.2
Milpa Alta,Noche (18-23),Jueves,6,1,0,2,0.9105,0.089,0.0005,Bajo,0,4.5
Milpa Alta,Tarde (12-17),Jueves,6,0,0,2,0.913,0.0866,0.0004,Bajo,0,4.4
Milpa Alta,Tarde (12-17),Jueves,6,1,0,2,0.9686,0.031,0.0003,Bajo,0,1.6
Milpa Alta,Madrugada (00-05),Lunes,6,0,0,2,0.9684,0.0315,1e-04,Bajo,0,1.6
Milpa Alta,Madrugada (00-05),Lunes,6,1,0,2,0.9757,0.0243,0.0,Bajo,0,1.2
Milpa Alta,Mañana (06-11),Lunes,6,0,0,2,0.931,0.0686,0.0004,Bajo,0,3.5
Milpa Alta,Mañana (06-11),Lunes,6,1,0,2,0.9485,0.0511,0.0004,Bajo,0,2.6
Milpa Alta,Noche (18-23),Lunes,6,0,0,2,0.9154,0.0842,0.0004,Bajo,0,4.2
Milpa Alta,Noche (18-23),Lunes,6,1,0,2,0.9421,0.0575,0.0003,Bajo,0,2.9
Milpa Alta,Tarde (12-17),Lunes,6,0,0,2,0.9308,0.0688,0.0003,Bajo,0,3.5
Milpa Alta,Tarde (12-17),Lunes,6,1,0,2,0.9458,0.0539,0.0003,Bajo,0,2.7
Milpa Alta,Madrugada (00-05),Martes,6,0,0,2,0.9856,0.0144,0.0,Bajo,0,0.7
Milpa Alta,Madrugada (00-05),Martes,6,1,0,2,0.9914,0.0086,0.0,Bajo,0,0.4
Milpa Alta,Mañana (06-11),Martes,6,0,0,2,0.9396,0.0599,0.0005,Bajo,0,3.0
Milpa Alta,Mañana (06-11),Martes,6,1,0,2,0.9644,0.0351,0.0005,Bajo,0,1.8
Milpa Alta,Noche (18-23),Martes,6,0,0,2,0.8782,0.1213,0.0005,Bajo,0,6.1
Milpa Alta,Noche (18-23),Martes,6,1,0,2,0.8953,0.1042,0.0005,Bajo,0,5.3
Milpa Alta,Tarde (12-17),Martes,6,0,0,2,0.9401,0.0595,0.0004,Bajo,0,3.0
Milpa Alta,Tarde (12-17),Martes,6,1,0,2,0.949,0.0506,0.0004,Bajo,0,2.6
Milpa Alta,Madrugada (00-05),Miércoles,6,0,0,2,0.9883,0.0117,0.0,Bajo,0,0.6
Milpa Alta,Madrugada (00-05),Miércoles,6,1,0,2,0.9903,0.0096,0.0,Bajo,0,0.5
Milpa Alta,Mañana (06-11),Miércoles,6,0,0,2,0.9544,0.0451,0.0006,Bajo,0,2.3
Milpa Alta,Mañana (06-11),Miércoles,6,1,0,2,0.9729,0.0266,0.0005,Bajo,0,1.4
Milpa Alta,Noche (18-23),Miércoles,6,0,0,2,0.9218,0.0777,0.0005,Bajo,0,3.9
Milpa Alta,Noche (18-23),Miércoles,6,1,0,2,0.9151,0.0844,0.0005,Bajo,0,4.3
Milpa Alta,Tarde (12-17),Miércoles,6,0,0,2,0.9535,0.0461,0.0004,Bajo,0,2.3
Milpa Alta,Tarde (12-17),Miércoles,6,1,0,2,0.9547,0.0449,0.0004,Bajo,0,2.3
Milpa Alta,Madrugada (00-05),Sábado,6,0,1,2,0.9344,0.0652,0.0004,Bajo,0,3.3
Milpa Alta,Madrugada (00-05),Sábado,6,1,1,2,0.9591,0.0405,0.0004,Bajo,0,2.1
Milpa Alta,Mañana (06-11),Sábado,6,0,1,2,0.9528,0.0469,0.0003,Bajo,0,2.4
Milpa Alta,Mañana (06-11),Sábado,6,1,1,2,0.9686,0.0311,0.0003,Bajo,0,1.6
Milpa Alta,Noche (18-23),Sábado,6,0,1,2,0.7926,0.2068,0.0006,Bajo,0,10.4
Milpa Alta,Noche (18-23),Sábado,6,1,1,2,0.8782,0.1212,0.0006,Bajo,0,6.1
Milpa Alta,Tarde (12-17),Sábado,6,0,1,2,0.8952,0.1042,0.0006,Bajo,0,5.3
Milpa Alta,Tarde (12-17),Sábado,6,1,1,2,0.9363,0.0632,0.0006,Bajo,0,3.2
Milpa Alta,Madrugada (00-05),Viernes,6,0,0,2,0.9724,0.0275,1e-04,Bajo,0,1.4
Milpa Alta,Madrugada (00-05),Viernes,6,1,0,2,0.9862,0.0138,1e-04,Bajo,0,0.7
Milpa Alta,Mañana (06-11),Viernes,6,0,0,2,0.9495,0.0501,0.0004,Bajo,0,2.5
Milpa Alta,Mañana (06-11),Viernes,6,1,0,2,0.9757,0.024,0.0003,Bajo,0,1.2
Milpa Alta,Noche (18-23),Viernes,6,0,0,2,0.858,0.1409,0.0011,Bajo,0,7.2
Milpa Alta,Noche (18-23),Viernes,6,1,0,2,0.9188,0.0803,0.0009,Bajo,0,4.1
Milpa Alta,Tarde (12-17),Viernes,6,0,0,2,0.9263,0.0731,0.0005,Bajo,0,3.7
Milpa Alta,Tarde (12-17),Viernes,6,1,0,2,0.9564,0.0431,0.0005,Bajo,0,2.2
Milpa Alta,Madrugada (00-05),Domingo,7,0,1,3,0.8872,0.1121,0.0007,Bajo,0,5.7
Milpa Alta,Madrugada (00-05),Domingo,7,1,1,3,0.9023,0.097,0.0007,Bajo,0,4.9
Milpa Alta,Mañana (06-11),Domingo,7,0,1,3,0.9411,0.0587,0.0002,Bajo,0,3.0
Milpa Alta,Mañana (06-11),Domingo,7,1,1,3,0.9433,0.0565,0.0002,Bajo,0,2.8
Milpa Alta,Noche (18-23),Domingo,7,0,1,3,0.6188,0.3805,0.0007,Bajo,0,19.1
Milpa Alta,Noche (18-23),Domingo,7,1,1,3,0.6356,0.3637,0.0007,Bajo,0,18.3
Milpa Alta,Tarde (12-17),Domingo,7,0,1,3,0.8921,0.1075,0.0004,Bajo,0,5.4
Milpa Alta,Tarde (12-17),Domingo,7,1,1,3,0.9222,0.0774,0.0004,Bajo,0,3.9
Milpa Alta,Madrugada (00-05),Jueves,7,0,0,3,0.9885,0.0114,0.0,Bajo,0,0.6
Milpa Alta,Madrugada (00-05),Jueves,7,1,0,3,0.9901,0.0099,0.0,Bajo,0,0.5
Milpa Alta,Mañana (06-11),Jueves,7,0,0,3,0.9817,0.018,0.0003,Bajo,0,0.9
Milpa Alta,Mañana (06-11),Jueves,7,1,0,3,0.9851,0.0146,0.0003,Bajo,0,0.8
Milpa Alta,Noche (18-23),Jueves,7,0,0,3,0.8897,0.1098,0.0005,Bajo,0,5.5
Milpa Alta,Noche (18-23),Jueves,7,1,0,3,0.8214,0.1781,0.0005,Bajo,0,9.0
Milpa Alta,Tarde (12-17),Jueves,7,0,0,3,0.8915,0.108,0.0005,Bajo,0,5.4
Milpa Alta,Tarde (12-17),Jueves,7,1,0,3,0.94,0.0596,0.0004,Bajo,0,3.0
Milpa Alta,Madrugada (00-05),Lunes,7,0,0,3,0.9713,0.0286,1e-04,Bajo,0,1.4
Milpa Alta,Madrugada (00-05),Lunes,7,1,0,3,0.9661,0.0339,1e-04,Bajo,0,1.7
Milpa Alta,Mañana (06-11),Lunes,7,0,0,3,0.9481,0.0516,0.0004,Bajo,0,2.6
Milpa Alta,Mañana (06-11),Lunes,7,1,0,3,0.94,0.0597,0.0004,Bajo,0,3.0
Milpa Alta,Noche (18-23),Lunes,7,0,0,3,0.9341,0.0656,0.0004,Bajo,0,3.3
Milpa Alta,Noche (18-23),Lunes,7,1,0,3,0.9278,0.0718,0.0004,Bajo,0,3.6
Milpa Alta,Tarde (12-17),Lunes,7,0,0,3,0.8956,0.1039,0.0004,Bajo,0,5.2
Milpa Alta,Tarde (12-17),Lunes,7,1,0,3,0.8898,0.1098,0.0004,Bajo,0,5.5
Milpa Alta,Madrugada (00-05),Martes,7,0,0,3,0.9856,0.0144,0.0,Bajo,0,0.7
Milpa Alta,Madrugada (00-05),Martes,7,1,0,3,0.9879,0.0121,0.0,Bajo,0,0.6
Milpa Alta,Mañana (06-11),Martes,7,0,0,3,0.9474,0.0522,0.0004,Bajo,0,2.7
Milpa Alta,Mañana (06-11),Martes,7,1,0,3,0.9566,0.0429,0.0004,Bajo,0,2.2
Milpa Alta,Noche (18-23),Martes,7,0,0,3,0.871,0.1286,0.0004,Bajo,0,6.5
Milpa Alta,Noche (18-23),Martes,7,1,0,3,0.8345,0.1651,0.0004,Bajo,0,8.3
Milpa Alta,Tarde (12-17),Martes,7,0,0,3,0.9303,0.0693,0.0004,Bajo,0,3.5
Milpa Alta,Tarde (12-17),Martes,7,1,0,3,0.9294,0.0702,0.0004,Bajo,0,3.5
Milpa Alta,Madrugada (00-05),Miércoles,7,0,0,3,0.9904,0.0096,0.0,Bajo,0,0.5
Milpa Alta,Madrugada (00-05),Miércoles,7,1,0,3,0.9889,0.0111,0.0,Bajo,0,0.6
Milpa Alta,Mañana (06-11),Miércoles,7,0,0,3,0.9786,0.0212,0.0003,Bajo,0,1.1
Milpa Alta,Mañana (06-11),Miércoles,7,1,0,3,0.9749,0.0248,0.0003,Bajo,0,1.3
Milpa Alta,Noche (18-23),Miércoles,7,0,0,3,0.9199,0.0796,0.0005,Bajo,0,4.0
Milpa Alta,Noche (18-23),Miércoles,7,1,0,3,0.8701,0.1294,0.0005,Bajo,0,6.5
Milpa Alta,Tarde (12-17),Miércoles,7,0,0,3,0.9533,0.0464,0.0004,Bajo,0,2.4
Milpa Alta,Tarde (12-17),Miércoles,7,1,0,3,0.9418,0.0579,0.0004,Bajo,0,2.9
Milpa Alta,Madrugada (00-05),Sábado,7,0,1,3,0.9183,0.0813,0.0005,Bajo,0,4.1
Milpa Alta,Madrugada (00-05),Sábado,7,1,1,3,0.9383,0.0612,0.0005,Bajo,0,3.1
Milpa Alta,Mañana (06-11),Sábado,7,0,1,3,0.9486,0.051,0.0003,Bajo,0,2.6
Milpa Alta,Mañana (06-11),Sábado,7,1,1,3,0.9584,0.0413,0.0003,Bajo,0,2.1
Milpa Alta,Noche (18-23),Sábado,7,0,1,3,0.699,0.3003,0.0007,Bajo,0,15.1
Milpa Alta,Noche (18-23),Sábado,7,1,1,3,0.7218,0.2775,0.0007,Bajo,0,13.9
Milpa Alta,Tarde (12-17),Sábado,7,0,1,3,0.8736,0.1257,0.0007,Bajo,0,6.4
Milpa Alta,Tarde (12-17),Sábado,7,1,1,3,0.9159,0.0835,0.0006,Bajo,0,4.2
Milpa Alta,Madrugada (00-05),Viernes,7,0,0,3,0.9647,0.0353,1e-04,Bajo,0,1.8
Milpa Alta,Madrugada (00-05),Viernes,7,1,0,3,0.9703,0.0296,1e-04,Bajo,0,1.5
Milpa Alta,Mañana (06-11),Viernes,7,0,0,3,0.9251,0.0745,0.0004,Bajo,0,3.8
Milpa Alta,Mañana (06-11),Viernes,7,1,0,3,0.9448,0.0548,0.0003,Bajo,0,2.8
Milpa Alta,Noche (18-23),Viernes,7,0,0,3,0.8672,0.1319,0.0009,Bajo,0,6.7
Milpa Alta,Noche (18-23),Viernes,7,1,0,3,0.8728,0.1264,0.0007,Bajo,0,6.4
Milpa Alta,Tarde (12-17),Viernes,7,0,0,3,0.8775,0.122,0.0006,Bajo,0,6.2
Milpa Alta,Tarde (12-17),Viernes,7,1,0,3,0.8862,0.1132,0.0006,Bajo,0,5.7
Milpa Alta,Madrugada (00-05),Domingo,8,0,1,3,0.9366,0.0627,0.0007,Bajo,0,3.2
Milpa Alta,Madrugada (00-05),Domingo,8,1,1,3,0.9386,0.0607,0.0007,Bajo,0,3.1
Milpa Alta,Mañana (06-11),Domingo,8,0,1,3,0.9613,0.0385,0.0002,Bajo,0,1.9
Milpa Alta,Mañana (06-11),Domingo,8,1,1,3,0.9577,0.042,0.0002,Bajo,0,2.1
Milpa Alta,Noche (18-23),Domingo,8,0,1,3,0.9284,0.071,0.0005,Bajo,0,3.6
Milpa Alta,Noche (18-23),Domingo,8,1,1,3,0.9199,0.0795,0.0006,Bajo,0,4.0
Milpa Alta,Tarde (12-17),Domingo,8,0,1,3,0.9428,0.0568,0.0003,Bajo,0,2.9
Milpa Alta,Tarde (12-17),Domingo,8,1,1,3,0.9511,0.0486,0.0004,Bajo,0,2.5
Milpa Alta,Madrugada (00-05),Jueves,8,0,0,3,0.9904,0.0096,0.0,Bajo,0,0.5
Milpa Alta,Madrugada (00-05),Jueves,8,1,0,3,0.994,0.0059,0.0,Bajo,0,0.3
Milpa Alta,Mañana (06-11),Jueves,8,0,0,3,0.9831,0.0165,0.0004,Bajo,0,0.9
Milpa Alta,Mañana (06-11),Jueves,8,1,0,3,0.9888,0.0109,0.0003,Bajo,0,0.6
Milpa Alta,Noche (18-23),Jueves,8,0,0,3,0.9164,0.0831,0.0005,Bajo,0,4.2
Milpa Alta,Noche (18-23),Jueves,8,1,0,3,0.912,0.0874,0.0006,Bajo,0,4.4
Milpa Alta,Tarde (12-17),Jueves,8,0,0,3,0.909,0.0904,0.0006,Bajo,0,4.6
Milpa Alta,Tarde (12-17),Jueves,8,1,0,3,0.9617,0.0378,0.0005,Bajo,0,1.9
Milpa Alta,Madrugada (00-05),Lunes,8,0,0,3,0.9782,0.0218,1e-04,Bajo,0,1.1
Milpa Alta,Madrugada (00-05),Lunes,8,1,0,3,0.9752,0.0248,1e-04,Bajo,0,1.2
Milpa Alta,Mañana (06-11),Lunes,8,0,0,3,0.9595,0.0401,0.0004,Bajo,0,2.0
Milpa Alta,Mañana (06-11),Lunes,8,1,0,3,0.9553,0.0443,0.0004,Bajo,0,2.3
Milpa Alta,Noche (18-23),Lunes,8,0,0,3,0.9593,0.0403,0.0004,Bajo,0,2.1
Milpa Alta,Noche (18-23),Lunes,8,1,0,3,0.9619,0.0377,0.0004,Bajo,0,1.9
Milpa Alta,Tarde (12-17),Lunes,8,0,0,3,0.8758,0.1237,0.0005,Bajo,0,6.2
Milpa Alta,Tarde (12-17),Lunes,8,1,0,3,0.8765,0.123,0.0005,Bajo,0,6.2
Milpa Alta,Madrugada (00-05),Martes,8,0,0,3,0.9893,0.0106,0.0,Bajo,0,0.5
Milpa Alta,Madrugada (00-05),Martes,8,1,0,3,0.9918,0.0081,0.0,Bajo,0,0.4
Milpa Alta,Mañana (06-11),Martes,8,0,0,3,0.962,0.0376,0.0004,Bajo,0,1.9
Milpa Alta,Mañana (06-11),Martes,8,1,0,3,0.9715,0.028,0.0005,Bajo,0,1.4
Milpa Alta,Noche (18-23),Martes,8,0,0,3,0.8893,0.1103,0.0004,Bajo,0,5.6
Milpa Alta,Noche (18-23),Martes,8,1,0,3,0.882,0.1175,0.0005,Bajo,0,5.9
Milpa Alta,Tarde (12-17),Martes,8,0,0,3,0.9484,0.0511,0.0004,Bajo,0,2.6
Milpa Alta,Tarde (12-17),Martes,8,1,0,3,0.9519,0.0476,0.0005,Bajo,0,2.4
Milpa Alta,Madrugada (00-05),Miércoles,8,0,0,3,0.9942,0.0058,0.0,Bajo,0,0.3
Milpa Alta,Madrugada (00-05),Miércoles,8,1,0,3,0.9942,0.0058,0.0,Bajo,0,0.3
Milpa Alta,Mañana (06-11),Miércoles,8,0,0,3,0.9833,0.0164,0.0004,Bajo,0,0.9
Milpa Alta,Mañana (06-11),Miércoles,8,1,0,3,0.9857,0.0139,0.0004,Bajo,0,0.7
Milpa Alta,Noche (18-23),Miércoles,8,0,0,3,0.9611,0.0385,0.0004,Bajo,0,2.0
Milpa Alta,Noche (18-23),Miércoles,8,1,0,3,0.9496,0.05,0.0004,Bajo,0,2.5
Milpa Alta,Tarde (12-17),Miércoles,8,0,0,3,0.9688,0.0308,0.0004,Bajo,0,1.6
Milpa Alta,Tarde (12-17),Miércoles,8,1,0,3,0.9657,0.0339,0.0004,Bajo,0,1.7
Milpa Alta,Madrugada (00-05),Sábado,8,0,1,3,0.9611,0.0384,0.0005,Bajo,0,2.0
Milpa Alta,Madrugada (00-05),Sábado,8,1,1,3,0.9601,0.0394,0.0005,Bajo,0,2.0
Milpa Alta,Mañana (06-11),Sábado,8,0,1,3,0.971,0.0287,0.0003,Bajo,0,1.5
Milpa Alta,Mañana (06-11),Sábado,8,1,1,3,0.9679,0.0318,0.0003,Bajo,0,1.6
Milpa Alta,Noche (18-23),Sábado,8,0,1,3,0.9507,0.0488,0.0005,Bajo,0,2.5
Milpa Alta,Noche (18-23),Sábado,8,1,1,3,0.9352,0.0642,0.0006,Bajo,0,3.3
Milpa Alta,Tarde (12-17),Sábado,8,0,1,3,0.9458,0.0536,0.0006,Bajo,0,2.7
Milpa Alta,Tarde (12-17),Sábado,8,1,1,3,0.949,0.0504,0.0006,Bajo,0,2.6
Milpa Alta,Madrugada (00-05),Viernes,8,0,0,3,0.9829,0.017,1e-04,Bajo,0,0.9
Milpa Alta,Madrugada (00-05),Viernes,8,1,0,3,0.988,0.0119,1e-04,Bajo,0,0.6
Milpa Alta,Mañana (06-11),Viernes,8,0,0,3,0.9582,0.0414,0.0004,Bajo,0,2.1
Milpa Alta,Mañana (06-11),Viernes,8,1,0,3,0.9739,0.0258,0.0003,Bajo,0,1.3
Milpa Alta,Noche (18-23),Viernes,8,0,0,3,0.9114,0.0876,0.001,Bajo,0,4.5
Milpa Alta,Noche (18-23),Viernes,8,1,0,3,0.9375,0.0617,0.0008,Bajo,0,3.2
Milpa Alta,Tarde (12-17),Viernes,8,0,0,3,0.9473,0.0522,0.0005,Bajo,0,2.7
Milpa Alta,Tarde (12-17),Viernes,8,1,0,3,0.9629,0.0366,0.0005,Bajo,0,1.9
Milpa Alta,Madrugada (00-05),Domingo,9,0,1,3,0.9403,0.059,0.0007,Bajo,0,3.0
Milpa Alta,Madrugada (00-05),Domingo,9,1,1,3,0.9422,0.0572,0.0006,Bajo,0,2.9
Milpa Alta,Mañana (06-11),Domingo,9,0,1,3,0.9654,0.0344,0.0002,Bajo,0,1.7
Milpa Alta,Mañana (06-11),Domingo,9,1,1,3,0.9632,0.0367,0.0002,Bajo,0,1.9
Milpa Alta,Noche (18-23),Domingo,9,0,1,3,0.8677,0.1316,0.0006,Bajo,0,6.6
Milpa Alta,Noche (18-23),Domingo,9,1,1,3,0.8503,0.1491,0.0006,Bajo,0,7.5
Milpa Alta,Tarde (12-17),Domingo,9,0,1,3,0.9578,0.0419,0.0003,Bajo,0,2.1
Milpa Alta,Tarde (12-17),Domingo,9,1,1,3,0.9625,0.0372,0.0003,Bajo,0,1.9
Milpa Alta,Madrugada (00-05),Jueves,9,0,0,3,0.9879,0.012,0.0,Bajo,0,0.6
Milpa Alta,Madrugada (00-05),Jueves,9,1,0,3,0.9928,0.0072,0.0,Bajo,0,0.4
Milpa Alta,Mañana (06-11),Jueves,9,0,0,3,0.9693,0.03,0.0007,Bajo,0,1.6
Milpa Alta,Mañana (06-11),Jueves,9,1,0,3,0.9836,0.0159,0.0004,Bajo,0,0.8
Milpa Alta,Noche (18-23),Jueves,9,0,0,3,0.8986,0.1008,0.0006,Bajo,0,5.1
Milpa Alta,Noche (18-23),Jueves,9,1,0,3,0.898,0.1015,0.0006,Bajo,0,5.1
Milpa Alta,Tarde (12-17),Jueves,9,0,0,3,0.8994,0.1,0.0006,Bajo,0,5.1
Milpa Alta,Tarde (12-17),Jueves,9,1,0,3,0.9572,0.0422,0.0005,Bajo,0,2.2
Milpa Alta,Madrugada (00-05),Lunes,9,0,0,3,0.9568,0.0431,1e-04,Bajo,0,2.2
Milpa Alta,Madrugada (00-05),Lunes,9,1,0,3,0.9491,0.0509,1e-04,Bajo,0,2.6
Milpa Alta,Mañana (06-11),Lunes,9,0,0,3,0.8831,0.1159,0.001,Bajo,0,5.9
Milpa Alta,Mañana (06-11),Lunes,9,1,0,3,0.8894,0.1099,0.0007,Bajo,0,5.6
Milpa Alta,Noche (18-23),Lunes,9,0,0,3,0.9356,0.064,0.0004,Bajo,0,3.2
Milpa Alta,Noche (18-23),Lunes,9,1,0,3,0.9409,0.0587,0.0004,Bajo,0,3.0
Milpa Alta,Tarde (12-17),Lunes,9,0,0,3,0.7598,0.2395,0.0008,Bajo,0,12.1
Milpa Alta,Tarde (12-17),Lunes,9,1,0,3,0.7478,0.2515,0.0007,Bajo,0,12.6
Milpa Alta,Madrugada (00-05),Martes,9,0,0,3,0.9826,0.0174,0.0,Bajo,0,0.9
Milpa Alta,Madrugada (00-05),Martes,9,1,0,3,0.9879,0.0121,0.0,Bajo,0,0.6
Milpa Alta,Mañana (06-11),Martes,9,0,0,3,0.9088,0.0902,0.001,Bajo,0,4.6
Milpa Alta,Mañana (06-11),Martes,9,1,0,3,0.9481,0.0512,0.0007,Bajo,0,2.6
Milpa Alta,Noche (18-23),Martes,9,0,0,3,0.8467,0.1528,0.0005,Bajo,0,7.7
Milpa Alta,Noche (18-23),Martes,9,1,0,3,0.853,0.1465,0.0005,Bajo,0,7.4
Milpa Alta,Tarde (12-17),Martes,9,0,0,3,0.9191,0.0804,0.0006,Bajo,0,4.1
Milpa Alta,Tarde (12-17),Martes,9,1,0,3,0.9327,0.0668,0.0006,Bajo,0,3.4
Milpa Alta,Madrugada (00-05),Miércoles,9,0,0,3,0.9921,0.0079,0.0,Bajo,0,0.4
Milpa Alta,Madrugada (00-05),Miércoles,9,1,0,3,0.9923,0.0076,0.0,Bajo,0,0.4
Milpa Alta,Mañana (06-11),Miércoles,9,0,0,3,0.9664,0.0329,0.0007,Bajo,0,1.7
Milpa Alta,Mañana (06-11),Miércoles,9,1,0,3,0.9764,0.0231,0.0005,Bajo,0,1.2
Milpa Alta,Noche (18-23),Miércoles,9,0,0,3,0.9426,0.0569,0.0005,Bajo,0,2.9
Milpa Alta,Noche (18-23),Miércoles,9,1,0,3,0.9287,0.0709,0.0005,Bajo,0,3.6
Milpa Alta,Tarde (12-17),Miércoles,9,0,0,3,0.9583,0.0411,0.0005,Bajo,0,2.1
Milpa Alta,Tarde (12-17),Miércoles,9,1,0,3,0.9548,0.0446,0.0005,Bajo,0,2.3
Milpa Alta,Madrugada (00-05),Sábado,9,0,1,3,0.9481,0.0514,0.0005,Bajo,0,2.6
Milpa Alta,Madrugada (00-05),Sábado,9,1,1,3,0.9416,0.0579,0.0005,Bajo,0,2.9
Milpa Alta,Mañana (06-11),Sábado,9,0,1,3,0.9566,0.0431,0.0003,Bajo,0,2.2
Milpa Alta,Mañana (06-11),Sábado,9,1,1,3,0.9486,0.0511,0.0003,Bajo,0,2.6
Milpa Alta,Noche (18-23),Sábado,9,0,1,3,0.8858,0.1136,0.0006,Bajo,0,5.7
Milpa Alta,Noche (18-23),Sábado,9,1,1,3,0.8329,0.1665,0.0006,Bajo,0,8.4
Milpa Alta,Tarde (12-17),Sábado,9,0,1,3,0.9388,0.0606,0.0005,Bajo,0,3.1
Milpa Alta,Tarde (12-17),Sábado,9,1,1,3,0.9358,0.0637,0.0005,Bajo,0,3.2
Milpa Alta,Madrugada (00-05),Viernes,9,0,0,3,0.9746,0.0254,1e-04,Bajo,0,1.3
Milpa Alta,Madrugada (00-05),Viernes,9,1,0,3,0.9817,0.0182,1e-04,Bajo,0,0.9
Milpa Alta,Mañana (06-11),Viernes,9,0,0,3,0.9123,0.087,0.0007,Bajo,0,4.4
Milpa Alta,Mañana (06-11),Viernes,9,1,0,3,0.9513,0.0482,0.0004,Bajo,0,2.5
Milpa Alta,Noche (18-23),Viernes,9,0,0,3,0.8536,0.1454,0.0011,Bajo,0,7.4
Milpa Alta,Noche (18-23),Viernes,9,1,0,3,0.8899,0.1092,0.0008,Bajo,0,5.5
Milpa Alta,Tarde (12-17),Viernes,9,0,0,3,0.9318,0.0675,0.0007,Bajo,0,3.4
Milpa Alta,Tarde (12-17),Viernes,9,1,0,3,0.9505,0.0489,0.0006,Bajo,0,2.5
Milpa Alta,Madrugada (00-05),Domingo,10,0,1,4,0.9162,0.083,0.0008,Bajo,0,4.2
Milpa Alta,Madrugada (00-05),Domingo,10,1,1,4,0.9087,0.0904,0.0009,Bajo,0,4.6
Milpa Alta,Mañana (06-11),Domingo,10,0,1,4,0.9623,0.0374,0.0002,Bajo,0,1.9
Milpa Alta,Mañana (06-11),Domingo,10,1,1,4,0.9573,0.0425,0.0002,Bajo,0,2.1
Milpa Alta,Noche (18-23),Domingo,10,0,1,4,0.7984,0.2008,0.0008,Bajo,0,10.1
Milpa Alta,Noche (18-23),Domingo,10,1,1,4,0.6852,0.3139,0.0009,Bajo,0,15.8
Milpa Alta,Tarde (12-17),Domingo,10,0,1,4,0.9159,0.0836,0.0004,Bajo,0,4.2
Milpa Alta,Tarde (12-17),Domingo,10,1,1,4,0.9185,0.0811,0.0005,Bajo,0,4.1
Milpa Alta,Madrugada (00-05),Jueves,10,0,0,4,0.9792,0.0208,1e-04,Bajo,0,1.0
Milpa Alta,Madrugada (00-05),Jueves,10,1,0,4,0.9904,0.0096,1e-04,Bajo,0,0.5
Milpa Alta,Mañana (06-11),Jueves,10,0,0,4,0.9604,0.0388,0.0008,Bajo,0,2.0
Milpa Alta,Mañana (06-11),Jueves,10,1,0,4,0.9825,0.017,0.0005,Bajo,0,0.9
Milpa Alta,Noche (18-23),Jueves,10,0,0,4,0.8128,0.1865,0.0007,Bajo,0,9.4
Milpa Alta,Noche (18-23),Jueves,10,1,0,4,0.863,0.1363,0.0006,Bajo,0,6.9
Milpa Alta,Tarde (12-17),Jueves,10,0,0,4,0.7682,0.2309,0.0009,Bajo,0,11.6
Milpa Alta,Tarde (12-17),Jueves,10,1,0,4,0.9319,0.0673,0.0008,Bajo,0,3.4
Milpa Alta,Madrugada (00-05),Lunes,10,0,0,4,0.9331,0.0668,1e-04,Bajo,0,3.3
Milpa Alta,Madrugada (00-05),Lunes,10,1,0,4,0.9208,0.0791,1e-04,Bajo,0,4.0
Milpa Alta,Mañana (06-11),Lunes,10,0,0,4,0.8915,0.1076,0.0009,Bajo,0,5.5
Milpa Alta,Mañana (06-11),Lunes,10,1,0,4,0.8979,0.1014,0.0007,Bajo,0,5.1
Milpa Alta,Noche (18-23),Lunes,10,0,0,4,0.8664,0.133,0.0006,Bajo,0,6.7
Milpa Alta,Noche (18-23),Lunes,10,1,0,4,0.8929,0.1066,0.0006,Bajo,0,5.4
Milpa Alta,Tarde (12-17),Lunes,10,0,0,4,0.5461,0.453,0.0009,Bajo,0,22.7
Milpa Alta,Tarde (12-17),Lunes,10,1,0,4,0.5423,0.4568,0.0009,Bajo,0,22.9
Milpa Alta,Madrugada (00-05),Martes,10,0,0,4,0.979,0.021,0.0,Bajo,0,1.1
Milpa Alta,Madrugada (00-05),Martes,10,1,0,4,0.9859,0.0141,0.0,Bajo,0,0.7
Milpa Alta,Mañana (06-11),Martes,10,0,0,4,0.905,0.0939,0.0011,Bajo,0,4.8
Milpa Alta,Mañana (06-11),Martes,10,1,0,4,0.9495,0.0496,0.0009,Bajo,0,2.6
Milpa Alta,Noche (18-23),Martes,10,0,0,4,0.7776,0.2218,0.0006,Bajo,0,11.2
Milpa Alta,Noche (18-23),Martes,10,1,0,4,0.8106,0.1887,0.0007,Bajo,0,9.5
Milpa Alta,Tarde (12-17),Martes,10,0,0,4,0.8688,0.1303,0.0008,Bajo,0,6.6
Milpa Alta,Tarde (12-17),Martes,10,1,0,4,0.911,0.0881,0.0008,Bajo,0,4.5
Milpa Alta,Madrugada (00-05),Miércoles,10,0,0,4,0.9865,0.0135,0.0,Bajo,0,0.7
Milpa Alta,Madrugada (00-05),Miércoles,10,1,0,4,0.9885,0.0114,0.0,Bajo,0,0.6
Milpa Alta,Mañana (06-11),Miércoles,10,0,0,4,0.9642,0.0352,0.0006,Bajo,0,1.8
Milpa Alta,Mañana (06-11),Miércoles,10,1,0,4,0.9766,0.0229,0.0006,Bajo,0,1.2
Milpa Alta,Noche (18-23),Miércoles,10,0,0,4,0.8741,0.1252,0.0007,Bajo,0,6.3
Milpa Alta,Noche (18-23),Miércoles,10,1,0,4,0.8721,0.1272,0.0007,Bajo,0,6.4
Milpa Alta,Tarde (12-17),Miércoles,10,0,0,4,0.9154,0.0838,0.0008,Bajo,0,4.3
Milpa Alta,Tarde (12-17),Miércoles,10,1,0,4,0.9259,0.0732,0.0008,Bajo,0,3.7
Milpa Alta,Madrugada (00-05),Sábado,10,0,1,4,0.9201,0.0793,0.0006,Bajo,0,4.0
Milpa Alta,Madrugada (00-05),Sábado,10,1,1,4,0.8622,0.1372,0.0006,Bajo,0,6.9
Milpa Alta,Mañana (06-11),Sábado,10,0,1,4,0.9467,0.0529,0.0004,Bajo,0,2.7
Milpa Alta,Mañana (06-11),Sábado,10,1,1,4,0.9069,0.0928,0.0003,Bajo,0,4.7
Milpa Alta,Noche (18-23),Sábado,10,0,1,4,0.8361,0.1631,0.0008,Bajo,0,8.2
Milpa Alta,Noche (18-23),Sábado,10,1,1,4,0.6131,0.3862,0.0008,Bajo,0,19.4
Milpa Alta,Tarde (12-17),Sábado,10,0,1,4,0.8315,0.1675,0.0009,Bajo,0,8.5
Milpa Alta,Tarde (12-17),Sábado,10,1,1,4,0.7496,0.2496,0.0009,Bajo,0,12.6
Milpa Alta,Madrugada (00-05),Viernes,10,0,0,4,0.965,0.0349,1e-04,Bajo,0,1.8
Milpa Alta,Madrugada (00-05),Viernes,10,1,0,4,0.9757,0.0242,1e-04,Bajo,0,1.2
Milpa Alta,Mañana (06-11),Viernes,10,0,0,4,0.9283,0.071,0.0007,Bajo,0,3.6
Milpa Alta,Mañana (06-11),Viernes,10,1,0,4,0.9619,0.0376,0.0005,Bajo,0,1.9
Milpa Alta,Noche (18-23),Viernes,10,0,0,4,0.5607,0.4377,0.0017,Bajo,0,22.0
Milpa Alta,Noche (18-23),Viernes,10,1,0,4,0.6904,0.3081,0.0015,Bajo,0,15.6
Milpa Alta,Tarde (12-17),Viernes,10,0,0,4,0.8714,0.1276,0.0011,Bajo,0,6.5
Milpa Alta,Tarde (12-17),Viernes,10,1,0,4,0.9196,0.0794,0.001,Bajo,0,4.1
Milpa Alta,Madrugada (00-05),Domingo,11,0,1,4,0.9142,0.0853,0.0005,Bajo,0,4.3
Milpa Alta,Madrugada (00-05),Domingo,11,1,1,4,0.915,0.0844,0.0006,Bajo,0,4.3
Milpa Alta,Mañana (06-11),Domingo,11,0,1,4,0.8928,0.1069,0.0003,Bajo,0,5.4
Milpa Alta,Mañana (06-11),Domingo,11,1,1,4,0.9195,0.0803,0.0003,Bajo,0,4.0
Milpa Alta,Noche (18-23),Domingo,11,0,1,4,0.8252,0.1742,0.0005,Bajo,0,8.8
Milpa Alta,Noche (18-23),Domingo,11,1,1,4,0.7132,0.2862,0.0007,Bajo,0,14.4
Milpa Alta,Tarde (12-17),Domingo,11,0,1,4,0.9374,0.0623,0.0003,Bajo,0,3.1
Milpa Alta,Tarde (12-17),Domingo,11,1,1,4,0.9487,0.0509,0.0003,Bajo,0,2.6
Milpa Alta,Madrugada (00-05),Jueves,11,0,0,4,0.985,0.0149,0.0,Bajo,0,0.8
Milpa Alta,Madrugada (00-05),Jueves,11,1,0,4,0.9934,0.0065,0.0,Bajo,0,0.3
Milpa Alta,Mañana (06-11),Jueves,11,0,0,4,0.9592,0.0401,0.0007,Bajo,0,2.1
Milpa Alta,Mañana (06-11),Jueves,11,1,0,4,0.9843,0.0152,0.0005,Bajo,0,0.8
Milpa Alta,Noche (18-23),Jueves,11,0,0,4,0.9025,0.097,0.0005,Bajo,0,4.9
Milpa Alta,Noche (18-23),Jueves,11,1,0,4,0.9241,0.0754,0.0005,Bajo,0,3.8
Milpa Alta,Tarde (12-17),Jueves,11,0,0,4,0.8165,0.1828,0.0007,Bajo,0,9.2
Milpa Alta,Tarde (12-17),Jueves,11,1,0,4,0.9533,0.0461,0.0006,Bajo,0,2.4
Milpa Alta,Madrugada (00-05),Lunes,11,0,0,4,0.9642,0.0358,1e-04,Bajo,0,1.8
Milpa Alta,Madrugada (00-05),Lunes,11,1,0,4,0.9635,0.0364,1e-04,Bajo,0,1.8
Milpa Alta,Mañana (06-11),Lunes,11,0,0,4,0.9001,0.0992,0.0008,Bajo,0,5.0
Milpa Alta,Mañana (06-11),Lunes,11,1,0,4,0.9203,0.0791,0.0006,Bajo,0,4.0
Milpa Alta,Noche (18-23),Lunes,11,0,0,4,0.8925,0.1071,0.0004,Bajo,0,5.4
Milpa Alta,Noche (18-23),Lunes,11,1,0,4,0.9111,0.0885,0.0004,Bajo,0,4.5
Milpa Alta,Tarde (12-17),Lunes,11,0,0,4,0.6984,0.301,0.0006,Bajo,0,15.1
Milpa Alta,Tarde (12-17),Lunes,11,1,0,4,0.7329,0.2665,0.0006,Bajo,0,13.4
Milpa Alta,Madrugada (00-05),Martes,11,0,0,4,0.9853,0.0146,0.0,Bajo,0,0.7
Milpa Alta,Madrugada (00-05),Martes,11,1,0,4,0.9919,0.0081,0.0,Bajo,0,0.4
Milpa Alta,Mañana (06-11),Martes,11,0,0,4,0.9026,0.0963,0.0011,Bajo,0,4.9
Milpa Alta,Mañana (06-11),Martes,11,1,0,4,0.9585,0.0407,0.0008,Bajo,0,2.1
Milpa Alta,Noche (18-23),Martes,11,0,0,4,0.8993,0.1003,0.0004,Bajo,0,5.1
Milpa Alta,Noche (18-23),Martes,11,1,0,4,0.921,0.0785,0.0005,Bajo,0,4.0
Milpa Alta,Tarde (12-17),Martes,11,0,0,4,0.9161,0.0832,0.0007,Bajo,0,4.2
Milpa Alta,Tarde (12-17),Martes,11,1,0,4,0.9524,0.0469,0.0007,Bajo,0,2.4
Milpa Alta,Madrugada (00-05),Miércoles,11,0,0,4,0.9764,0.0236,0.0,Bajo,0,1.2
Milpa Alta,Madrugada (00-05),Miércoles,11,1,0,4,0.9867,0.0132,0.0,Bajo,0,0.7
Milpa Alta,Mañana (06-11),Miércoles,11,0,0,4,0.9239,0.0756,0.0005,Bajo,0,3.8
Milpa Alta,Mañana (06-11),Miércoles,11,1,0,4,0.9654,0.0341,0.0006,Bajo,0,1.8
Milpa Alta,Noche (18-23),Miércoles,11,0,0,4,0.8675,0.132,0.0004,Bajo,0,6.6
Milpa Alta,Noche (18-23),Miércoles,11,1,0,4,0.8796,0.1199,0.0005,Bajo,0,6.0
Milpa Alta,Tarde (12-17),Miércoles,11,0,0,4,0.8609,0.1385,0.0005,Bajo,0,7.0
Milpa Alta,Tarde (12-17),Miércoles,11,1,0,4,0.9231,0.0763,0.0006,Bajo,0,3.9
Milpa Alta,Madrugada (00-05),Sábado,11,0,1,4,0.9002,0.0994,0.0005,Bajo,0,5.0
Milpa Alta,Madrugada (00-05),Sábado,11,1,1,4,0.8446,0.1549,0.0005,Bajo,0,7.8
Milpa Alta,Mañana (06-11),Sábado,11,0,1,4,0.8392,0.1604,0.0004,Bajo,0,8.1
Milpa Alta,Mañana (06-11),Sábado,11,1,1,4,0.8037,0.1959,0.0004,Bajo,0,9.8
Milpa Alta,Noche (18-23),Sábado,11,0,1,4,0.8532,0.1463,0.0005,Bajo,0,7.4
Milpa Alta,Noche (18-23),Sábado,11,1,1,4,0.644,0.3554,0.0006,Bajo,0,17.8
Milpa Alta,Tarde (12-17),Sábado,11,0,1,4,0.8816,0.1178,0.0006,Bajo,0,5.9
Milpa Alta,Tarde (12-17),Sábado,11,1,1,4,0.8473,0.1521,0.0006,Bajo,0,7.7
Milpa Alta,Madrugada (00-05),Viernes,11,0,0,4,0.9816,0.0184,1e-04,Bajo,0,0.9
Milpa Alta,Madrugada (00-05),Viernes,11,1,0,4,0.9879,0.012,1e-04,Bajo,0,0.6
Milpa Alta,Mañana (06-11),Viernes,11,0,0,4,0.9266,0.0726,0.0007,Bajo,0,3.7
Milpa Alta,Mañana (06-11),Viernes,11,1,0,4,0.9657,0.0338,0.0005,Bajo,0,1.7
Milpa Alta,Noche (18-23),Viernes,11,0,0,4,0.8558,0.1432,0.001,Bajo,0,7.3
Milpa Alta,Noche (18-23),Viernes,11,1,0,4,0.9135,0.0857,0.0008,Bajo,0,4.4
Milpa Alta,Tarde (12-17),Viernes,11,0,0,4,0.9304,0.069,0.0007,Bajo,0,3.5
Milpa Alta,Tarde (12-17),Viernes,11,1,0,4,0.9614,0.038,0.0006,Bajo,0,2.0
Milpa Alta,Madrugada (00-05),Domingo,12,0,1,4,0.9402,0.0594,0.0005,Bajo,0,3.0
Milpa Alta,Madrugada (00-05),Domingo,12,1,1,4,0.9544,0.0452,0.0004,Bajo,0,2.3
Milpa Alta,Mañana (06-11),Domingo,12,0,1,4,0.9399,0.0599,0.0002,Bajo,0,3.0
Milpa Alta,Mañana (06-11),Domingo,12,1,1,4,0.9675,0.0324,0.0002,Bajo,0,1.6
Milpa Alta,Noche (18-23),Domingo,12,0,1,4,0.8018,0.1975,0.0007,Bajo,0,9.9
Milpa Alta,Noche (18-23),Domingo,12,1,1,4,0.7698,0.2294,0.0008,Bajo,0,11.6
Milpa Alta,Tarde (12-17),Domingo,12,0,1,4,0.9313,0.0682,0.0005,Bajo,0,3.5
Milpa Alta,Tarde (12-17),Domingo,12,1,1,4,0.958,0.0416,0.0004,Bajo,0,2.1
Milpa Alta,Madrugada (00-05),Jueves,12,0,0,4,0.992,0.0079,0.0,Bajo,0,0.4
Milpa Alta,Madrugada (00-05),Jueves,12,1,0,4,0.9962,0.0037,0.0,Bajo,0,0.2
Milpa Alta,Mañana (06-11),Jueves,12,0,0,4,0.9722,0.027,0.0008,Bajo,0,1.4
Milpa Alta,Mañana (06-11),Jueves,12,1,0,4,0.9908,0.0089,0.0004,Bajo,0,0.5
Milpa Alta,Noche (18-23),Jueves,12,0,0,4,0.9658,0.0338,0.0005,Bajo,0,1.7
Milpa Alta,Noche (18-23),Jueves,12,1,0,4,0.974,0.0255,0.0005,Bajo,0,1.3
Milpa Alta,Tarde (12-17),Jueves,12,0,0,4,0.9191,0.08,0.0009,Bajo,0,4.1
Milpa Alta,Tarde (12-17),Jueves,12,1,0,4,0.9802,0.0192,0.0006,Bajo,0,1.0
Milpa Alta,Madrugada (00-05),Lunes,12,0,0,4,0.9804,0.0195,1e-04,Bajo,0,1.0
Milpa Alta,Madrugada (00-05),Lunes,12,1,0,4,0.9771,0.0228,1e-04,Bajo,0,1.1
Milpa Alta,Mañana (06-11),Lunes,12,0,0,4,0.9283,0.0707,0.0009,Bajo,0,3.6
Milpa Alta,Mañana (06-11),Lunes,12,1,0,4,0.9521,0.0474,0.0005,Bajo,0,2.4
Milpa Alta,Noche (18-23),Lunes,12,0,0,4,0.975,0.0248,0.0003,Bajo,0,1.3
Milpa Alta,Noche (18-23),Lunes,12,1,0,4,0.9623,0.0373,0.0004,Bajo,0,1.9
Milpa Alta,Tarde (12-17),Lunes,12,0,0,4,0.8011,0.1981,0.0009,Bajo,0,10.0
Milpa Alta,Tarde (12-17),Lunes,12,1,0,4,0.8052,0.194,0.0007,Bajo,0,9.8
Milpa Alta,Madrugada (00-05),Martes,12,0,0,4,0.9673,0.0326,1e-04,Bajo,0,1.6
Milpa Alta,Madrugada (00-05),Martes,12,1,0,4,0.9852,0.0147,0.0,Bajo,0,0.7
Milpa Alta,Mañana (06-11),Martes,12,0,0,4,0.7824,0.2164,0.0012,Bajo,0,10.9
Milpa Alta,Mañana (06-11),Martes,12,1,0,4,0.9367,0.0628,0.0005,Bajo,0,3.2
Milpa Alta,Noche (18-23),Martes,12,0,0,4,0.8989,0.1006,0.0005,Bajo,0,5.1
Milpa Alta,Noche (18-23),Martes,12,1,0,4,0.9369,0.0627,0.0005,Bajo,0,3.2
Milpa Alta,Tarde (12-17),Martes,12,0,0,4,0.8651,0.134,0.0009,Bajo,0,6.8
Milpa Alta,Tarde (12-17),Martes,12,1,0,4,0.934,0.0653,0.0007,Bajo,0,3.3
Milpa Alta,Madrugada (00-05),Miércoles,12,0,0,4,0.9901,0.0099,0.0,Bajo,0,0.5
Milpa Alta,Madrugada (00-05),Miércoles,12,1,0,4,0.9942,0.0058,0.0,Bajo,0,0.3
Milpa Alta,Mañana (06-11),Miércoles,12,0,0,4,0.9552,0.044,0.0008,Bajo,0,2.3
Milpa Alta,Mañana (06-11),Miércoles,12,1,0,4,0.985,0.0146,0.0004,Bajo,0,0.8
Milpa Alta,Noche (18-23),Miércoles,12,0,0,4,0.9642,0.0354,0.0004,Bajo,0,1.8
Milpa Alta,Noche (18-23),Miércoles,12,1,0,4,0.9684,0.0312,0.0004,Bajo,0,1.6
Milpa Alta,Tarde (12-17),Miércoles,12,0,0,4,0.9502,0.0492,0.0006,Bajo,0,2.5
Milpa Alta,Tarde (12-17),Miércoles,12,1,0,4,0.9724,0.027,0.0006,Bajo,0,1.4
Milpa Alta,Madrugada (00-05),Sábado,12,0,1,4,0.9427,0.0568,0.0005,Bajo,0,2.9
Milpa Alta,Madrugada (00-05),Sábado,12,1,1,4,0.9528,0.0467,0.0005,Bajo,0,2.4
Milpa Alta,Mañana (06-11),Sábado,12,0,1,4,0.9448,0.0548,0.0004,Bajo,0,2.8
Milpa Alta,Mañana (06-11),Sábado,12,1,1,4,0.9614,0.0383,0.0003,Bajo,0,1.9
Milpa Alta,Noche (18-23),Sábado,12,0,1,4,0.9056,0.0938,0.0006,Bajo,0,4.7
Milpa Alta,Noche (18-23),Sábado,12,1,1,4,0.88,0.1193,0.0007,Bajo,0,6.0
Milpa Alta,Tarde (12-17),Sábado,12,0,1,4,0.8678,0.1311,0.0011,Bajo,0,6.7
Milpa Alta,Tarde (12-17),Sábado,12,1,1,4,0.9115,0.0876,0.0009,Bajo,0,4.5
Milpa Alta,Madrugada (00-05),Viernes,12,0,0,4,0.9864,0.0135,1e-04,Bajo,0,0.7
Milpa Alta,Madrugada (00-05),Viernes,12,1,0,4,0.9916,0.0084,1e-04,Bajo,0,0.4
Milpa Alta,Mañana (06-11),Viernes,12,0,0,4,0.9418,0.0573,0.0009,Bajo,0,3.0
Milpa Alta,Mañana (06-11),Viernes,12,1,0,4,0.9809,0.0187,0.0004,Bajo,0,1.0
Milpa Alta,Noche (18-23),Viernes,12,0,0,4,0.9429,0.0562,0.001,Bajo,0,2.9
Milpa Alta,Noche (18-23),Viernes,12,1,0,4,0.9718,0.0276,0.0006,Bajo,0,1.4
Milpa Alta,Tarde (12-17),Viernes,12,0,0,4,0.9494,0.0497,0.0009,Bajo,0,2.6
Milpa Alta,Tarde (12-17),Viernes,12,1,0,4,0.9739,0.0253,0.0008,Bajo,0,1.3
Tlalpan,Madrugada (00-05),Domingo,1,0,1,1,0.1996,0.5382,0.2622,Medio,1,53.1
Tlalpan,Madrugada (00-05),Domingo,1,1,1,1,0.1578,0.5262,0.316,Medio,1,57.9
Tlalpan,Mañana (06-11),Domingo,1,0,1,1,0.2584,0.5028,0.2388,Medio,1,49.0
Tlalpan,Mañana (06-11),Domingo,1,1,1,1,0.1822,0.5732,0.2446,Medio,1,53.1
Tlalpan,Noche (18-23),Domingo,1,0,1,1,0.0265,0.2722,0.7012,Alto,2,83.7
Tlalpan,Noche (18-23),Domingo,1,1,1,1,0.0176,0.2229,0.7594,Alto,2,87.1
Tlalpan,Tarde (12-17),Domingo,1,0,1,1,0.0339,0.4346,0.5315,Alto,2,74.9
Tlalpan,Tarde (12-17),Domingo,1,1,1,1,0.021,0.3768,0.6022,Alto,2,79.1
Tlalpan,Madrugada (00-05),Jueves,1,0,0,1,0.8363,0.1543,0.0094,Bajo,0,8.7
Tlalpan,Madrugada (00-05),Jueves,1,1,0,1,0.8545,0.1359,0.0096,Bajo,0,7.8
Tlalpan,Mañana (06-11),Jueves,1,0,0,1,0.1929,0.6085,0.1986,Medio,1,50.3
Tlalpan,Mañana (06-11),Jueves,1,1,0,1,0.176,0.6186,0.2054,Medio,1,51.5
Tlalpan,Noche (18-23),Jueves,1,0,0,1,0.1219,0.4417,0.4364,Medio,1,65.7
Tlalpan,Noche (18-23),Jueves,1,1,0,1,0.1268,0.4224,0.4509,Alto,2,66.2
Tlalpan,Tarde (12-17),Jueves,1,0,0,1,0.1732,0.5423,0.2845,Medio,1,55.6
Tlalpan,Tarde (12-17),Jueves,1,1,0,1,0.2045,0.4789,0.3165,Medio,1,55.6
Tlalpan,Madrugada (00-05),Lunes,1,0,0,1,0.6322,0.3519,0.016,Bajo,0,19.2
Tlalpan,Madrugada (00-05),Lunes,1,1,0,1,0.6012,0.383,0.0159,Bajo,0,20.7
Tlalpan,Mañana (06-11),Lunes,1,0,0,1,0.2064,0.6165,0.1771,Medio,1,48.5
Tlalpan,Mañana (06-11),Lunes,1,1,0,1,0.1537,0.6865,0.1598,Medio,1,50.3
Tlalpan,Noche (18-23),Lunes,1,0,0,1,0.1076,0.4908,0.4016,Medio,1,64.7
Tlalpan,Noche (18-23),Lunes,1,1,0,1,0.068,0.5545,0.3775,Medio,1,65.5
Tlalpan,Tarde (12-17),Lunes,1,0,0,1,0.0995,0.5287,0.3717,Medio,1,63.6
Tlalpan,Tarde (12-17),Lunes,1,1,0,1,0.0775,0.5617,0.3608,Medio,1,64.2
Tlalpan,Madrugada (00-05),Martes,1,0,0,1,0.7908,0.198,0.0113,Bajo,0,11.0
Tlalpan,Madrugada (00-05),Martes,1,1,0,1,0.7387,0.2495,0.0119,Bajo,0,13.7
Tlalpan,Mañana (06-11),Martes,1,0,0,1,0.1703,0.6513,0.1784,Medio,1,50.4
Tlalpan,Mañana (06-11),Martes,1,1,0,1,0.0989,0.7411,0.16,Medio,1,53.1
Tlalpan,Noche (18-23),Martes,1,0,0,1,0.0424,0.5558,0.4018,Medio,1,68.0
Tlalpan,Noche (18-23),Martes,1,1,0,1,0.0374,0.5528,0.4097,Medio,1,68.6
Tlalpan,Tarde (12-17),Martes,1,0,0,1,0.0812,0.5877,0.331,Medio,1,62.5
Tlalpan,Tarde (12-17),Martes,1,1,0,1,0.0569,0.6546,0.2884,Medio,1,61.6
Tlalpan,Madrugada (00-05),Miércoles,1,0,0,1,0.6571,0.3178,0.0251,Bajo,0,18.4
Tlalpan,Madrugada (00-05),Miércoles,1,1,0,1,0.778,0.2124,0.0096,Bajo,0,11.6
Tlalpan,Mañana (06-11),Miércoles,1,0,0,1,0.0787,0.6335,0.2877,Medio,1,60.4
Tlalpan,Mañana (06-11),Miércoles,1,1,0,1,0.0799,0.7315,0.1886,Medio,1,55.4
Tlalpan,Noche (18-23),Miércoles,1,0,0,1,0.0408,0.4449,0.5143,Alto,2,73.7
Tlalpan,Noche (18-23),Miércoles,1,1,0,1,0.0779,0.6102,0.312,Medio,1,61.7
Tlalpan,Tarde (12-17),Miércoles,1,0,0,1,0.0513,0.3604,0.5882,Alto,2,76.8
Tlalpan,Tarde (12-17),Miércoles,1,1,0,1,0.113,0.4681,0.4189,Medio,1,65.3
Tlalpan,Madrugada (00-05),Sábado,1,0,1,1,0.228,0.5313,0.2406,Medio,1,50.6
Tlalpan,Madrugada (00-05),Sábado,1,1,1,1,0.1728,0.4934,0.3338,Medio,1,58.0
Tlalpan,Mañana (06-11),Sábado,1,0,1,1,0.2733,0.4116,0.3151,Medio,1,52.1
Tlalpan,Mañana (06-11),Sábado,1,1,1,1,0.1942,0.5012,0.3046,Medio,1,55.5
Tlalpan,Noche (18-23),Sábado,1,0,1,1,0.027,0.4505,0.5225,Alto,2,74.8
Tlalpan,Noche (18-23),Sábado,1,1,1,1,0.0165,0.3495,0.6341,Alto,2,80.9
Tlalpan,Tarde (12-17),Sábado,1,0,1,1,0.0636,0.333,0.6034,Alto,2,77.0
Tlalpan,Tarde (12-17),Sábado,1,1,1,1,0.0256,0.2782,0.6962,Alto,2,83.5
Tlalpan,Madrugada (00-05),Viernes,1,0,0,1,0.4601,0.5087,0.0312,Medio,1,28.6
Tlalpan,Madrugada (00-05),Viernes,1,1,0,1,0.5102,0.4644,0.0254,Bajo,0,25.8
Tlalpan,Mañana (06-11),Viernes,1,0,0,1,0.1265,0.5738,0.2997,Medio,1,58.7
Tlalpan,Mañana (06-11),Viernes,1,1,0,1,0.1268,0.6234,0.2498,Medio,1,56.1
Tlalpan,Noche (18-23),Viernes,1,0,0,1,0.0219,0.1518,0.8263,Alto,2,90.2
Tlalpan,Noche (18-23),Viernes,1,1,0,1,0.0285,0.1767,0.7949,Alto,2,88.3
Tlalpan,Tarde (12-17),Viernes,1,0,0,1,0.0526,0.4161,0.5313,Alto,2,73.9
Tlalpan,Tarde (12-17),Viernes,1,1,0,1,0.067,0.4702,0.4628,Medio,1,69.8
Tlalpan,Madrugada (00-05),Domingo,2,0,1,1,0.0815,0.5565,0.362,Medio,1,64.0
Tlalpan,Madrugada (00-05),Domingo,2,1,1,1,0.074,0.553,0.3729,Medio,1,64.9
Tlalpan,Mañana (06-11),Domingo,2,0,1,1,0.1337,0.5706,0.2957,Medio,1,58.1
Tlalpan,Mañana (06-11),Domingo,2,1,1,1,0.1112,0.5732,0.3156,Medio,1,60.2
Tlalpan,Noche (18-23),Domingo,2,0,1,1,0.0165,0.1804,0.8031,Alto,2,89.3
Tlalpan,Noche (18-23),Domingo,2,1,1,1,0.0124,0.1742,0.8134,Alto,2,90.0
Tlalpan,Tarde (12-17),Domingo,2,0,1,1,0.0184,0.3767,0.605,Alto,2,79.3
Tlalpan,Tarde (12-17),Domingo,2,1,1,1,0.0139,0.3738,0.6123,Alto,2,79.9
Tlalpan,Madrugada (00-05),Jueves,2,0,0,1,0.6492,0.3246,0.0261,Bajo,0,18.8
Tlalpan,Madrugada (00-05),Jueves,2,1,0,1,0.7021,0.2724,0.0255,Bajo,0,16.2
Tlalpan,Mañana (06-11),Jueves,2,0,0,1,0.092,0.6373,0.2707,Medio,1,58.9
Tlalpan,Mañana (06-11),Jueves,2,1,0,1,0.0854,0.6226,0.292,Medio,1,60.3
Tlalpan,Noche (18-23),Jueves,2,0,0,1,0.0619,0.384,0.5541,Alto,2,74.6
Tlalpan,Noche (18-23),Jueves,2,1,0,1,0.069,0.3573,0.5737,Alto,2,75.2
Tlalpan,Tarde (12-17),Jueves,2,0,0,1,0.0687,0.4438,0.4875,Alto,2,70.9
Tlalpan,Tarde (12-17),Jueves,2,1,0,1,0.085,0.3884,0.5266,Alto,2,72.1
Tlalpan,Madrugada (00-05),Lunes,2,0,0,1,0.5115,0.4547,0.0338,Bajo,0,26.1
Tlalpan,Madrugada (00-05),Lunes,2,1,0,1,0.525,0.4461,0.0289,Bajo,0,25.2
Tlalpan,Mañana (06-11),Lunes,2,0,0,1,0.1249,0.6142,0.2609,Medio,1,56.8
Tlalpan,Mañana (06-11),Lunes,2,1,0,1,0.108,0.6634,0.2287,Medio,1,56.0
Tlalpan,Noche (18-23),Lunes,2,0,0,1,0.0771,0.2904,0.6325,Alto,2,77.8
Tlalpan,Noche (18-23),Lunes,2,1,0,1,0.0745,0.3205,0.6049,Alto,2,76.5
Tlalpan,Tarde (12-17),Lunes,2,0,0,1,0.0639,0.3927,0.5434,Alto,2,74.0
Tlalpan,Tarde (12-17),Lunes,2,1,0,1,0.0632,0.4254,0.5114,Alto,2,72.4
Tlalpan,Madrugada (00-05),Martes,2,0,0,1,0.6777,0.2976,0.0248,Bajo,0,17.4
Tlalpan,Madrugada (00-05),Martes,2,1,0,1,0.6318,0.3423,0.0259,Bajo,0,19.7
Tlalpan,Mañana (06-11),Martes,2,0,0,1,0.0961,0.6371,0.2668,Medio,1,58.5
Tlalpan,Mañana (06-11),Martes,2,1,0,1,0.0605,0.69,0.2495,Medio,1,59.5
Tlalpan,Noche (18-23),Martes,2,0,0,1,0.0331,0.3931,0.5738,Alto,2,77.0
Tlalpan,Noche (18-23),Martes,2,1,0,1,0.0286,0.3701,0.6014,Alto,2,78.6
Tlalpan,Tarde (12-17),Martes,2,0,0,1,0.0488,0.4524,0.4988,Alto,2,72.5
Tlalpan,Tarde (12-17),Martes,2,1,0,1,0.0375,0.4955,0.467,Medio,1,71.5
Tlalpan,Madrugada (00-05),Miércoles,2,0,0,1,0.5792,0.3846,0.0362,Bajo,0,22.8
Tlalpan,Madrugada (00-05),Miércoles,2,1,0,1,0.7232,0.2609,0.0159,Bajo,0,14.6
Tlalpan,Mañana (06-11),Miércoles,2,0,0,1,0.0534,0.6161,0.3305,Medio,1,63.9
Tlalpan,Mañana (06-11),Miércoles,2,1,0,1,0.0564,0.713,0.2306,Medio,1,58.7
Tlalpan,Noche (18-23),Miércoles,2,0,0,1,0.0518,0.3341,0.6142,Alto,2,78.1
Tlalpan,Noche (18-23),Miércoles,2,1,0,1,0.0865,0.4446,0.469,Alto,2,69.1
Tlalpan,Tarde (12-17),Miércoles,2,0,0,1,0.0442,0.3115,0.6444,Alto,2,80.0
Tlalpan,Tarde (12-17),Miércoles,2,1,0,1,0.1019,0.398,0.5002,Alto,2,69.9
Tlalpan,Madrugada (00-05),Sábado,2,0,1,1,0.1078,0.5455,0.3467,Medio,1,61.9
Tlalpan,Madrugada (00-05),Sábado,2,1,1,1,0.0896,0.503,0.4074,Medio,1,65.9
Tlalpan,Mañana (06-11),Sábado,2,0,1,1,0.1557,0.4478,0.3964,Medio,1,62.0
Tlalpan,Mañana (06-11),Sábado,2,1,1,1,0.1275,0.4676,0.4048,Medio,1,63.9
Tlalpan,Noche (18-23),Sábado,2,0,1,1,0.0177,0.3162,0.6661,Alto,2,82.4
Tlalpan,Noche (18-23),Sábado,2,1,1,1,0.0126,0.293,0.6944,Alto,2,84.1
Tlalpan,Tarde (12-17),Sábado,2,0,1,1,0.0403,0.293,0.6667,Alto,2,81.3
Tlalpan,Tarde (12-17),Sábado,2,1,1,1,0.0187,0.2724,0.709,Alto,2,84.5
Tlalpan,Madrugada (00-05),Viernes,2,0,0,1,0.3629,0.5927,0.0443,Medio,1,34.1
Tlalpan,Madrugada (00-05),Viernes,2,1,0,1,0.3891,0.5779,0.0329,Medio,1,32.2
Tlalpan,Mañana (06-11),Viernes,2,0,0,1,0.0791,0.6243,0.2966,Medio,1,60.9
Tlalpan,Mañana (06-11),Viernes,2,1,0,1,0.0767,0.6964,0.2269,Medio,1,57.5
Tlalpan,Noche (18-23),Viernes,2,0,0,1,0.0157,0.1143,0.87,Alto,2,92.7
Tlalpan,Noche (18-23),Viernes,2,1,0,1,0.0201,0.1381,0.8418,Alto,2,91.1
Tlalpan,Tarde (12-17),Viernes,2,0,0,1,0.0361,0.3392,0.6247,Alto,2,79.4
Tlalpan,Tarde (12-17),Viernes,2,1,0,1,0.0488,0.4314,0.5197,Alto,2,73.5
Tlalpan,Madrugada (00-05),Domingo,3,0,1,1,0.1077,0.4961,0.3962,Medio,1,64.4
Tlalpan,Madrugada (00-05),Domingo,3,1,1,1,0.105,0.4851,0.4098,Medio,1,65.2
Tlalpan,Mañana (06-11),Domingo,3,0,1,1,0.2344,0.4629,0.3027,Medio,1,53.4
Tlalpan,Mañana (06-11),Domingo,3,1,1,1,0.2076,0.4642,0.3282,Medio,1,56.0
Tlalpan,Noche (18-23),Domingo,3,0,1,1,0.0255,0.2484,0.7261,Alto,2,85.0
Tlalpan,Noche (18-23),Domingo,3,1,1,1,0.0205,0.235,0.7445,Alto,2,86.2
Tlalpan,Tarde (12-17),Domingo,3,0,1,1,0.0271,0.3137,0.6592,Alto,2,81.6
Tlalpan,Tarde (12-17),Domingo,3,1,1,1,0.023,0.3059,0.6712,Alto,2,82.4
Tlalpan,Madrugada (00-05),Jueves,3,0,0,1,0.6918,0.2784,0.0297,Bajo,0,16.9
Tlalpan,Madrugada (00-05),Jueves,3,1,0,1,0.7615,0.213,0.0255,Bajo,0,13.2
Tlalpan,Mañana (06-11),Jueves,3,0,0,1,0.1595,0.5081,0.3324,Medio,1,58.6
Tlalpan,Mañana (06-11),Jueves,3,1,0,1,0.149,0.4851,0.3659,Medio,1,60.8
Tlalpan,Noche (18-23),Jueves,3,0,0,1,0.0622,0.4127,0.5251,Alto,2,73.1
Tlalpan,Noche (18-23),Jueves,3,1,0,1,0.0764,0.4129,0.5107,Alto,2,71.7
Tlalpan,Tarde (12-17),Jueves,3,0,0,1,0.0882,0.3534,0.5584,Alto,2,73.5
Tlalpan,Tarde (12-17),Jueves,3,1,0,1,0.1239,0.2952,0.581,Alto,2,72.9
Tlalpan,Madrugada (00-05),Lunes,3,0,0,1,0.5899,0.3782,0.0319,Bajo,0,22.1
Tlalpan,Madrugada (00-05),Lunes,3,1,0,1,0.6386,0.3373,0.024,Bajo,0,19.3
Tlalpan,Mañana (06-11),Lunes,3,0,0,1,0.2289,0.4897,0.2813,Medio,1,52.6
Tlalpan,Mañana (06-11),Lunes,3,1,0,1,0.2179,0.5266,0.2555,Medio,1,51.9
Tlalpan,Noche (18-23),Lunes,3,0,0,1,0.1185,0.3397,0.5419,Alto,2,71.2
Tlalpan,Noche (18-23),Lunes,3,1,0,1,0.1463,0.3809,0.4729,Alto,2,66.3
Tlalpan,Tarde (12-17),Lunes,3,0,0,1,0.07,0.3716,0.5583,Alto,2,74.4
Tlalpan,Tarde (12-17),Lunes,3,1,0,1,0.0892,0.4024,0.5084,Alto,2,71.0
Tlalpan,Madrugada (00-05),Martes,3,0,0,1,0.7937,0.184,0.0223,Bajo,0,11.4
Tlalpan,Madrugada (00-05),Martes,3,1,0,1,0.7882,0.1903,0.0215,Bajo,0,11.7
Tlalpan,Mañana (06-11),Martes,3,0,0,1,0.2074,0.4468,0.3458,Medio,1,56.9
Tlalpan,Mañana (06-11),Martes,3,1,0,1,0.155,0.4676,0.3773,Medio,1,61.1
Tlalpan,Noche (18-23),Martes,3,0,0,1,0.0523,0.4652,0.4824,Alto,2,71.5
Tlalpan,Noche (18-23),Martes,3,1,0,1,0.0507,0.4596,0.4897,Alto,2,72.0
Tlalpan,Tarde (12-17),Martes,3,0,0,1,0.0826,0.3234,0.594,Alto,2,75.6
Tlalpan,Tarde (12-17),Martes,3,1,0,1,0.0758,0.3579,0.5663,Alto,2,74.5
Tlalpan,Madrugada (00-05),Miércoles,3,0,0,1,0.6777,0.2875,0.0348,Bajo,0,17.9
Tlalpan,Madrugada (00-05),Miércoles,3,1,0,1,0.8661,0.1235,0.0105,Bajo,0,7.2
Tlalpan,Mañana (06-11),Miércoles,3,0,0,1,0.1161,0.4838,0.4001,Medio,1,64.2
Tlalpan,Mañana (06-11),Miércoles,3,1,0,1,0.1528,0.5332,0.314,Medio,1,58.1
Tlalpan,Noche (18-23),Miércoles,3,0,0,1,0.0704,0.3287,0.6009,Alto,2,76.5
Tlalpan,Noche (18-23),Miércoles,3,1,0,1,0.1751,0.3906,0.4342,Alto,2,63.0
Tlalpan,Tarde (12-17),Miércoles,3,0,0,1,0.0663,0.2259,0.7078,Alto,2,82.1
Tlalpan,Tarde (12-17),Miércoles,3,1,0,1,0.2189,0.252,0.5291,Alto,2,65.5
Tlalpan,Madrugada (00-05),Sábado,3,0,1,1,0.1273,0.6011,0.2716,Medio,1,57.2
Tlalpan,Madrugada (00-05),Sábado,3,1,1,1,0.11,0.5697,0.3203,Medio,1,60.5
Tlalpan,Mañana (06-11),Sábado,3,0,1,1,0.2442,0.4706,0.2852,Medio,1,52.1
Tlalpan,Mañana (06-11),Sábado,3,1,1,1,0.2087,0.5043,0.287,Medio,1,53.9
Tlalpan,Noche (18-23),Sábado,3,0,1,1,0.0262,0.4781,0.4956,Alto,2,73.5
Tlalpan,Noche (18-23),Sábado,3,1,1,1,0.0209,0.3925,0.5866,Alto,2,78.3
Tlalpan,Tarde (12-17),Sábado,3,0,1,1,0.0666,0.3543,0.5791,Alto,2,75.6
Tlalpan,Tarde (12-17),Sábado,3,1,1,1,0.0348,0.3643,0.6009,Alto,2,78.3
Tlalpan,Madrugada (00-05),Viernes,3,0,0,1,0.4445,0.514,0.0415,Medio,1,29.9
Tlalpan,Madrugada (00-05),Viernes,3,1,0,1,0.5084,0.4675,0.0241,Bajo,0,25.8
Tlalpan,Mañana (06-11),Viernes,3,0,0,1,0.1494,0.5623,0.2883,Medio,1,56.9
Tlalpan,Mañana (06-11),Viernes,3,1,0,1,0.1636,0.6389,0.1975,Medio,1,51.7
Tlalpan,Noche (18-23),Viernes,3,0,0,1,0.0235,0.1612,0.8153,Alto,2,89.6
Tlalpan,Noche (18-23),Viernes,3,1,0,1,0.0394,0.2315,0.7292,Alto,2,84.5
Tlalpan,Tarde (12-17),Viernes,3,0,0,1,0.0641,0.2843,0.6516,Alto,2,79.4
Tlalpan,Tarde (12-17),Viernes,3,1,0,1,0.1118,0.4007,0.4874,Alto,2,68.8
Tlalpan,Madrugada (00-05),Domingo,4,0,1,2,0.0965,0.64,0.2635,Medio,1,58.3
Tlalpan,Madrugada (00-05),Domingo,4,1,1,2,0.0967,0.5761,0.3272,Medio,1,61.5
Tlalpan,Mañana (06-11),Domingo,4,0,1,2,0.2603,0.5162,0.2235,Medio,1,48.2
Tlalpan,Mañana (06-11),Domingo,4,1,1,2,0.2137,0.5277,0.2586,Medio,1,52.2
Tlalpan,Noche (18-23),Domingo,4,0,1,2,0.0164,0.3942,0.5895,Alto,2,78.7
Tlalpan,Noche (18-23),Domingo,4,1,1,2,0.0139,0.3007,0.6854,Alto,2,83.6
Tlalpan,Tarde (12-17),Domingo,4,0,1,2,0.0277,0.4963,0.476,Medio,1,72.4
Tlalpan,Tarde (12-17),Domingo,4,1,1,2,0.0226,0.4127,0.5647,Alto,2,77.1
Tlalpan,Madrugada (00-05),Jueves,4,0,0,2,0.5817,0.3951,0.0232,Bajo,0,22.1
Tlalpan,Madrugada (00-05),Jueves,4,1,0,2,0.6451,0.3329,0.0221,Bajo,0,18.8
Tlalpan,Mañana (06-11),Jueves,4,0,0,2,0.1701,0.5998,0.2301,Medio,1,53.0
Tlalpan,Mañana (06-11),Jueves,4,1,0,2,0.1401,0.6171,0.2428,Medio,1,55.1
Tlalpan,Noche (18-23),Jueves,4,0,0,2,0.0379,0.6155,0.3466,Medio,1,65.4
Tlalpan,Noche (18-23),Jueves,4,1,0,2,0.045,0.6201,0.3349,Medio,1,64.5
Tlalpan,Tarde (12-17),Jueves,4,0,0,2,0.0703,0.5619,0.3678,Medio,1,64.9
Tlalpan,Tarde (12-17),Jueves,4,1,0,2,0.0984,0.4875,0.4141,Medio,1,65.8
Tlalpan,Madrugada (00-05),Lunes,4,0,0,2,0.5643,0.4078,0.0279,Bajo,0,23.2
Tlalpan,Madrugada (00-05),Lunes,4,1,0,2,0.6142,0.3627,0.0231,Bajo,0,20.4
Tlalpan,Mañana (06-11),Lunes,4,0,0,2,0.2533,0.5221,0.2245,Medio,1,48.6
Tlalpan,Mañana (06-11),Lunes,4,1,0,2,0.2205,0.5788,0.2007,Medio,1,49.0
Tlalpan,Noche (18-23),Lunes,4,0,0,2,0.0951,0.4763,0.4286,Medio,1,66.7
Tlalpan,Noche (18-23),Lunes,4,1,0,2,0.1204,0.4848,0.3948,Medio,1,63.7
Tlalpan,Tarde (12-17),Lunes,4,0,0,2,0.0679,0.4413,0.4908,Alto,2,71.1
Tlalpan,Tarde (12-17),Lunes,4,1,0,2,0.0829,0.443,0.4741,Alto,2,69.6
Tlalpan,Madrugada (00-05),Martes,4,0,0,2,0.7188,0.2625,0.0187,Bajo,0,15.0
Tlalpan,Madrugada (00-05),Martes,4,1,0,2,0.7251,0.2553,0.0197,Bajo,0,14.7
Tlalpan,Mañana (06-11),Martes,4,0,0,2,0.2229,0.5472,0.23,Medio,1,50.4
Tlalpan,Mañana (06-11),Martes,4,1,0,2,0.1591,0.5929,0.248,Medio,1,54.4
Tlalpan,Noche (18-23),Martes,4,0,0,2,0.0429,0.5663,0.3908,Medio,1,67.4
Tlalpan,Noche (18-23),Martes,4,1,0,2,0.0373,0.5924,0.3704,Medio,1,66.7
Tlalpan,Tarde (12-17),Martes,4,0,0,2,0.0753,0.4795,0.4452,Medio,1,68.5
Tlalpan,Tarde (12-17),Martes,4,1,0,2,0.0694,0.476,0.4545,Medio,1,69.3
Tlalpan,Madrugada (00-05),Miércoles,4,0,0,2,0.6402,0.3326,0.0272,Bajo,0,19.3
Tlalpan,Madrugada (00-05),Miércoles,4,1,0,2,0.8218,0.1669,0.0113,Bajo,0,9.5
Tlalpan,Mañana (06-11),Miércoles,4,0,0,2,0.144,0.5342,0.3219,Medio,1,58.9
Tlalpan,Mañana (06-11),Miércoles,4,1,0,2,0.1609,0.5833,0.2558,Medio,1,54.7
Tlalpan,Noche (18-23),Miércoles,4,0,0,2,0.0518,0.4339,0.5142,Alto,2,73.1
Tlalpan,Noche (18-23),Miércoles,4,1,0,2,0.1142,0.4918,0.394,Medio,1,64.0
Tlalpan,Tarde (12-17),Miércoles,4,0,0,2,0.0736,0.3992,0.5272,Alto,2,72.7
Tlalpan,Tarde (12-17),Miércoles,4,1,0,2,0.1904,0.3848,0.4248,Alto,2,61.7
Tlalpan,Madrugada (00-05),Sábado,4,0,1,2,0.1218,0.6523,0.2259,Medio,1,55.2
Tlalpan,Madrugada (00-05),Sábado,4,1,1,2,0.1081,0.5621,0.3298,Medio,1,61.1
Tlalpan,Mañana (06-11),Sábado,4,0,1,2,0.2872,0.4531,0.2597,Medio,1,48.6
Tlalpan,Mañana (06-11),Sábado,4,1,1,2,0.2299,0.4796,0.2905,Medio,1,53.0
Tlalpan,Noche (18-23),Sábado,4,0,1,2,0.0167,0.4356,0.5477,Alto,2,76.5
Tlalpan,Noche (18-23),Sábado,4,1,1,2,0.0133,0.2694,0.7173,Alto,2,85.2
Tlalpan,Tarde (12-17),Sábado,4,0,1,2,0.0673,0.4396,0.4931,Alto,2,71.3
Tlalpan,Tarde (12-17),Sábado,4,1,1,2,0.0363,0.3645,0.5992,Alto,2,78.1
Tlalpan,Madrugada (00-05),Viernes,4,0,0,2,0.4548,0.5119,0.0333,Medio,1,28.9
Tlalpan,Madrugada (00-05),Viernes,4,1,0,2,0.501,0.4755,0.0235,Bajo,0,26.1
Tlalpan,Mañana (06-11),Viernes,4,0,0,2,0.2278,0.5506,0.2216,Medio,1,49.7
Tlalpan,Mañana (06-11),Viernes,4,1,0,2,0.1995,0.6462,0.1542,Medio,1,47.7
Tlalpan,Noche (18-23),Viernes,4,0,0,2,0.025,0.2198,0.7552,Alto,2,86.5
Tlalpan,Noche (18-23),Viernes,4,1,0,2,0.038,0.2817,0.6803,Alto,2,82.1
Tlalpan,Tarde (12-17),Viernes,4,0,0,2,0.0794,0.4188,0.5018,Alto,2,71.1
Tlalpan,Tarde (12-17),Viernes,4,1,0,2,0.1034,0.4873,0.4093,Medio,1,65.3
Tlalpan,Madrugada (00-05),Domingo,5,0,1,2,0.0903,0.6186,0.2911,Medio,1,60.0
Tlalpan,Madrugada (00-05),Domingo,5,1,1,2,0.0878,0.5923,0.3199,Medio,1,61.6
Tlalpan,Mañana (06-11),Domingo,5,0,1,2,0.2211,0.5644,0.2144,Medio,1,49.7
Tlalpan,Mañana (06-11),Domingo,5,1,1,2,0.1856,0.5878,0.2266,Medio,1,52.0
Tlalpan,Noche (18-23),Domingo,5,0,1,2,0.0139,0.3699,0.6162,Alto,2,80.1
Tlalpan,Noche (18-23),Domingo,5,1,1,2,0.0127,0.3169,0.6704,Alto,2,82.9
Tlalpan,Tarde (12-17),Domingo,5,0,1,2,0.0243,0.471,0.5047,Alto,2,74.0
Tlalpan,Tarde (12-17),Domingo,5,1,1,2,0.0202,0.4354,0.5444,Alto,2,76.2
Tlalpan,Madrugada (00-05),Jueves,5,0,0,2,0.6168,0.3572,0.0261,Bajo,0,20.5
Tlalpan,Madrugada (00-05),Jueves,5,1,0,2,0.6493,0.3274,0.0233,Bajo,0,18.7
Tlalpan,Mañana (06-11),Jueves,5,0,0,2,0.1655,0.576,0.2585,Medio,1,54.7
Tlalpan,Mañana (06-11),Jueves,5,1,0,2,0.1363,0.6096,0.2541,Medio,1,55.9
Tlalpan,Noche (18-23),Jueves,5,0,0,2,0.0372,0.5502,0.4126,Medio,1,68.8
Tlalpan,Noche (18-23),Jueves,5,1,0,2,0.0433,0.6029,0.3538,Medio,1,65.5
Tlalpan,Tarde (12-17),Jueves,5,0,0,2,0.065,0.5237,0.4113,Medio,1,67.3
Tlalpan,Tarde (12-17),Jueves,5,1,0,2,0.0848,0.4828,0.4324,Medio,1,67.4
Tlalpan,Madrugada (00-05),Lunes,5,0,0,2,0.5789,0.3919,0.0292,Bajo,0,22.5
Tlalpan,Madrugada (00-05),Lunes,5,1,0,2,0.6151,0.3613,0.0235,Bajo,0,20.4
Tlalpan,Mañana (06-11),Lunes,5,0,0,2,0.2347,0.529,0.2363,Medio,1,50.1
Tlalpan,Mañana (06-11),Lunes,5,1,0,2,0.2119,0.582,0.2061,Medio,1,49.7
Tlalpan,Noche (18-23),Lunes,5,0,0,2,0.0895,0.4513,0.4592,Alto,2,68.5
Tlalpan,Noche (18-23),Lunes,5,1,0,2,0.1157,0.4814,0.4029,Medio,1,64.4
Tlalpan,Tarde (12-17),Lunes,5,0,0,2,0.0677,0.4321,0.5002,Alto,2,71.6
Tlalpan,Tarde (12-17),Lunes,5,1,0,2,0.08,0.4471,0.4729,Alto,2,69.6
Tlalpan,Madrugada (00-05),Martes,5,0,0,2,0.7388,0.24,0.0212,Bajo,0,14.1
Tlalpan,Madrugada (00-05),Martes,5,1,0,2,0.7315,0.2479,0.0206,Bajo,0,14.5
Tlalpan,Mañana (06-11),Martes,5,0,0,2,0.2425,0.4741,0.2835,Medio,1,52.1
Tlalpan,Mañana (06-11),Martes,5,1,0,2,0.1739,0.5538,0.2723,Medio,1,54.9
Tlalpan,Noche (18-23),Martes,5,0,0,2,0.0448,0.4696,0.4856,Alto,2,72.0
Tlalpan,Noche (18-23),Martes,5,1,0,2,0.0451,0.4867,0.4682,Medio,1,71.2
Tlalpan,Tarde (12-17),Martes,5,0,0,2,0.0754,0.4344,0.4902,Alto,2,70.7
Tlalpan,Tarde (12-17),Martes,5,1,0,2,0.0679,0.4563,0.4758,Alto,2,70.4
Tlalpan,Madrugada (00-05),Miércoles,5,0,0,2,0.6349,0.34,0.0251,Bajo,0,19.5
Tlalpan,Madrugada (00-05),Miércoles,5,1,0,2,0.7192,0.2662,0.0146,Bajo,0,14.8
Tlalpan,Mañana (06-11),Miércoles,5,0,0,2,0.1222,0.5471,0.3308,Medio,1,60.4
Tlalpan,Mañana (06-11),Miércoles,5,1,0,2,0.1344,0.6103,0.2554,Medio,1,56.0
Tlalpan,Noche (18-23),Miércoles,5,0,0,2,0.0408,0.4476,0.5116,Alto,2,73.5
Tlalpan,Noche (18-23),Miércoles,5,1,0,2,0.0699,0.5451,0.385,Medio,1,65.8
Tlalpan,Tarde (12-17),Miércoles,5,0,0,2,0.0635,0.5016,0.4349,Medio,1,68.6
Tlalpan,Tarde (12-17),Miércoles,5,1,0,2,0.1006,0.5553,0.3441,Medio,1,62.2
Tlalpan,Madrugada (00-05),Sábado,5,0,1,2,0.1159,0.6266,0.2575,Medio,1,57.1
Tlalpan,Madrugada (00-05),Sábado,5,1,1,2,0.1046,0.5682,0.3272,Medio,1,61.1
Tlalpan,Mañana (06-11),Sábado,5,0,1,2,0.2448,0.5054,0.2498,Medio,1,50.3
Tlalpan,Mañana (06-11),Sábado,5,1,1,2,0.2066,0.5155,0.2779,Medio,1,53.6
Tlalpan,Noche (18-23),Sábado,5,0,1,2,0.0142,0.397,0.5889,Alto,2,78.7
Tlalpan,Noche (18-23),Sábado,5,1,1,2,0.0114,0.281,0.7076,Alto,2,84.8
Tlalpan,Tarde (12-17),Sábado,5,0,1,2,0.0574,0.4005,0.5421,Alto,2,74.2
Tlalpan,Tarde (12-17),Sábado,5,1,1,2,0.0318,0.3521,0.6161,Alto,2,79.2
Tlalpan,Madrugada (00-05),Viernes,5,0,0,2,0.486,0.4788,0.0352,Bajo,0,27.5
Tlalpan,Madrugada (00-05),Viernes,5,1,0,2,0.5061,0.4701,0.0239,Bajo,0,25.9
Tlalpan,Mañana (06-11),Viernes,5,0,0,2,0.2134,0.5537,0.233,Medio,1,51.0
Tlalpan,Mañana (06-11),Viernes,5,1,0,2,0.1884,0.6561,0.1556,Medio,1,48.4
Tlalpan,Noche (18-23),Viernes,5,0,0,2,0.0218,0.1905,0.7877,Alto,2,88.3
Tlalpan,Noche (18-23),Viernes,5,1,0,2,0.0356,0.2567,0.7077,Alto,2,83.6
Tlalpan,Tarde (12-17),Viernes,5,0,0,2,0.0874,0.3734,0.5392,Alto,2,72.6
Tlalpan,Tarde (12-17),Viernes,5,1,0,2,0.1079,0.4632,0.4289,Medio,1,66.0
Tlalpan,Madrugada (00-05),Domingo,6,0,1,2,0.0784,0.5473,0.3744,Medio,1,64.8
Tlalpan,Madrugada (00-05),Domingo,6,1,1,2,0.0832,0.5353,0.3815,Medio,1,64.9
Tlalpan,Mañana (06-11),Domingo,6,0,1,2,0.1784,0.6018,0.2198,Medio,1,52.1
Tlalpan,Mañana (06-11),Domingo,6,1,1,2,0.1574,0.6722,0.1704,Medio,1,50.6
Tlalpan,Noche (18-23),Domingo,6,0,1,2,0.0112,0.2962,0.6926,Alto,2,84.1
Tlalpan,Noche (18-23),Domingo,6,1,1,2,0.0112,0.2783,0.7105,Alto,2,85.0
Tlalpan,Tarde (12-17),Domingo,6,0,1,2,0.0217,0.3721,0.6063,Alto,2,79.2
Tlalpan,Tarde (12-17),Domingo,6,1,1,2,0.0197,0.3716,0.6087,Alto,2,79.5
Tlalpan,Madrugada (00-05),Jueves,6,0,0,2,0.6213,0.3499,0.0288,Bajo,0,20.4
Tlalpan,Madrugada (00-05),Jueves,6,1,0,2,0.6606,0.3147,0.0247,Bajo,0,18.2
Tlalpan,Mañana (06-11),Jueves,6,0,0,2,0.1701,0.5556,0.2743,Medio,1,55.2
Tlalpan,Mañana (06-11),Jueves,6,1,0,2,0.1653,0.5781,0.2566,Medio,1,54.6
Tlalpan,Noche (18-23),Jueves,6,0,0,2,0.0399,0.5313,0.4289,Medio,1,69.5
Tlalpan,Noche (18-23),Jueves,6,1,0,2,0.0467,0.5954,0.358,Medio,1,65.6
Tlalpan,Tarde (12-17),Jueves,6,0,0,2,0.0661,0.5274,0.4065,Medio,1,67.0
Tlalpan,Tarde (12-17),Jueves,6,1,0,2,0.0894,0.4879,0.4227,Medio,1,66.7
Tlalpan,Madrugada (00-05),Lunes,6,0,0,2,0.6113,0.3627,0.026,Bajo,0,20.7
Tlalpan,Madrugada (00-05),Lunes,6,1,0,2,0.647,0.3347,0.0183,Bajo,0,18.6
Tlalpan,Mañana (06-11),Lunes,6,0,0,2,0.2605,0.5157,0.2238,Medio,1,48.2
Tlalpan,Mañana (06-11),Lunes,6,1,0,2,0.2752,0.5518,0.173,Medio,1,44.9
Tlalpan,Noche (18-23),Lunes,6,0,0,2,0.1004,0.4556,0.444,Medio,1,67.2
Tlalpan,Noche (18-23),Lunes,6,1,0,2,0.1337,0.5091,0.3572,Medio,1,61.2
Tlalpan,Tarde (12-17),Lunes,6,0,0,2,0.1232,0.4741,0.4027,Medio,1,64.0
Tlalpan,Tarde (12-17),Lunes,6,1,0,2,0.1512,0.5129,0.3359,Medio,1,59.2
Tlalpan,Madrugada (00-05),Martes,6,0,0,2,0.7467,0.2294,0.0238,Bajo,0,13.9
Tlalpan,Madrugada (00-05),Martes,6,1,0,2,0.7327,0.2462,0.0211,Bajo,0,14.4
Tlalpan,Mañana (06-11),Martes,6,0,0,2,0.2455,0.4543,0.3002,Medio,1,52.7
Tlalpan,Mañana (06-11),Martes,6,1,0,2,0.1983,0.5399,0.2619,Medio,1,53.2
Tlalpan,Noche (18-23),Martes,6,0,0,2,0.0449,0.4363,0.5187,Alto,2,73.7
Tlalpan,Noche (18-23),Martes,6,1,0,2,0.0462,0.4907,0.4632,Medio,1,70.8
Tlalpan,Tarde (12-17),Martes,6,0,0,2,0.0887,0.4309,0.4804,Alto,2,69.6
Tlalpan,Tarde (12-17),Martes,6,1,0,2,0.0903,0.484,0.4257,Medio,1,66.8
Tlalpan,Madrugada (00-05),Miércoles,6,0,0,2,0.6616,0.3093,0.0291,Bajo,0,18.4
Tlalpan,Madrugada (00-05),Miércoles,6,1,0,2,0.7413,0.2431,0.0156,Bajo,0,13.7
Tlalpan,Mañana (06-11),Miércoles,6,0,0,2,0.1534,0.4807,0.3659,Medio,1,60.6
Tlalpan,Mañana (06-11),Miércoles,6,1,0,2,0.1951,0.5338,0.2711,Medio,1,53.8
Tlalpan,Noche (18-23),Miércoles,6,0,0,2,0.0405,0.4017,0.5578,Alto,2,75.9
Tlalpan,Noche (18-23),Miércoles,6,1,0,2,0.0721,0.5223,0.4056,Medio,1,66.7
Tlalpan,Tarde (12-17),Miércoles,6,0,0,2,0.0815,0.4483,0.4702,Alto,2,69.4
Tlalpan,Tarde (12-17),Miércoles,6,1,0,2,0.1334,0.521,0.3456,Medio,1,60.6
Tlalpan,Madrugada (00-05),Sábado,6,0,1,2,0.1044,0.5611,0.3344,Medio,1,61.5
Tlalpan,Madrugada (00-05),Sábado,6,1,1,2,0.102,0.5061,0.3919,Medio,1,64.5
Tlalpan,Mañana (06-11),Sábado,6,0,1,2,0.2175,0.5381,0.2444,Medio,1,51.3
Tlalpan,Mañana (06-11),Sábado,6,1,1,2,0.1955,0.6131,0.1914,Medio,1,49.8
Tlalpan,Noche (18-23),Sábado,6,0,1,2,0.0125,0.2732,0.7143,Alto,2,85.1
Tlalpan,Noche (18-23),Sábado,6,1,1,2,0.0103,0.2094,0.7802,Alto,2,88.5
Tlalpan,Tarde (12-17),Sábado,6,0,1,2,0.0561,0.3424,0.6014,Alto,2,77.3
Tlalpan,Tarde (12-17),Sábado,6,1,1,2,0.0347,0.3161,0.6492,Alto,2,80.7
Tlalpan,Madrugada (00-05),Viernes,6,0,0,2,0.4579,0.501,0.0411,Medio,1,29.2
Tlalpan,Madrugada (00-05),Viernes,6,1,0,2,0.5298,0.4463,0.0239,Bajo,0,24.7
Tlalpan,Mañana (06-11),Viernes,6,0,0,2,0.2167,0.5332,0.2501,Medio,1,51.7
Tlalpan,Mañana (06-11),Viernes,6,1,0,2,0.2603,0.5878,0.1519,Medio,1,44.6
Tlalpan,Noche (18-23),Viernes,6,0,0,2,0.0187,0.2575,0.7238,Alto,2,85.3
Tlalpan,Noche (18-23),Viernes,6,1,0,2,0.0377,0.3822,0.58,Alto,2,77.1
Tlalpan,Tarde (12-17),Viernes,6,0,0,2,0.0811,0.381,0.5379,Alto,2,72.8
Tlalpan,Tarde (12-17),Viernes,6,1,0,2,0.1185,0.488,0.3935,Medio,1,63.7
Tlalpan,Madrugada (00-05),Domingo,7,0,1,3,0.1018,0.5547,0.3435,Medio,1,62.1
Tlalpan,Madrugada (00-05),Domingo,7,1,1,3,0.1185,0.4982,0.3832,Medio,1,63.2
Tlalpan,Mañana (06-11),Domingo,7,0,1,3,0.1785,0.6257,0.1958,Medio,1,50.9
Tlalpan,Mañana (06-11),Domingo,7,1,1,3,0.155,0.7011,0.1439,Medio,1,49.4
Tlalpan,Noche (18-23),Domingo,7,0,1,3,0.0163,0.3368,0.6469,Alto,2,81.5
Tlalpan,Noche (18-23),Domingo,7,1,1,3,0.0171,0.2648,0.7181,Alto,2,85.1
Tlalpan,Tarde (12-17),Domingo,7,0,1,3,0.0322,0.4009,0.5669,Alto,2,76.7
Tlalpan,Tarde (12-17),Domingo,7,1,1,3,0.0295,0.3756,0.5949,Alto,2,78.3
Tlalpan,Madrugada (00-05),Jueves,7,0,0,3,0.7274,0.2539,0.0187,Bajo,0,14.6
Tlalpan,Madrugada (00-05),Jueves,7,1,0,3,0.7774,0.2052,0.0174,Bajo,0,12.0
Tlalpan,Mañana (06-11),Jueves,7,0,0,3,0.3075,0.4806,0.2119,Medio,1,45.2
Tlalpan,Mañana (06-11),Jueves,7,1,0,3,0.3244,0.4734,0.2022,Medio,1,43.9
Tlalpan,Noche (18-23),Jueves,7,0,0,3,0.0716,0.5059,0.4225,Medio,1,67.5
Tlalpan,Noche (18-23),Jueves,7,1,0,3,0.0854,0.5118,0.4028,Medio,1,65.9
Tlalpan,Tarde (12-17),Jueves,7,0,0,3,0.1099,0.5029,0.3872,Medio,1,63.9
Tlalpan,Tarde (12-17),Jueves,7,1,0,3,0.1444,0.4389,0.4167,Medio,1,63.6
Tlalpan,Madrugada (00-05),Lunes,7,0,0,3,0.593,0.3835,0.0235,Bajo,0,21.5
Tlalpan,Madrugada (00-05),Lunes,7,1,0,3,0.6129,0.3678,0.0192,Bajo,0,20.3
Tlalpan,Mañana (06-11),Lunes,7,0,0,3,0.3585,0.4368,0.2046,Medio,1,42.3
Tlalpan,Mañana (06-11),Lunes,7,1,0,3,0.3381,0.4927,0.1693,Medio,1,41.6
Tlalpan,Noche (18-23),Lunes,7,0,0,3,0.1114,0.5095,0.3791,Medio,1,63.4
Tlalpan,Noche (18-23),Lunes,7,1,0,3,0.1216,0.5447,0.3337,Medio,1,60.6
Tlalpan,Tarde (12-17),Lunes,7,0,0,3,0.0998,0.4992,0.401,Medio,1,65.1
Tlalpan,Tarde (12-17),Lunes,7,1,0,3,0.1096,0.5292,0.3611,Medio,1,62.6
Tlalpan,Madrugada (00-05),Martes,7,0,0,3,0.8391,0.1495,0.0114,Bajo,0,8.6
Tlalpan,Madrugada (00-05),Martes,7,1,0,3,0.8157,0.1724,0.0118,Bajo,0,9.8
Tlalpan,Mañana (06-11),Martes,7,0,0,3,0.3851,0.4142,0.2007,Medio,1,40.8
Tlalpan,Mañana (06-11),Martes,7,1,0,3,0.292,0.5239,0.1841,Medio,1,44.6
Tlalpan,Noche (18-23),Martes,7,0,0,3,0.0994,0.4867,0.4139,Medio,1,65.7
Tlalpan,Noche (18-23),Martes,7,1,0,3,0.0898,0.5129,0.3973,Medio,1,65.4
Tlalpan,Tarde (12-17),Martes,7,0,0,3,0.1737,0.4557,0.3706,Medio,1,59.8
Tlalpan,Tarde (12-17),Martes,7,1,0,3,0.1495,0.4978,0.3527,Medio,1,60.2
Tlalpan,Madrugada (00-05),Miércoles,7,0,0,3,0.7638,0.2239,0.0123,Bajo,0,12.4
Tlalpan,Madrugada (00-05),Miércoles,7,1,0,3,0.8531,0.14,0.0069,Bajo,0,7.7
Tlalpan,Mañana (06-11),Miércoles,7,0,0,3,0.3583,0.4889,0.1528,Medio,1,39.7
Tlalpan,Mañana (06-11),Miércoles,7,1,0,3,0.3756,0.4948,0.1296,Medio,1,37.7
Tlalpan,Noche (18-23),Miércoles,7,0,0,3,0.0784,0.487,0.4346,Medio,1,67.8
Tlalpan,Noche (18-23),Miércoles,7,1,0,3,0.1315,0.5267,0.3418,Medio,1,60.5
Tlalpan,Tarde (12-17),Miércoles,7,0,0,3,0.1472,0.5211,0.3317,Medio,1,59.2
Tlalpan,Tarde (12-17),Miércoles,7,1,0,3,0.2436,0.5028,0.2536,Medio,1,50.5
Tlalpan,Madrugada (00-05),Sábado,7,0,1,3,0.1316,0.5723,0.2961,Medio,1,58.2
Tlalpan,Madrugada (00-05),Sábado,7,1,1,3,0.1326,0.4807,0.3867,Medio,1,62.7
Tlalpan,Mañana (06-11),Sábado,7,0,1,3,0.2102,0.5755,0.2143,Medio,1,50.2
Tlalpan,Mañana (06-11),Sábado,7,1,1,3,0.1775,0.6716,0.1509,Medio,1,48.7
Tlalpan,Noche (18-23),Sábado,7,0,1,3,0.0176,0.3128,0.6696,Alto,2,82.6
Tlalpan,Noche (18-23),Sábado,7,1,1,3,0.014,0.1953,0.7907,Alto,2,88.8
Tlalpan,Tarde (12-17),Sábado,7,0,1,3,0.0819,0.3668,0.5513,Alto,2,73.5
Tlalpan,Tarde (12-17),Sábado,7,1,1,3,0.0483,0.3101,0.6416,Alto,2,79.7
Tlalpan,Madrugada (00-05),Viernes,7,0,0,3,0.515,0.4632,0.0218,Bajo,0,25.3
Tlalpan,Madrugada (00-05),Viernes,7,1,0,3,0.6195,0.3666,0.0139,Bajo,0,19.7
Tlalpan,Mañana (06-11),Viernes,7,0,0,3,0.2463,0.6058,0.1479,Medio,1,45.1
Tlalpan,Mañana (06-11),Viernes,7,1,0,3,0.3087,0.5981,0.0932,Medio,1,39.2
Tlalpan,Noche (18-23),Viernes,7,0,0,3,0.0399,0.4585,0.5016,Alto,2,73.1
Tlalpan,Noche (18-23),Viernes,7,1,0,3,0.0752,0.49,0.4348,Medio,1,68.0
Tlalpan,Tarde (12-17),Viernes,7,0,0,3,0.1354,0.5012,0.3634,Medio,1,61.4
Tlalpan,Tarde (12-17),Viernes,7,1,0,3,0.1846,0.533,0.2824,Medio,1,54.9
Tlalpan,Madrugada (00-05),Domingo,8,0,1,3,0.0848,0.5835,0.3317,Medio,1,62.3
Tlalpan,Madrugada (00-05),Domingo,8,1,1,3,0.1082,0.48,0.4118,Medio,1,65.2
Tlalpan,Mañana (06-11),Domingo,8,0,1,3,0.1694,0.6367,0.1938,Medio,1,51.2
Tlalpan,Mañana (06-11),Domingo,8,1,1,3,0.173,0.6699,0.1572,Medio,1,49.2
Tlalpan,Noche (18-23),Domingo,8,0,1,3,0.0135,0.2977,0.6888,Alto,2,83.8
Tlalpan,Noche (18-23),Domingo,8,1,1,3,0.014,0.1929,0.7931,Alto,2,89.0
Tlalpan,Tarde (12-17),Domingo,8,0,1,3,0.0324,0.4193,0.5483,Alto,2,75.8
Tlalpan,Tarde (12-17),Domingo,8,1,1,3,0.0283,0.3235,0.6482,Alto,2,81.0
Tlalpan,Madrugada (00-05),Jueves,8,0,0,3,0.6451,0.3278,0.0271,Bajo,0,19.1
Tlalpan,Madrugada (00-05),Jueves,8,1,0,3,0.7207,0.2543,0.025,Bajo,0,15.2
Tlalpan,Mañana (06-11),Jueves,8,0,0,3,0.1869,0.5403,0.2728,Medio,1,54.3
Tlalpan,Mañana (06-11),Jueves,8,1,0,3,0.2221,0.515,0.263,Medio,1,52.0
Tlalpan,Noche (18-23),Jueves,8,0,0,3,0.0477,0.4246,0.5277,Alto,2,74.0
Tlalpan,Noche (18-23),Jueves,8,1,0,3,0.0631,0.3994,0.5375,Alto,2,73.7
Tlalpan,Tarde (12-17),Jueves,8,0,0,3,0.0786,0.4356,0.4857,Alto,2,70.4
Tlalpan,Tarde (12-17),Jueves,8,1,0,3,0.1057,0.3777,0.5167,Alto,2,70.5
Tlalpan,Madrugada (00-05),Lunes,8,0,0,3,0.5151,0.4456,0.0393,Bajo,0,26.2
Tlalpan,Madrugada (00-05),Lunes,8,1,0,3,0.5523,0.4171,0.0306,Bajo,0,23.9
Tlalpan,Mañana (06-11),Lunes,8,0,0,3,0.2087,0.4689,0.3224,Medio,1,55.7
Tlalpan,Mañana (06-11),Lunes,8,1,0,3,0.2407,0.5074,0.2518,Medio,1,50.6
Tlalpan,Noche (18-23),Lunes,8,0,0,3,0.0617,0.3907,0.5477,Alto,2,74.3
Tlalpan,Noche (18-23),Lunes,8,1,0,3,0.0708,0.4338,0.4955,Alto,2,71.2
Tlalpan,Tarde (12-17),Lunes,8,0,0,3,0.0799,0.3561,0.5641,Alto,2,74.2
Tlalpan,Tarde (12-17),Lunes,8,1,0,3,0.0931,0.388,0.5189,Alto,2,71.3
Tlalpan,Madrugada (00-05),Martes,8,0,0,3,0.809,0.1727,0.0183,Bajo,0,10.5
Tlalpan,Madrugada (00-05),Martes,8,1,0,3,0.7997,0.1817,0.0186,Bajo,0,10.9
Tlalpan,Mañana (06-11),Martes,8,0,0,3,0.2817,0.4137,0.3047,Medio,1,51.1
Tlalpan,Mañana (06-11),Martes,8,1,0,3,0.2393,0.4771,0.2836,Medio,1,52.2
Tlalpan,Noche (18-23),Martes,8,0,0,3,0.0736,0.3821,0.5443,Alto,2,73.5
Tlalpan,Noche (18-23),Martes,8,1,0,3,0.0695,0.3692,0.5613,Alto,2,74.6
Tlalpan,Tarde (12-17),Martes,8,0,0,3,0.1395,0.3606,0.4999,Alto,2,68.0
Tlalpan,Tarde (12-17),Martes,8,1,0,3,0.1182,0.3804,0.5014,Alto,2,69.2
Tlalpan,Madrugada (00-05),Miércoles,8,0,0,3,0.6415,0.3348,0.0236,Bajo,0,19.1
Tlalpan,Madrugada (00-05),Miércoles,8,1,0,3,0.7918,0.1952,0.013,Bajo,0,11.1
Tlalpan,Mañana (06-11),Miércoles,8,0,0,3,0.1513,0.598,0.2508,Medio,1,55.0
Tlalpan,Mañana (06-11),Miércoles,8,1,0,3,0.2413,0.5485,0.2102,Medio,1,48.4
Tlalpan,Noche (18-23),Miércoles,8,0,0,3,0.0453,0.3721,0.5826,Alto,2,76.9
Tlalpan,Noche (18-23),Miércoles,8,1,0,3,0.094,0.4037,0.5023,Alto,2,70.4
Tlalpan,Tarde (12-17),Miércoles,8,0,0,3,0.0952,0.4416,0.4632,Alto,2,68.4
Tlalpan,Tarde (12-17),Miércoles,8,1,0,3,0.1671,0.4472,0.3857,Medio,1,60.9
Tlalpan,Madrugada (00-05),Sábado,8,0,1,3,0.1132,0.6823,0.2044,Medio,1,54.6
Tlalpan,Madrugada (00-05),Sábado,8,1,1,3,0.1273,0.5685,0.3042,Medio,1,58.8
Tlalpan,Mañana (06-11),Sábado,8,0,1,3,0.1943,0.6706,0.1351,Medio,1,47.0
Tlalpan,Mañana (06-11),Sábado,8,1,1,3,0.1965,0.6963,0.1071,Medio,1,45.5
Tlalpan,Noche (18-23),Sábado,8,0,1,3,0.018,0.4411,0.5409,Alto,2,76.1
Tlalpan,Noche (18-23),Sábado,8,1,1,3,0.015,0.2616,0.7234,Alto,2,85.4
Tlalpan,Tarde (12-17),Sábado,8,0,1,3,0.0966,0.5321,0.3713,Medio,1,63.7
Tlalpan,Tarde (12-17),Sábado,8,1,1,3,0.0602,0.4264,0.5134,Alto,2,72.7
Tlalpan,Madrugada (00-05),Viernes,8,0,0,3,0.4657,0.5025,0.0318,Medio,1,28.3
Tlalpan,Madrugada (00-05),Viernes,8,1,0,3,0.5732,0.4062,0.0206,Bajo,0,22.4
Tlalpan,Mañana (06-11),Viernes,8,0,0,3,0.1798,0.6212,0.199,Medio,1,51.0
Tlalpan,Mañana (06-11),Viernes,8,1,0,3,0.2493,0.6208,0.1299,Medio,1,44.0
Tlalpan,Noche (18-23),Viernes,8,0,0,3,0.022,0.3048,0.6732,Alto,2,82.6
Tlalpan,Noche (18-23),Viernes,8,1,0,3,0.047,0.3274,0.6256,Alto,2,78.9
Tlalpan,Tarde (12-17),Viernes,8,0,0,3,0.1283,0.4142,0.4576,Alto,2,66.5
Tlalpan,Tarde (12-17),Viernes,8,1,0,3,0.1734,0.4547,0.3719,Medio,1,59.9
Tlalpan,Madrugada (00-05),Domingo,9,0,1,3,0.0828,0.5785,0.3386,Medio,1,62.8
Tlalpan,Madrugada (00-05),Domingo,9,1,1,3,0.1101,0.5017,0.3881,Medio,1,63.9
Tlalpan,Mañana (06-11),Domingo,9,0,1,3,0.1771,0.6113,0.2116,Medio,1,51.7
Tlalpan,Mañana (06-11),Domingo,9,1,1,3,0.1892,0.6691,0.1417,Medio,1,47.6
Tlalpan,Noche (18-23),Domingo,9,0,1,3,0.0134,0.2582,0.7284,Alto,2,85.8
Tlalpan,Noche (18-23),Domingo,9,1,1,3,0.0143,0.1733,0.8124,Alto,2,89.9
Tlalpan,Tarde (12-17),Domingo,9,0,1,3,0.0301,0.4272,0.5427,Alto,2,75.6
Tlalpan,Tarde (12-17),Domingo,9,1,1,3,0.0297,0.3396,0.6307,Alto,2,80.0
Tlalpan,Madrugada (00-05),Jueves,9,0,0,3,0.581,0.3809,0.0381,Bajo,0,22.9
Tlalpan,Madrugada (00-05),Jueves,9,1,0,3,0.6479,0.3224,0.0298,Bajo,0,19.1
Tlalpan,Mañana (06-11),Jueves,9,0,0,3,0.1036,0.5129,0.3836,Medio,1,64.0
Tlalpan,Mañana (06-11),Jueves,9,1,0,3,0.1528,0.5661,0.2811,Medio,1,56.4
Tlalpan,Noche (18-23),Jueves,9,0,0,3,0.0387,0.4001,0.5612,Alto,2,76.1
Tlalpan,Noche (18-23),Jueves,9,1,0,3,0.0532,0.4266,0.5202,Alto,2,73.3
Tlalpan,Tarde (12-17),Jueves,9,0,0,3,0.0538,0.4511,0.4951,Alto,2,72.1
Tlalpan,Tarde (12-17),Jueves,9,1,0,3,0.0742,0.4184,0.5074,Alto,2,71.7
Tlalpan,Madrugada (00-05),Lunes,9,0,0,3,0.5575,0.3605,0.082,Bajo,0,26.2
Tlalpan,Madrugada (00-05),Lunes,9,1,0,3,0.5919,0.3536,0.0545,Bajo,0,23.1
Tlalpan,Mañana (06-11),Lunes,9,0,0,3,0.1201,0.2576,0.6224,Alto,2,75.1
Tlalpan,Mañana (06-11),Lunes,9,1,0,3,0.1929,0.345,0.4621,Alto,2,63.5
Tlalpan,Noche (18-23),Lunes,9,0,0,3,0.0478,0.1867,0.7655,Alto,2,85.9
Tlalpan,Noche (18-23),Lunes,9,1,0,3,0.0611,0.2526,0.6863,Alto,2,81.3
Tlalpan,Tarde (12-17),Lunes,9,0,0,3,0.0527,0.2205,0.7268,Alto,2,83.7
Tlalpan,Tarde (12-17),Lunes,9,1,0,3,0.0673,0.2628,0.6699,Alto,2,80.1
Tlalpan,Madrugada (00-05),Martes,9,0,0,3,0.7497,0.2228,0.0274,Bajo,0,13.9
Tlalpan,Madrugada (00-05),Martes,9,1,0,3,0.7377,0.2381,0.0242,Bajo,0,14.3
Tlalpan,Mañana (06-11),Martes,9,0,0,3,0.1464,0.4124,0.4411,Alto,2,64.7
Tlalpan,Mañana (06-11),Martes,9,1,0,3,0.1579,0.5166,0.3255,Medio,1,58.4
Tlalpan,Noche (18-23),Martes,9,0,0,3,0.0514,0.3451,0.6035,Alto,2,77.6
Tlalpan,Noche (18-23),Martes,9,1,0,3,0.0516,0.3572,0.5912,Alto,2,77.0
Tlalpan,Tarde (12-17),Martes,9,0,0,3,0.0909,0.3802,0.5289,Alto,2,71.9
Tlalpan,Tarde (12-17),Martes,9,1,0,3,0.0852,0.418,0.4968,Alto,2,70.6
Tlalpan,Madrugada (00-05),Miércoles,9,0,0,3,0.6319,0.334,0.034,Bajo,0,20.1
Tlalpan,Madrugada (00-05),Miércoles,9,1,0,3,0.7835,0.2004,0.0161,Bajo,0,11.6
Tlalpan,Mañana (06-11),Miércoles,9,0,0,3,0.0935,0.5201,0.3864,Medio,1,64.6
Tlalpan,Mañana (06-11),Miércoles,9,1,0,3,0.1947,0.5417,0.2636,Medio,1,53.4
Tlalpan,Noche (18-23),Miércoles,9,0,0,3,0.0433,0.2809,0.6758,Alto,2,81.6
Tlalpan,Noche (18-23),Miércoles,9,1,0,3,0.0974,0.3398,0.5628,Alto,2,73.3
Tlalpan,Tarde (12-17),Miércoles,9,0,0,3,0.0709,0.3936,0.5355,Alto,2,73.2
Tlalpan,Tarde (12-17),Miércoles,9,1,0,3,0.1341,0.4353,0.4306,Medio,1,64.8
Tlalpan,Madrugada (00-05),Sábado,9,0,1,3,0.1066,0.5394,0.354,Medio,1,62.4
Tlalpan,Madrugada (00-05),Sábado,9,1,1,3,0.1215,0.5047,0.3738,Medio,1,62.6
Tlalpan,Mañana (06-11),Sábado,9,0,1,3,0.1839,0.5405,0.2756,Medio,1,54.6
Tlalpan,Mañana (06-11),Sábado,9,1,1,3,0.1995,0.6546,0.1459,Medio,1,47.3
Tlalpan,Noche (18-23),Sábado,9,0,1,3,0.0151,0.2334,0.7514,Alto,2,86.8
Tlalpan,Noche (18-23),Sábado,9,1,1,3,0.0134,0.1766,0.81,Alto,2,89.8
Tlalpan,Tarde (12-17),Sábado,9,0,1,3,0.0842,0.4316,0.4842,Alto,2,70.0
Tlalpan,Tarde (12-17),Sábado,9,1,1,3,0.0621,0.3993,0.5386,Alto,2,73.8
Tlalpan,Madrugada (00-05),Viernes,9,0,0,3,0.4706,0.4809,0.0485,Medio,1,28.9
Tlalpan,Madrugada (00-05),Viernes,9,1,0,3,0.63,0.3463,0.0237,Bajo,0,19.7
Tlalpan,Mañana (06-11),Viernes,9,0,0,3,0.1345,0.5426,0.3229,Medio,1,59.4
Tlalpan,Mañana (06-11),Viernes,9,1,0,3,0.2736,0.567,0.1594,Medio,1,44.3
Tlalpan,Noche (18-23),Viernes,9,0,0,3,0.0228,0.2716,0.7055,Alto,2,84.1
Tlalpan,Noche (18-23),Viernes,9,1,0,3,0.0566,0.3214,0.622,Alto,2,78.3
Tlalpan,Tarde (12-17),Viernes,9,0,0,3,0.076,0.3371,0.5868,Alto,2,75.5
Tlalpan,Tarde (12-17),Viernes,9,1,0,3,0.133,0.3921,0.4749,Alto,2,67.1
Tlalpan,Madrugada (00-05),Domingo,10,0,1,4,0.0737,0.638,0.2884,Medio,1,60.7
Tlalpan,Madrugada (00-05),Domingo,10,1,1,4,0.1058,0.5624,0.3317,Medio,1,61.3
Tlalpan,Mañana (06-11),Domingo,10,0,1,4,0.2035,0.6189,0.1776,Medio,1,48.7
Tlalpan,Mañana (06-11),Domingo,10,1,1,4,0.2285,0.6538,0.1177,Medio,1,44.5
Tlalpan,Noche (18-23),Domingo,10,0,1,4,0.0134,0.328,0.6587,Alto,2,82.3
Tlalpan,Noche (18-23),Domingo,10,1,1,4,0.0161,0.2107,0.7732,Alto,2,87.9
Tlalpan,Tarde (12-17),Domingo,10,0,1,4,0.0286,0.4222,0.5492,Alto,2,76.0
Tlalpan,Tarde (12-17),Domingo,10,1,1,4,0.0271,0.3565,0.6164,Alto,2,79.5
Tlalpan,Madrugada (00-05),Jueves,10,0,0,4,0.4644,0.5046,0.0309,Medio,1,28.3
Tlalpan,Madrugada (00-05),Jueves,10,1,0,4,0.5552,0.4192,0.0256,Bajo,0,23.5
Tlalpan,Mañana (06-11),Jueves,10,0,0,4,0.0763,0.6346,0.289,Medio,1,60.6
Tlalpan,Mañana (06-11),Jueves,10,1,0,4,0.116,0.6637,0.2203,Medio,1,55.2
Tlalpan,Noche (18-23),Jueves,10,0,0,4,0.037,0.518,0.4451,Medio,1,70.4
Tlalpan,Noche (18-23),Jueves,10,1,0,4,0.056,0.5056,0.4385,Medio,1,69.1
Tlalpan,Tarde (12-17),Jueves,10,0,0,4,0.0393,0.5167,0.444,Medio,1,70.2
Tlalpan,Tarde (12-17),Jueves,10,1,0,4,0.0521,0.484,0.4638,Medio,1,70.6
Tlalpan,Madrugada (00-05),Lunes,10,0,0,4,0.3266,0.6179,0.0555,Medio,1,36.4
Tlalpan,Madrugada (00-05),Lunes,10,1,0,4,0.3431,0.6196,0.0373,Medio,1,34.7
Tlalpan,Mañana (06-11),Lunes,10,0,0,4,0.0893,0.5436,0.3671,Medio,1,63.9
Tlalpan,Mañana (06-11),Lunes,10,1,0,4,0.1283,0.634,0.2377,Medio,1,55.5
Tlalpan,Noche (18-23),Lunes,10,0,0,4,0.0308,0.3052,0.664,Alto,2,81.7
Tlalpan,Noche (18-23),Lunes,10,1,0,4,0.0372,0.4025,0.5602,Alto,2,76.2
Tlalpan,Tarde (12-17),Lunes,10,0,0,4,0.0351,0.3238,0.6412,Alto,2,80.3
Tlalpan,Tarde (12-17),Lunes,10,1,0,4,0.0397,0.3945,0.5658,Alto,2,76.3
Tlalpan,Madrugada (00-05),Martes,10,0,0,4,0.7052,0.2654,0.0294,Bajo,0,16.2
Tlalpan,Madrugada (00-05),Martes,10,1,0,4,0.7054,0.2676,0.027,Bajo,0,16.1
Tlalpan,Mañana (06-11),Martes,10,0,0,4,0.1133,0.4575,0.4292,Medio,1,65.8
Tlalpan,Mañana (06-11),Martes,10,1,0,4,0.1311,0.5419,0.327,Medio,1,59.8
Tlalpan,Noche (18-23),Martes,10,0,0,4,0.0499,0.3969,0.5533,Alto,2,75.2
Tlalpan,Noche (18-23),Martes,10,1,0,4,0.0514,0.3719,0.5767,Alto,2,76.3
Tlalpan,Tarde (12-17),Martes,10,0,0,4,0.0709,0.3182,0.6109,Alto,2,77.0
Tlalpan,Tarde (12-17),Martes,10,1,0,4,0.0662,0.3477,0.586,Alto,2,76.0
Tlalpan,Madrugada (00-05),Miércoles,10,0,0,4,0.4417,0.5264,0.0319,Medio,1,29.5
Tlalpan,Madrugada (00-05),Miércoles,10,1,0,4,0.6949,0.2906,0.0146,Bajo,0,16.0
Tlalpan,Mañana (06-11),Miércoles,10,0,0,4,0.064,0.7029,0.2331,Medio,1,58.5
Tlalpan,Mañana (06-11),Miércoles,10,1,0,4,0.1354,0.6873,0.1773,Medio,1,52.1
Tlalpan,Noche (18-23),Miércoles,10,0,0,4,0.0312,0.3991,0.5697,Alto,2,76.9
Tlalpan,Noche (18-23),Miércoles,10,1,0,4,0.0887,0.4086,0.5027,Alto,2,70.7
Tlalpan,Tarde (12-17),Miércoles,10,0,0,4,0.0415,0.4379,0.5205,Alto,2,73.9
Tlalpan,Tarde (12-17),Miércoles,10,1,0,4,0.0904,0.5178,0.3918,Medio,1,65.1
Tlalpan,Madrugada (00-05),Sábado,10,0,1,4,0.0847,0.7058,0.2096,Medio,1,56.2
Tlalpan,Madrugada (00-05),Sábado,10,1,1,4,0.1125,0.6362,0.2513,Medio,1,56.9
Tlalpan,Mañana (06-11),Sábado,10,0,1,4,0.2129,0.6105,0.1765,Medio,1,48.2
Tlalpan,Mañana (06-11),Sábado,10,1,1,4,0.239,0.6652,0.0957,Medio,1,42.8
Tlalpan,Noche (18-23),Sábado,10,0,1,4,0.0152,0.3882,0.5965,Alto,2,79.1
Tlalpan,Noche (18-23),Sábado,10,1,1,4,0.0163,0.2484,0.7353,Alto,2,85.9
Tlalpan,Tarde (12-17),Sábado,10,0,1,4,0.0575,0.502,0.4406,Medio,1,69.2
Tlalpan,Tarde (12-17),Sábado,10,1,1,4,0.0448,0.4526,0.5026,Alto,2,72.9
Tlalpan,Madrugada (00-05),Viernes,10,0,0,4,0.5566,0.3824,0.061,Bajo,0,25.2
Tlalpan,Madrugada (00-05),Viernes,10,1,0,4,0.7141,0.2553,0.0305,Bajo,0,15.8
Tlalpan,Mañana (06-11),Viernes,10,0,0,4,0.1404,0.5008,0.3588,Medio,1,60.9
Tlalpan,Mañana (06-11),Viernes,10,1,0,4,0.2921,0.5128,0.1951,Medio,1,45.1
Tlalpan,Noche (18-23),Viernes,10,0,0,4,0.0136,0.1303,0.8562,Alto,2,92.1
Tlalpan,Noche (18-23),Viernes,10,1,0,4,0.034,0.144,0.822,Alto,2,89.4
Tlalpan,Tarde (12-17),Viernes,10,0,0,4,0.0569,0.2831,0.66,Alto,2,80.2
Tlalpan,Tarde (12-17),Viernes,10,1,0,4,0.1087,0.3468,0.5446,Alto,2,71.8
Tlalpan,Madrugada (00-05),Domingo,11,0,1,4,0.1126,0.6764,0.211,Medio,1,54.9
Tlalpan,Madrugada (00-05),Domingo,11,1,1,4,0.1879,0.5465,0.2656,Medio,1,53.9
Tlalpan,Mañana (06-11),Domingo,11,0,1,4,0.1639,0.6729,0.1631,Medio,1,50.0
Tlalpan,Mañana (06-11),Domingo,11,1,1,4,0.226,0.6519,0.1221,Medio,1,44.8
Tlalpan,Noche (18-23),Domingo,11,0,1,4,0.0181,0.4099,0.5719,Alto,2,77.7
Tlalpan,Noche (18-23),Domingo,11,1,1,4,0.0229,0.2294,0.7476,Alto,2,86.2
Tlalpan,Tarde (12-17),Domingo,11,0,1,4,0.0451,0.4637,0.4912,Alto,2,72.3
Tlalpan,Tarde (12-17),Domingo,11,1,1,4,0.0433,0.3914,0.5652,Alto,2,76.1
Tlalpan,Madrugada (00-05),Jueves,11,0,0,4,0.5202,0.4568,0.023,Bajo,0,25.1
Tlalpan,Madrugada (00-05),Jueves,11,1,0,4,0.6435,0.3368,0.0197,Bajo,0,18.8
Tlalpan,Mañana (06-11),Jueves,11,0,0,4,0.0922,0.6645,0.2433,Medio,1,57.6
Tlalpan,Mañana (06-11),Jueves,11,1,0,4,0.1558,0.6303,0.2139,Medio,1,52.9
Tlalpan,Noche (18-23),Jueves,11,0,0,4,0.0365,0.5805,0.383,Medio,1,67.3
Tlalpan,Noche (18-23),Jueves,11,1,0,4,0.0583,0.5029,0.4388,Medio,1,69.0
Tlalpan,Tarde (12-17),Jueves,11,0,0,4,0.0533,0.583,0.3636,Medio,1,65.5
Tlalpan,Tarde (12-17),Jueves,11,1,0,4,0.0673,0.5435,0.3892,Medio,1,66.1
Tlalpan,Madrugada (00-05),Lunes,11,0,0,4,0.4438,0.5204,0.0358,Medio,1,29.6
Tlalpan,Madrugada (00-05),Lunes,11,1,0,4,0.4454,0.5293,0.0253,Medio,1,29.0
Tlalpan,Mañana (06-11),Lunes,11,0,0,4,0.097,0.5957,0.3073,Medio,1,60.5
Tlalpan,Mañana (06-11),Lunes,11,1,0,4,0.1293,0.6819,0.1888,Medio,1,53.0
Tlalpan,Noche (18-23),Lunes,11,0,0,4,0.0427,0.3341,0.6232,Alto,2,79.0
Tlalpan,Noche (18-23),Lunes,11,1,0,4,0.048,0.3767,0.5753,Alto,2,76.4
Tlalpan,Tarde (12-17),Lunes,11,0,0,4,0.0664,0.4122,0.5214,Alto,2,72.7
Tlalpan,Tarde (12-17),Lunes,11,1,0,4,0.0581,0.5214,0.4205,Medio,1,68.1
Tlalpan,Madrugada (00-05),Martes,11,0,0,4,0.7017,0.266,0.0323,Bajo,0,16.5
Tlalpan,Madrugada (00-05),Martes,11,1,0,4,0.8125,0.1682,0.0193,Bajo,0,10.3
Tlalpan,Mañana (06-11),Martes,11,0,0,4,0.0834,0.4355,0.4811,Alto,2,69.9
Tlalpan,Mañana (06-11),Martes,11,1,0,4,0.1678,0.4657,0.3665,Medio,1,59.9
Tlalpan,Noche (18-23),Martes,11,0,0,4,0.0409,0.4168,0.5423,Alto,2,75.1
Tlalpan,Noche (18-23),Martes,11,1,0,4,0.0669,0.3334,0.5997,Alto,2,76.6
Tlalpan,Tarde (12-17),Martes,11,0,0,4,0.0694,0.2651,0.6655,Alto,2,79.8
Tlalpan,Tarde (12-17),Martes,11,1,0,4,0.0977,0.295,0.6072,Alto,2,75.5
Tlalpan,Madrugada (00-05),Miércoles,11,0,0,4,0.5116,0.4655,0.0229,Bajo,0,25.6
Tlalpan,Madrugada (00-05),Miércoles,11,1,0,4,0.7741,0.2155,0.0104,Bajo,0,11.8
Tlalpan,Mañana (06-11),Miércoles,11,0,0,4,0.0651,0.7422,0.1927,Medio,1,56.4
Tlalpan,Mañana (06-11),Miércoles,11,1,0,4,0.1556,0.664,0.1804,Medio,1,51.2
Tlalpan,Noche (18-23),Miércoles,11,0,0,4,0.0391,0.4313,0.5297,Alto,2,74.5
Tlalpan,Noche (18-23),Miércoles,11,1,0,4,0.1089,0.3846,0.5065,Alto,2,69.9
Tlalpan,Tarde (12-17),Miércoles,11,0,0,4,0.0666,0.5027,0.4307,Medio,1,68.2
Tlalpan,Tarde (12-17),Miércoles,11,1,0,4,0.1283,0.5536,0.3181,Medio,1,59.5
Tlalpan,Madrugada (00-05),Sábado,11,0,1,4,0.1056,0.7483,0.1461,Medio,1,52.0
Tlalpan,Madrugada (00-05),Sábado,11,1,1,4,0.1626,0.6318,0.2057,Medio,1,52.2
Tlalpan,Mañana (06-11),Sábado,11,0,1,4,0.1589,0.6966,0.1444,Medio,1,49.3
Tlalpan,Mañana (06-11),Sábado,11,1,1,4,0.2037,0.7064,0.0899,Medio,1,44.3
Tlalpan,Noche (18-23),Sábado,11,0,1,4,0.0201,0.4971,0.4828,Medio,1,73.1
Tlalpan,Noche (18-23),Sábado,11,1,1,4,0.0244,0.2519,0.7237,Alto,2,85.0
Tlalpan,Tarde (12-17),Sábado,11,0,1,4,0.0885,0.6457,0.2658,Medio,1,58.9
Tlalpan,Tarde (12-17),Sábado,11,1,1,4,0.0689,0.5907,0.3404,Medio,1,63.6
Tlalpan,Madrugada (00-05),Viernes,11,0,0,4,0.6415,0.3117,0.0468,Bajo,0,20.3
Tlalpan,Madrugada (00-05),Viernes,11,1,0,4,0.8193,0.1603,0.0204,Bajo,0,10.1
Tlalpan,Mañana (06-11),Viernes,11,0,0,4,0.1291,0.5141,0.3568,Medio,1,61.4
Tlalpan,Mañana (06-11),Viernes,11,1,0,4,0.3246,0.4645,0.2109,Medio,1,44.3
Tlalpan,Noche (18-23),Viernes,11,0,0,4,0.0219,0.1801,0.798,Alto,2,88.8
Tlalpan,Noche (18-23),Viernes,11,1,0,4,0.0621,0.1669,0.771,Alto,2,85.4
Tlalpan,Tarde (12-17),Viernes,11,0,0,4,0.0904,0.2944,0.6152,Alto,2,76.2
Tlalpan,Tarde (12-17),Viernes,11,1,0,4,0.1785,0.3469,0.4746,Alto,2,64.8
Tlalpan,Madrugada (00-05),Domingo,12,0,1,4,0.0384,0.7709,0.1908,Medio,1,57.6
Tlalpan,Madrugada (00-05),Domingo,12,1,1,4,0.1458,0.57,0.2842,Medio,1,56.9
Tlalpan,Mañana (06-11),Domingo,12,0,1,4,0.1075,0.7046,0.1879,Medio,1,54.0
Tlalpan,Mañana (06-11),Domingo,12,1,1,4,0.266,0.5919,0.1421,Medio,1,43.8
Tlalpan,Noche (18-23),Domingo,12,0,1,4,0.0075,0.4861,0.5064,Alto,2,74.9
Tlalpan,Noche (18-23),Domingo,12,1,1,4,0.0217,0.1791,0.7991,Alto,2,88.9
Tlalpan,Tarde (12-17),Domingo,12,0,1,4,0.0128,0.4218,0.5654,Alto,2,77.6
Tlalpan,Tarde (12-17),Domingo,12,1,1,4,0.0263,0.318,0.6557,Alto,2,81.5
Tlalpan,Madrugada (00-05),Jueves,12,0,0,4,0.2581,0.7045,0.0374,Medio,1,39.0
Tlalpan,Madrugada (00-05),Jueves,12,1,0,4,0.5594,0.4104,0.0302,Bajo,0,23.5
Tlalpan,Mañana (06-11),Jueves,12,0,0,4,0.0702,0.6,0.3298,Medio,1,63.0
Tlalpan,Mañana (06-11),Jueves,12,1,0,4,0.1818,0.5974,0.2208,Medio,1,51.9
Tlalpan,Noche (18-23),Jueves,12,0,0,4,0.0177,0.6067,0.3756,Medio,1,67.9
Tlalpan,Noche (18-23),Jueves,12,1,0,4,0.0643,0.3921,0.5436,Alto,2,74.0
Tlalpan,Tarde (12-17),Jueves,12,0,0,4,0.0206,0.5043,0.4751,Medio,1,72.7
Tlalpan,Tarde (12-17),Jueves,12,1,0,4,0.0571,0.4369,0.506,Alto,2,72.4
Tlalpan,Madrugada (00-05),Lunes,12,0,0,4,0.1386,0.8262,0.0352,Medio,1,44.8
Tlalpan,Madrugada (00-05),Lunes,12,1,0,4,0.317,0.6545,0.0285,Medio,1,35.6
Tlalpan,Mañana (06-11),Lunes,12,0,0,4,0.0508,0.6646,0.2845,Medio,1,61.7
Tlalpan,Mañana (06-11),Lunes,12,1,0,4,0.1341,0.6822,0.1837,Medio,1,52.5
Tlalpan,Noche (18-23),Lunes,12,0,0,4,0.0264,0.4551,0.5185,Alto,2,74.6
Tlalpan,Noche (18-23),Lunes,12,1,0,4,0.0524,0.3741,0.5735,Alto,2,76.1
Tlalpan,Tarde (12-17),Lunes,12,0,0,4,0.0168,0.4814,0.5019,Alto,2,74.3
Tlalpan,Tarde (12-17),Lunes,12,1,0,4,0.0372,0.5136,0.4492,Medio,1,70.6
Tlalpan,Madrugada (00-05),Martes,12,0,0,4,0.2528,0.7127,0.0346,Medio,1,39.1
Tlalpan,Madrugada (00-05),Martes,12,1,0,4,0.7158,0.2657,0.0185,Bajo,0,15.1
Tlalpan,Mañana (06-11),Martes,12,0,0,4,0.0451,0.6335,0.3215,Medio,1,63.8
Tlalpan,Mañana (06-11),Martes,12,1,0,4,0.2123,0.5949,0.1928,Medio,1,49.0
Tlalpan,Noche (18-23),Martes,12,0,0,4,0.0145,0.6648,0.3207,Medio,1,65.3
Tlalpan,Noche (18-23),Martes,12,1,0,4,0.0981,0.3736,0.5283,Alto,2,71.5
Tlalpan,Tarde (12-17),Martes,12,0,0,4,0.0186,0.4486,0.5328,Alto,2,75.7
Tlalpan,Tarde (12-17),Martes,12,1,0,4,0.0852,0.3922,0.5225,Alto,2,71.9
Tlalpan,Madrugada (00-05),Miércoles,12,0,0,4,0.3267,0.6428,0.0305,Medio,1,35.2
Tlalpan,Madrugada (00-05),Miércoles,12,1,0,4,0.7725,0.2139,0.0137,Bajo,0,12.1
Tlalpan,Mañana (06-11),Miércoles,12,0,0,4,0.0452,0.7378,0.2171,Medio,1,58.6
Tlalpan,Mañana (06-11),Miércoles,12,1,0,4,0.2025,0.631,0.1665,Medio,1,48.2
Tlalpan,Noche (18-23),Miércoles,12,0,0,4,0.0275,0.5003,0.4722,Medio,1,72.2
Tlalpan,Noche (18-23),Miércoles,12,1,0,4,0.1546,0.282,0.5635,Alto,2,70.4
Tlalpan,Tarde (12-17),Miércoles,12,0,0,4,0.0332,0.4551,0.5118,Alto,2,73.9
Tlalpan,Tarde (12-17),Miércoles,12,1,0,4,0.1286,0.4509,0.4205,Medio,1,64.6
Tlalpan,Madrugada (00-05),Sábado,12,0,1,4,0.0258,0.8455,0.1288,Medio,1,55.1
Tlalpan,Madrugada (00-05),Sábado,12,1,1,4,0.1055,0.6486,0.2459,Medio,1,57.0
Tlalpan,Mañana (06-11),Sábado,12,0,1,4,0.1037,0.7437,0.1526,Medio,1,52.4
Tlalpan,Mañana (06-11),Sábado,12,1,1,4,0.2434,0.6559,0.1007,Medio,1,42.9
Tlalpan,Noche (18-23),Sábado,12,0,1,4,0.0067,0.6237,0.3696,Medio,1,68.1
Tlalpan,Noche (18-23),Sábado,12,1,1,4,0.022,0.2058,0.7722,Alto,2,87.5
Tlalpan,Tarde (12-17),Sábado,12,0,1,4,0.0192,0.7103,0.2705,Medio,1,62.6
Tlalpan,Tarde (12-17),Sábado,12,1,1,4,0.0383,0.5788,0.3828,Medio,1,67.2
Tlalpan,Madrugada (00-05),Viernes,12,0,0,4,0.2551,0.6806,0.0642,Medio,1,40.5
Tlalpan,Madrugada (00-05),Viernes,12,1,0,4,0.6581,0.3095,0.0324,Bajo,0,18.7
Tlalpan,Mañana (06-11),Viernes,12,0,0,4,0.0788,0.583,0.3382,Medio,1,63.0
Tlalpan,Mañana (06-11),Viernes,12,1,0,4,0.3055,0.5156,0.1789,Medio,1,43.7
Tlalpan,Noche (18-23),Viernes,12,0,0,4,0.0112,0.3313,0.6575,Alto,2,82.3
Tlalpan,Noche (18-23),Viernes,12,1,0,4,0.0742,0.2146,0.7112,Alto,2,81.8
Tlalpan,Tarde (12-17),Viernes,12,0,0,4,0.0243,0.477,0.4987,Alto,2,73.7
Tlalpan,Tarde (12-17),Viernes,12,1,0,4,0.1004,0.4892,0.4105,Medio,1,65.5
Tláhuac,Madrugada (00-05),Domingo,1,0,1,1,0.5183,0.4559,0.0258,Bajo,0,25.4
Tláhuac,Madrugada (00-05),Domingo,1,1,1,1,0.465,0.507,0.028,Medio,1,28.2
Tláhuac,Mañana (06-11),Domingo,1,0,1,1,0.5388,0.4457,0.0156,Bajo,0,23.8
Tláhuac,Mañana (06-11),Domingo,1,1,1,1,0.4754,0.5077,0.0169,Medio,1,27.1
Tláhuac,Noche (18-23),Domingo,1,0,1,1,0.2282,0.6797,0.092,Medio,1,43.2
Tláhuac,Noche (18-23),Domingo,1,1,1,1,0.2434,0.6512,0.1055,Medio,1,43.1
Tláhuac,Tarde (12-17),Domingo,1,0,1,1,0.2224,0.6789,0.0987,Medio,1,43.8
Tláhuac,Tarde (12-17),Domingo,1,1,1,1,0.2111,0.6881,0.1008,Medio,1,44.5
Tláhuac,Madrugada (00-05),Jueves,1,0,0,1,0.9215,0.077,0.0015,Bajo,0,4.0
Tláhuac,Madrugada (00-05),Jueves,1,1,0,1,0.8822,0.1163,0.0015,Bajo,0,6.0
Tláhuac,Mañana (06-11),Jueves,1,0,0,1,0.5892,0.3668,0.044,Bajo,0,22.7
Tláhuac,Mañana (06-11),Jueves,1,1,0,1,0.4635,0.4938,0.0427,Medio,1,29.0
Tláhuac,Noche (18-23),Jueves,1,0,0,1,0.389,0.5488,0.0622,Medio,1,33.7
Tláhuac,Noche (18-23),Jueves,1,1,0,1,0.3274,0.6278,0.0447,Medio,1,35.9
Tláhuac,Tarde (12-17),Jueves,1,0,0,1,0.3435,0.6019,0.0546,Medio,1,35.6
Tláhuac,Tarde (12-17),Jueves,1,1,0,1,0.2824,0.675,0.0426,Medio,1,38.0
Tláhuac,Madrugada (00-05),Lunes,1,0,0,1,0.8925,0.1048,0.0027,Bajo,0,5.5
Tláhuac,Madrugada (00-05),Lunes,1,1,0,1,0.8691,0.128,0.0029,Bajo,0,6.7
Tláhuac,Mañana (06-11),Lunes,1,0,0,1,0.6226,0.3227,0.0547,Bajo,0,21.6
Tláhuac,Mañana (06-11),Lunes,1,1,0,1,0.5388,0.4045,0.0567,Bajo,0,25.9
Tláhuac,Noche (18-23),Lunes,1,0,0,1,0.3836,0.5532,0.0632,Medio,1,34.0
Tláhuac,Noche (18-23),Lunes,1,1,0,1,0.3329,0.615,0.0521,Medio,1,36.0
Tláhuac,Tarde (12-17),Lunes,1,0,0,1,0.4042,0.4783,0.1175,Medio,1,35.7
Tláhuac,Tarde (12-17),Lunes,1,1,0,1,0.3449,0.5361,0.119,Medio,1,38.7
Tláhuac,Madrugada (00-05),Martes,1,0,0,1,0.9239,0.0754,0.0006,Bajo,0,3.8
Tláhuac,Madrugada (00-05),Martes,1,1,0,1,0.9189,0.0804,0.0007,Bajo,0,4.1
Tláhuac,Mañana (06-11),Martes,1,0,0,1,0.542,0.4175,0.0405,Bajo,0,24.9
Tláhuac,Mañana (06-11),Martes,1,1,0,1,0.4752,0.4735,0.0513,Bajo,0,28.8
Tláhuac,Noche (18-23),Martes,1,0,0,1,0.2995,0.6727,0.0278,Medio,1,36.4
Tláhuac,Noche (18-23),Martes,1,1,0,1,0.3622,0.6073,0.0305,Medio,1,33.4
Tláhuac,Tarde (12-17),Martes,1,0,0,1,0.3285,0.6427,0.0288,Medio,1,35.0
Tláhuac,Tarde (12-17),Martes,1,1,0,1,0.3024,0.6708,0.0269,Medio,1,36.2
Tláhuac,Madrugada (00-05),Miércoles,1,0,0,1,0.9058,0.0927,0.0014,Bajo,0,4.8
Tláhuac,Madrugada (00-05),Miércoles,1,1,0,1,0.8715,0.1272,0.0014,Bajo,0,6.5
Tláhuac,Mañana (06-11),Miércoles,1,0,0,1,0.4337,0.5087,0.0577,Medio,1,31.2
Tláhuac,Mañana (06-11),Miércoles,1,1,0,1,0.3234,0.6235,0.0531,Medio,1,36.5
Tláhuac,Noche (18-23),Miércoles,1,0,0,1,0.2304,0.7026,0.067,Medio,1,41.8
Tláhuac,Noche (18-23),Miércoles,1,1,0,1,0.2434,0.7165,0.04,Medio,1,39.8
Tláhuac,Tarde (12-17),Miércoles,1,0,0,1,0.3286,0.5835,0.0879,Medio,1,38.0
Tláhuac,Tarde (12-17),Miércoles,1,1,0,1,0.2802,0.6565,0.0632,Medio,1,39.2
Tláhuac,Madrugada (00-05),Sábado,1,0,1,1,0.6314,0.3518,0.0168,Bajo,0,19.3
Tláhuac,Madrugada (00-05),Sábado,1,1,1,1,0.5637,0.4173,0.019,Bajo,0,22.8
Tláhuac,Mañana (06-11),Sábado,1,0,1,1,0.5215,0.4577,0.0208,Bajo,0,25.0
Tláhuac,Mañana (06-11),Sábado,1,1,1,1,0.4088,0.5711,0.02,Medio,1,30.6
Tláhuac,Noche (18-23),Sábado,1,0,1,1,0.2589,0.5937,0.1474,Medio,1,44.4
Tláhuac,Noche (18-23),Sábado,1,1,1,1,0.2473,0.5735,0.1791,Medio,1,46.6
Tláhuac,Tarde (12-17),Sábado,1,0,1,1,0.1932,0.7632,0.0436,Medio,1,42.5
Tláhuac,Tarde (12-17),Sábado,1,1,1,1,0.2143,0.7363,0.0494,Medio,1,41.8
Tláhuac,Madrugada (00-05),Viernes,1,0,0,1,0.8131,0.1849,0.002,Bajo,0,9.4
Tláhuac,Madrugada (00-05),Viernes,1,1,0,1,0.7674,0.2304,0.0022,Bajo,0,11.7
Tláhuac,Mañana (06-11),Viernes,1,0,0,1,0.5529,0.4167,0.0304,Bajo,0,23.9
Tláhuac,Mañana (06-11),Viernes,1,1,0,1,0.4387,0.53,0.0313,Medio,1,29.6
Tláhuac,Noche (18-23),Viernes,1,0,0,1,0.2061,0.7283,0.0657,Medio,1,43.0
Tláhuac,Noche (18-23),Viernes,1,1,0,1,0.186,0.7549,0.0591,Medio,1,43.7
Tláhuac,Tarde (12-17),Viernes,1,0,0,1,0.2279,0.7167,0.0554,Medio,1,41.4
Tláhuac,Tarde (12-17),Viernes,1,1,0,1,0.2076,0.7467,0.0457,Medio,1,41.9
Tláhuac,Madrugada (00-05),Domingo,2,0,1,1,0.533,0.4184,0.0486,Bajo,0,25.8
Tláhuac,Madrugada (00-05),Domingo,2,1,1,1,0.5069,0.4476,0.0455,Bajo,0,26.9
Tláhuac,Mañana (06-11),Domingo,2,0,1,1,0.5864,0.3847,0.0289,Bajo,0,22.1
Tláhuac,Mañana (06-11),Domingo,2,1,1,1,0.5407,0.4302,0.0291,Bajo,0,24.4
Tláhuac,Noche (18-23),Domingo,2,0,1,1,0.2861,0.5565,0.1574,Medio,1,43.6
Tláhuac,Noche (18-23),Domingo,2,1,1,1,0.2736,0.5703,0.1561,Medio,1,44.1
Tláhuac,Tarde (12-17),Domingo,2,0,1,1,0.2444,0.6125,0.1431,Medio,1,44.9
Tláhuac,Tarde (12-17),Domingo,2,1,1,1,0.2311,0.6369,0.1319,Medio,1,45.0
Tláhuac,Madrugada (00-05),Jueves,2,0,0,1,0.9242,0.073,0.0027,Bajo,0,3.9
Tláhuac,Madrugada (00-05),Jueves,2,1,0,1,0.9001,0.0973,0.0026,Bajo,0,5.1
Tláhuac,Mañana (06-11),Jueves,2,0,0,1,0.6222,0.2992,0.0785,Bajo,0,22.8
Tláhuac,Mañana (06-11),Jueves,2,1,0,1,0.54,0.3801,0.0798,Bajo,0,27.0
Tláhuac,Noche (18-23),Jueves,2,0,0,1,0.4071,0.4968,0.0961,Medio,1,34.4
Tláhuac,Noche (18-23),Jueves,2,1,0,1,0.3486,0.575,0.0764,Medio,1,36.4
Tláhuac,Tarde (12-17),Jueves,2,0,0,1,0.3728,0.525,0.1022,Medio,1,36.5
Tláhuac,Tarde (12-17),Jueves,2,1,0,1,0.3335,0.582,0.0845,Medio,1,37.5
Tláhuac,Madrugada (00-05),Lunes,2,0,0,1,0.9005,0.0956,0.0039,Bajo,0,5.2
Tláhuac,Madrugada (00-05),Lunes,2,1,0,1,0.8816,0.1142,0.0042,Bajo,0,6.1
Tláhuac,Mañana (06-11),Lunes,2,0,0,1,0.6686,0.2574,0.0739,Bajo,0,20.3
Tláhuac,Mañana (06-11),Lunes,2,1,0,1,0.587,0.3301,0.0829,Bajo,0,24.8
Tláhuac,Noche (18-23),Lunes,2,0,0,1,0.4183,0.491,0.0907,Medio,1,33.6
Tláhuac,Noche (18-23),Lunes,2,1,0,1,0.4031,0.5204,0.0765,Medio,1,33.7
Tláhuac,Tarde (12-17),Lunes,2,0,0,1,0.401,0.4548,0.1442,Medio,1,37.2
Tláhuac,Tarde (12-17),Lunes,2,1,0,1,0.3499,0.5007,0.1495,Medio,1,40.0
Tláhuac,Madrugada (00-05),Martes,2,0,0,1,0.9168,0.082,0.0013,Bajo,0,4.2
Tláhuac,Madrugada (00-05),Martes,2,1,0,1,0.9168,0.0817,0.0014,Bajo,0,4.2
Tláhuac,Mañana (06-11),Martes,2,0,0,1,0.5298,0.3879,0.0824,Bajo,0,27.6
Tláhuac,Mañana (06-11),Martes,2,1,0,1,0.4774,0.4193,0.1033,Bajo,0,31.3
Tláhuac,Noche (18-23),Martes,2,0,0,1,0.3669,0.5926,0.0405,Medio,1,33.7
Tláhuac,Noche (18-23),Martes,2,1,0,1,0.3889,0.5607,0.0504,Medio,1,33.1
Tláhuac,Tarde (12-17),Martes,2,0,0,1,0.2734,0.6827,0.0439,Medio,1,38.5
Tláhuac,Tarde (12-17),Martes,2,1,0,1,0.247,0.7091,0.0439,Medio,1,39.8
Tláhuac,Madrugada (00-05),Miércoles,2,0,0,1,0.9015,0.096,0.0025,Bajo,0,5.1
Tláhuac,Madrugada (00-05),Miércoles,2,1,0,1,0.8944,0.1032,0.0024,Bajo,0,5.4
Tláhuac,Mañana (06-11),Miércoles,2,0,0,1,0.4888,0.409,0.1023,Bajo,0,30.7
Tláhuac,Mañana (06-11),Miércoles,2,1,0,1,0.4409,0.4592,0.0999,Medio,1,33.0
Tláhuac,Noche (18-23),Miércoles,2,0,0,1,0.3268,0.5856,0.0877,Medio,1,38.0
Tláhuac,Noche (18-23),Miércoles,2,1,0,1,0.301,0.6238,0.0752,Medio,1,38.7
Tláhuac,Tarde (12-17),Miércoles,2,0,0,1,0.3298,0.5554,0.1148,Medio,1,39.2
Tláhuac,Tarde (12-17),Miércoles,2,1,0,1,0.319,0.5843,0.0967,Medio,1,38.9
Tláhuac,Madrugada (00-05),Sábado,2,0,1,1,0.6521,0.3236,0.0243,Bajo,0,18.6
Tláhuac,Madrugada (00-05),Sábado,2,1,1,1,0.6263,0.351,0.0226,Bajo,0,19.8
Tláhuac,Mañana (06-11),Sábado,2,0,1,1,0.5822,0.3859,0.0319,Bajo,0,22.5
Tláhuac,Mañana (06-11),Sábado,2,1,1,1,0.5101,0.4615,0.0285,Bajo,0,25.9
Tláhuac,Noche (18-23),Sábado,2,0,1,1,0.3034,0.4992,0.1974,Medio,1,44.7
Tláhuac,Noche (18-23),Sábado,2,1,1,1,0.3106,0.4916,0.1978,Medio,1,44.4
Tláhuac,Tarde (12-17),Sábado,2,0,1,1,0.2264,0.7211,0.0525,Medio,1,41.3
Tláhuac,Tarde (12-17),Sábado,2,1,1,1,0.261,0.6851,0.0539,Medio,1,39.6
Tláhuac,Madrugada (00-05),Viernes,2,0,0,1,0.8846,0.1119,0.0035,Bajo,0,5.9
Tláhuac,Madrugada (00-05),Viernes,2,1,0,1,0.8527,0.1433,0.004,Bajo,0,7.6
Tláhuac,Mañana (06-11),Viernes,2,0,0,1,0.6668,0.2814,0.0519,Bajo,0,19.3
Tláhuac,Mañana (06-11),Viernes,2,1,0,1,0.5606,0.3804,0.059,Bajo,0,24.9
Tláhuac,Noche (18-23),Viernes,2,0,0,1,0.2999,0.5813,0.1187,Medio,1,40.9
Tláhuac,Noche (18-23),Viernes,2,1,0,1,0.2379,0.6434,0.1187,Medio,1,44.0
Tláhuac,Tarde (12-17),Viernes,2,0,0,1,0.2931,0.5969,0.11,Medio,1,40.8
Tláhuac,Tarde (12-17),Viernes,2,1,0,1,0.2644,0.637,0.0986,Medio,1,41.7
Tláhuac,Madrugada (00-05),Domingo,3,0,1,1,0.5666,0.3928,0.0406,Bajo,0,23.7
Tláhuac,Madrugada (00-05),Domingo,3,1,1,1,0.537,0.4275,0.0354,Bajo,0,24.9
Tláhuac,Mañana (06-11),Domingo,3,0,1,1,0.5925,0.3856,0.022,Bajo,0,21.5
Tláhuac,Mañana (06-11),Domingo,3,1,1,1,0.5447,0.435,0.0204,Bajo,0,23.8
Tláhuac,Noche (18-23),Domingo,3,0,1,1,0.3106,0.5176,0.1718,Medio,1,43.1
Tláhuac,Noche (18-23),Domingo,3,1,1,1,0.2956,0.5444,0.16,Medio,1,43.2
Tláhuac,Tarde (12-17),Domingo,3,0,1,1,0.3141,0.5564,0.1295,Medio,1,40.8
Tláhuac,Tarde (12-17),Domingo,3,1,1,1,0.3061,0.5833,0.1105,Medio,1,40.2
Tláhuac,Madrugada (00-05),Jueves,3,0,0,1,0.9268,0.0708,0.0024,Bajo,0,3.8
Tláhuac,Madrugada (00-05),Jueves,3,1,0,1,0.8994,0.0984,0.0021,Bajo,0,5.1
Tláhuac,Mañana (06-11),Jueves,3,0,0,1,0.6381,0.3092,0.0527,Bajo,0,20.7
Tláhuac,Mañana (06-11),Jueves,3,1,0,1,0.5493,0.4009,0.0498,Bajo,0,25.0
Tláhuac,Noche (18-23),Jueves,3,0,0,1,0.426,0.4796,0.0944,Medio,1,33.4
Tláhuac,Noche (18-23),Jueves,3,1,0,1,0.3616,0.569,0.0694,Medio,1,35.4
Tláhuac,Tarde (12-17),Jueves,3,0,0,1,0.4231,0.4809,0.0959,Medio,1,33.6
Tláhuac,Tarde (12-17),Jueves,3,1,0,1,0.3773,0.5493,0.0734,Medio,1,34.8
Tláhuac,Madrugada (00-05),Lunes,3,0,0,1,0.8867,0.1101,0.0032,Bajo,0,5.8
Tláhuac,Madrugada (00-05),Lunes,3,1,0,1,0.8623,0.1346,0.0031,Bajo,0,7.0
Tláhuac,Mañana (06-11),Lunes,3,0,0,1,0.6314,0.3234,0.0452,Bajo,0,20.7
Tláhuac,Mañana (06-11),Lunes,3,1,0,1,0.5414,0.4135,0.0451,Bajo,0,25.2
Tláhuac,Noche (18-23),Lunes,3,0,0,1,0.4174,0.5119,0.0707,Medio,1,32.7
Tláhuac,Noche (18-23),Lunes,3,1,0,1,0.42,0.5232,0.0568,Medio,1,31.8
Tláhuac,Tarde (12-17),Lunes,3,0,0,1,0.3487,0.5283,0.123,Medio,1,38.7
Tláhuac,Tarde (12-17),Lunes,3,1,0,1,0.3165,0.5622,0.1212,Medio,1,40.2
Tláhuac,Madrugada (00-05),Martes,3,0,0,1,0.9232,0.0759,0.0009,Bajo,0,3.9
Tláhuac,Madrugada (00-05),Martes,3,1,0,1,0.9123,0.0867,0.001,Bajo,0,4.4
Tláhuac,Mañana (06-11),Martes,3,0,0,1,0.5428,0.408,0.0492,Bajo,0,25.3
Tláhuac,Mañana (06-11),Martes,3,1,0,1,0.4621,0.479,0.0589,Medio,1,29.8
Tláhuac,Noche (18-23),Martes,3,0,0,1,0.4058,0.5607,0.0336,Medio,1,31.4
Tláhuac,Noche (18-23),Martes,3,1,0,1,0.3779,0.586,0.0361,Medio,1,32.9
Tláhuac,Tarde (12-17),Martes,3,0,0,1,0.3253,0.6379,0.0368,Medio,1,35.6
Tláhuac,Tarde (12-17),Martes,3,1,0,1,0.2727,0.6941,0.0332,Medio,1,38.0
Tláhuac,Madrugada (00-05),Miércoles,3,0,0,1,0.9248,0.0741,0.0012,Bajo,0,3.8
Tláhuac,Madrugada (00-05),Miércoles,3,1,0,1,0.9128,0.0861,0.0011,Bajo,0,4.4
Tláhuac,Mañana (06-11),Miércoles,3,0,0,1,0.5851,0.361,0.0539,Bajo,0,23.4
Tláhuac,Mañana (06-11),Miércoles,3,1,0,1,0.5232,0.426,0.0509,Bajo,0,26.4
Tláhuac,Noche (18-23),Miércoles,3,0,0,1,0.3907,0.5672,0.0422,Medio,1,32.6
Tláhuac,Noche (18-23),Miércoles,3,1,0,1,0.3621,0.6027,0.0352,Medio,1,33.7
Tláhuac,Tarde (12-17),Miércoles,3,0,0,1,0.4629,0.4674,0.0696,Medio,1,30.3
Tláhuac,Tarde (12-17),Miércoles,3,1,0,1,0.4294,0.5122,0.0583,Medio,1,31.4
Tláhuac,Madrugada (00-05),Sábado,3,0,1,1,0.6517,0.3258,0.0225,Bajo,0,18.5
Tláhuac,Madrugada (00-05),Sábado,3,1,1,1,0.6259,0.3545,0.0196,Bajo,0,19.7
Tláhuac,Mañana (06-11),Sábado,3,0,1,1,0.5671,0.4065,0.0264,Bajo,0,23.0
Tláhuac,Mañana (06-11),Sábado,3,1,1,1,0.4877,0.4909,0.0214,Medio,1,26.7
Tláhuac,Noche (18-23),Sábado,3,0,1,1,0.2982,0.4736,0.2281,Medio,1,46.5
Tláhuac,Noche (18-23),Sábado,3,1,1,1,0.3073,0.4756,0.2171,Medio,1,45.5
Tláhuac,Tarde (12-17),Sábado,3,0,1,1,0.2851,0.6651,0.0498,Medio,1,38.2
Tláhuac,Tarde (12-17),Sábado,3,1,1,1,0.3813,0.5728,0.0459,Medio,1,33.2
Tláhuac,Madrugada (00-05),Viernes,3,0,0,1,0.8937,0.103,0.0033,Bajo,0,5.5
Tláhuac,Madrugada (00-05),Viernes,3,1,0,1,0.8604,0.1366,0.003,Bajo,0,7.1
Tláhuac,Mañana (06-11),Viernes,3,0,0,1,0.6797,0.2768,0.0435,Bajo,0,18.2
Tláhuac,Mañana (06-11),Viernes,3,1,0,1,0.5748,0.387,0.0381,Bajo,0,23.2
Tláhuac,Noche (18-23),Viernes,3,0,0,1,0.3306,0.55,0.1195,Medio,1,39.4
Tláhuac,Noche (18-23),Viernes,3,1,0,1,0.2724,0.6317,0.096,Medio,1,41.2
Tláhuac,Tarde (12-17),Viernes,3,0,0,1,0.3539,0.5319,0.1142,Medio,1,38.0
Tláhuac,Tarde (12-17),Viernes,3,1,0,1,0.3269,0.593,0.0801,Medio,1,37.7
Tláhuac,Madrugada (00-05),Domingo,4,0,1,2,0.5921,0.3695,0.0384,Bajo,0,22.3
Tláhuac,Madrugada (00-05),Domingo,4,1,1,2,0.5879,0.3765,0.0355,Bajo,0,22.4
Tláhuac,Mañana (06-11),Domingo,4,0,1,2,0.6763,0.3032,0.0205,Bajo,0,17.2
Tláhuac,Mañana (06-11),Domingo,4,1,1,2,0.6346,0.3454,0.02,Bajo,0,19.3
Tláhuac,Noche (18-23),Domingo,4,0,1,2,0.2782,0.5303,0.1915,Medio,1,45.7
Tláhuac,Noche (18-23),Domingo,4,1,1,2,0.283,0.515,0.202,Medio,1,45.9
Tláhuac,Tarde (12-17),Domingo,4,0,1,2,0.3449,0.548,0.1071,Medio,1,38.1
Tláhuac,Tarde (12-17),Domingo,4,1,1,2,0.3532,0.5462,0.1006,Medio,1,37.4
Tláhuac,Madrugada (00-05),Jueves,4,0,0,2,0.9418,0.0554,0.0028,Bajo,0,3.0
Tláhuac,Madrugada (00-05),Jueves,4,1,0,2,0.9288,0.069,0.0023,Bajo,0,3.7
Tláhuac,Mañana (06-11),Jueves,4,0,0,2,0.7056,0.243,0.0515,Bajo,0,17.3
Tláhuac,Mañana (06-11),Jueves,4,1,0,2,0.6216,0.3333,0.0452,Bajo,0,21.2
Tláhuac,Noche (18-23),Jueves,4,0,0,2,0.3874,0.3913,0.2213,Medio,1,41.7
Tláhuac,Noche (18-23),Jueves,4,1,0,2,0.3809,0.4642,0.155,Medio,1,38.7
Tláhuac,Tarde (12-17),Jueves,4,0,0,2,0.4987,0.3957,0.1055,Bajo,0,30.3
Tláhuac,Tarde (12-17),Jueves,4,1,0,2,0.5007,0.4186,0.0806,Bajo,0,29.0
Tláhuac,Madrugada (00-05),Lunes,4,0,0,2,0.9131,0.083,0.0039,Bajo,0,4.5
Tláhuac,Madrugada (00-05),Lunes,4,1,0,2,0.8923,0.1045,0.0032,Bajo,0,5.5
Tláhuac,Mañana (06-11),Lunes,4,0,0,2,0.7042,0.2484,0.0473,Bajo,0,17.2
Tláhuac,Mañana (06-11),Lunes,4,1,0,2,0.6143,0.3453,0.0404,Bajo,0,21.3
Tláhuac,Noche (18-23),Lunes,4,0,0,2,0.4224,0.4332,0.1444,Medio,1,36.1
Tláhuac,Noche (18-23),Lunes,4,1,0,2,0.4522,0.4565,0.0913,Medio,1,32.0
Tláhuac,Tarde (12-17),Lunes,4,0,0,2,0.3888,0.4528,0.1584,Medio,1,38.5
Tláhuac,Tarde (12-17),Lunes,4,1,0,2,0.361,0.504,0.135,Medio,1,38.7
Tláhuac,Madrugada (00-05),Martes,4,0,0,2,0.932,0.0671,0.0009,Bajo,0,3.4
Tláhuac,Madrugada (00-05),Martes,4,1,0,2,0.9225,0.0765,0.001,Bajo,0,3.9
Tláhuac,Mañana (06-11),Martes,4,0,0,2,0.6252,0.3387,0.0362,Bajo,0,20.5
Tláhuac,Mañana (06-11),Martes,4,1,0,2,0.518,0.4376,0.0444,Bajo,0,26.3
Tláhuac,Noche (18-23),Martes,4,0,0,2,0.4008,0.5493,0.0499,Medio,1,32.5
Tláhuac,Noche (18-23),Martes,4,1,0,2,0.3541,0.5993,0.0466,Medio,1,34.6
Tláhuac,Tarde (12-17),Martes,4,0,0,2,0.3898,0.5771,0.0331,Medio,1,32.2
Tláhuac,Tarde (12-17),Martes,4,1,0,2,0.3392,0.6282,0.0325,Medio,1,34.7
Tláhuac,Madrugada (00-05),Miércoles,4,0,0,2,0.9387,0.0602,0.0011,Bajo,0,3.1
Tláhuac,Madrugada (00-05),Miércoles,4,1,0,2,0.9289,0.07,0.0011,Bajo,0,3.6
Tláhuac,Mañana (06-11),Miércoles,4,0,0,2,0.6506,0.3063,0.0432,Bajo,0,19.6
Tláhuac,Mañana (06-11),Miércoles,4,1,0,2,0.5906,0.3665,0.0429,Bajo,0,22.6
Tláhuac,Noche (18-23),Miércoles,4,0,0,2,0.4147,0.5287,0.0566,Medio,1,32.1
Tláhuac,Noche (18-23),Miércoles,4,1,0,2,0.3994,0.5536,0.047,Medio,1,32.4
Tláhuac,Tarde (12-17),Miércoles,4,0,0,2,0.4834,0.457,0.0596,Bajo,0,28.8
Tláhuac,Tarde (12-17),Miércoles,4,1,0,2,0.445,0.5017,0.0533,Medio,1,30.4
Tláhuac,Madrugada (00-05),Sábado,4,0,1,2,0.6016,0.3792,0.0192,Bajo,0,20.9
Tláhuac,Madrugada (00-05),Sábado,4,1,1,2,0.619,0.3628,0.0182,Bajo,0,20.0
Tláhuac,Mañana (06-11),Sábado,4,0,1,2,0.5905,0.3867,0.0227,Bajo,0,21.6
Tláhuac,Mañana (06-11),Sábado,4,1,1,2,0.542,0.4375,0.0204,Bajo,0,23.9
Tláhuac,Noche (18-23),Sábado,4,0,1,2,0.2413,0.5789,0.1797,Medio,1,46.9
Tláhuac,Noche (18-23),Sábado,4,1,1,2,0.2787,0.5167,0.2045,Medio,1,46.3
Tláhuac,Tarde (12-17),Sábado,4,0,1,2,0.264,0.6968,0.0392,Medio,1,38.8
Tláhuac,Tarde (12-17),Sábado,4,1,1,2,0.3216,0.6426,0.0358,Medio,1,35.7
Tláhuac,Madrugada (00-05),Viernes,4,0,0,2,0.9026,0.0939,0.0035,Bajo,0,5.0
Tláhuac,Madrugada (00-05),Viernes,4,1,0,2,0.8727,0.1241,0.0032,Bajo,0,6.5
Tláhuac,Mañana (06-11),Viernes,4,0,0,2,0.7207,0.2449,0.0345,Bajo,0,15.7
Tláhuac,Mañana (06-11),Viernes,4,1,0,2,0.613,0.3575,0.0295,Bajo,0,20.8
Tláhuac,Noche (18-23),Viernes,4,0,0,2,0.2641,0.4827,0.2532,Medio,1,49.5
Tláhuac,Noche (18-23),Viernes,4,1,0,2,0.2351,0.5778,0.1871,Medio,1,47.6
Tláhuac,Tarde (12-17),Viernes,4,0,0,2,0.3856,0.5208,0.0936,Medio,1,35.4
Tláhuac,Tarde (12-17),Viernes,4,1,0,2,0.3582,0.5705,0.0713,Medio,1,35.7
Tláhuac,Madrugada (00-05),Domingo,5,0,1,2,0.5718,0.3839,0.0444,Bajo,0,23.6
Tláhuac,Madrugada (00-05),Domingo,5,1,1,2,0.5719,0.3885,0.0396,Bajo,0,23.4
Tláhuac,Mañana (06-11),Domingo,5,0,1,2,0.6486,0.3297,0.0217,Bajo,0,18.7
Tláhuac,Mañana (06-11),Domingo,5,1,1,2,0.6111,0.3691,0.0198,Bajo,0,20.4
Tláhuac,Noche (18-23),Domingo,5,0,1,2,0.2366,0.5565,0.207,Medio,1,48.5
Tláhuac,Noche (18-23),Domingo,5,1,1,2,0.2712,0.5351,0.1937,Medio,1,46.1
Tláhuac,Tarde (12-17),Domingo,5,0,1,2,0.3134,0.5645,0.1221,Medio,1,40.4
Tláhuac,Tarde (12-17),Domingo,5,1,1,2,0.3257,0.5657,0.1086,Medio,1,39.1
Tláhuac,Madrugada (00-05),Jueves,5,0,0,2,0.9306,0.0667,0.0027,Bajo,0,3.6
Tláhuac,Madrugada (00-05),Jueves,5,1,0,2,0.9201,0.0776,0.0023,Bajo,0,4.1
Tláhuac,Mañana (06-11),Jueves,5,0,0,2,0.6613,0.288,0.0507,Bajo,0,19.5
Tláhuac,Mañana (06-11),Jueves,5,1,0,2,0.5865,0.367,0.0465,Bajo,0,23.0
Tláhuac,Noche (18-23),Jueves,5,0,0,2,0.3386,0.4508,0.2106,Medio,1,43.6
Tláhuac,Noche (18-23),Jueves,5,1,0,2,0.3702,0.4866,0.1432,Medio,1,38.6
Tláhuac,Tarde (12-17),Jueves,5,0,0,2,0.4274,0.4702,0.1024,Medio,1,33.8
Tláhuac,Tarde (12-17),Jueves,5,1,0,2,0.441,0.4741,0.0849,Medio,1,32.2
Tláhuac,Madrugada (00-05),Lunes,5,0,0,2,0.8859,0.1105,0.0036,Bajo,0,5.9
Tláhuac,Madrugada (00-05),Lunes,5,1,0,2,0.8719,0.1248,0.0033,Bajo,0,6.6
Tláhuac,Mañana (06-11),Lunes,5,0,0,2,0.6363,0.3194,0.0443,Bajo,0,20.4
Tláhuac,Mañana (06-11),Lunes,5,1,0,2,0.5614,0.3975,0.0411,Bajo,0,24.0
Tláhuac,Noche (18-23),Lunes,5,0,0,2,0.3683,0.5039,0.1278,Medio,1,38.0
Tláhuac,Noche (18-23),Lunes,5,1,0,2,0.4405,0.4763,0.0833,Medio,1,32.1
Tláhuac,Tarde (12-17),Lunes,5,0,0,2,0.3205,0.5449,0.1345,Medio,1,40.7
Tláhuac,Tarde (12-17),Lunes,5,1,0,2,0.3083,0.5617,0.13,Medio,1,41.1
Tláhuac,Madrugada (00-05),Martes,5,0,0,2,0.9316,0.0674,0.001,Bajo,0,3.5
Tláhuac,Madrugada (00-05),Martes,5,1,0,2,0.9251,0.074,0.001,Bajo,0,3.8
Tláhuac,Mañana (06-11),Martes,5,0,0,2,0.5909,0.3665,0.0426,Bajo,0,22.6
Tláhuac,Mañana (06-11),Martes,5,1,0,2,0.4965,0.4576,0.0459,Bajo,0,27.5
Tláhuac,Noche (18-23),Martes,5,0,0,2,0.3883,0.5545,0.0572,Medio,1,33.4
Tláhuac,Noche (18-23),Martes,5,1,0,2,0.407,0.5461,0.0469,Medio,1,32.0
Tláhuac,Tarde (12-17),Martes,5,0,0,2,0.3731,0.5892,0.0377,Medio,1,33.2
Tláhuac,Tarde (12-17),Martes,5,1,0,2,0.3329,0.6329,0.0341,Medio,1,35.1
Tláhuac,Madrugada (00-05),Miércoles,5,0,0,2,0.9266,0.0722,0.0012,Bajo,0,3.7
Tláhuac,Madrugada (00-05),Miércoles,5,1,0,2,0.9183,0.0806,0.0011,Bajo,0,4.1
Tláhuac,Mañana (06-11),Miércoles,5,0,0,2,0.6066,0.3429,0.0505,Bajo,0,22.2
Tláhuac,Mañana (06-11),Miércoles,5,1,0,2,0.5663,0.3868,0.0469,Bajo,0,24.0
Tláhuac,Noche (18-23),Miércoles,5,0,0,2,0.3687,0.5732,0.0581,Medio,1,34.5
Tláhuac,Noche (18-23),Miércoles,5,1,0,2,0.405,0.5518,0.0432,Medio,1,31.9
Tláhuac,Tarde (12-17),Miércoles,5,0,0,2,0.4086,0.5325,0.0589,Medio,1,32.5
Tláhuac,Tarde (12-17),Miércoles,5,1,0,2,0.3691,0.5822,0.0487,Medio,1,34.0
Tláhuac,Madrugada (00-05),Sábado,5,0,1,2,0.5946,0.3839,0.0214,Bajo,0,21.3
Tláhuac,Madrugada (00-05),Sábado,5,1,1,2,0.6232,0.3569,0.0199,Bajo,0,19.8
Tláhuac,Mañana (06-11),Sábado,5,0,1,2,0.567,0.4087,0.0242,Bajo,0,22.9
Tláhuac,Mañana (06-11),Sábado,5,1,1,2,0.5511,0.4263,0.0226,Bajo,0,23.6
Tláhuac,Noche (18-23),Sábado,5,0,1,2,0.1906,0.6035,0.2059,Medio,1,50.8
Tláhuac,Noche (18-23),Sábado,5,1,1,2,0.2276,0.5554,0.217,Medio,1,49.5
Tláhuac,Tarde (12-17),Sábado,5,0,1,2,0.2764,0.6718,0.0519,Medio,1,38.8
Tláhuac,Tarde (12-17),Sábado,5,1,1,2,0.322,0.6334,0.0446,Medio,1,36.1
Tláhuac,Madrugada (00-05),Viernes,5,0,0,2,0.8887,0.1076,0.0038,Bajo,0,5.8
Tláhuac,Madrugada (00-05),Viernes,5,1,0,2,0.8562,0.1404,0.0033,Bajo,0,7.4
Tláhuac,Mañana (06-11),Viernes,5,0,0,2,0.6844,0.2794,0.0361,Bajo,0,17.6
Tláhuac,Mañana (06-11),Viernes,5,1,0,2,0.5715,0.3993,0.0291,Bajo,0,22.9
Tláhuac,Noche (18-23),Viernes,5,0,0,2,0.2264,0.5518,0.2218,Medio,1,49.8
Tláhuac,Noche (18-23),Viernes,5,1,0,2,0.2223,0.6243,0.1534,Medio,1,46.6
Tláhuac,Tarde (12-17),Viernes,5,0,0,2,0.3766,0.5239,0.0995,Medio,1,36.1
Tláhuac,Tarde (12-17),Viernes,5,1,0,2,0.3513,0.5755,0.0733,Medio,1,36.1
Tláhuac,Madrugada (00-05),Domingo,6,0,1,2,0.5609,0.3929,0.0462,Bajo,0,24.3
Tláhuac,Madrugada (00-05),Domingo,6,1,1,2,0.5538,0.4041,0.042,Bajo,0,24.4
Tláhuac,Mañana (06-11),Domingo,6,0,1,2,0.5817,0.3983,0.02,Bajo,0,21.9
Tláhuac,Mañana (06-11),Domingo,6,1,1,2,0.5803,0.4011,0.0186,Bajo,0,21.9
Tláhuac,Noche (18-23),Domingo,6,0,1,2,0.3141,0.5221,0.1638,Medio,1,42.5
Tláhuac,Noche (18-23),Domingo,6,1,1,2,0.294,0.5319,0.1741,Medio,1,44.0
Tláhuac,Tarde (12-17),Domingo,6,0,1,2,0.346,0.5467,0.1074,Medio,1,38.1
Tláhuac,Tarde (12-17),Domingo,6,1,1,2,0.3461,0.5574,0.0965,Medio,1,37.5
Tláhuac,Madrugada (00-05),Jueves,6,0,0,2,0.9277,0.07,0.0023,Bajo,0,3.7
Tláhuac,Madrugada (00-05),Jueves,6,1,0,2,0.9127,0.0851,0.0022,Bajo,0,4.5
Tláhuac,Mañana (06-11),Jueves,6,0,0,2,0.6255,0.3315,0.043,Bajo,0,20.9
Tláhuac,Mañana (06-11),Jueves,6,1,0,2,0.5822,0.378,0.0398,Bajo,0,22.9
Tláhuac,Noche (18-23),Jueves,6,0,0,2,0.4739,0.4076,0.1185,Bajo,0,32.2
Tláhuac,Noche (18-23),Jueves,6,1,0,2,0.4233,0.4692,0.1076,Medio,1,34.2
Tláhuac,Tarde (12-17),Jueves,6,0,0,2,0.4505,0.4753,0.0742,Medio,1,31.2
Tláhuac,Tarde (12-17),Jueves,6,1,0,2,0.4513,0.4832,0.0655,Medio,1,30.7
Tláhuac,Madrugada (00-05),Lunes,6,0,0,2,0.8806,0.1164,0.0029,Bajo,0,6.1
Tláhuac,Madrugada (00-05),Lunes,6,1,0,2,0.858,0.1394,0.0026,Bajo,0,7.2
Tláhuac,Mañana (06-11),Lunes,6,0,0,2,0.5892,0.3758,0.035,Bajo,0,22.3
Tláhuac,Mañana (06-11),Lunes,6,1,0,2,0.5472,0.422,0.0309,Bajo,0,24.2
Tláhuac,Noche (18-23),Lunes,6,0,0,2,0.5013,0.4225,0.0762,Bajo,0,28.7
Tláhuac,Noche (18-23),Lunes,6,1,0,2,0.5053,0.4335,0.0613,Bajo,0,27.8
Tláhuac,Tarde (12-17),Lunes,6,0,0,2,0.4374,0.4851,0.0774,Medio,1,32.0
Tláhuac,Tarde (12-17),Lunes,6,1,0,2,0.4085,0.5244,0.0672,Medio,1,32.9
Tláhuac,Madrugada (00-05),Martes,6,0,0,2,0.9365,0.0627,0.0009,Bajo,0,3.2
Tláhuac,Madrugada (00-05),Martes,6,1,0,2,0.9243,0.0748,0.0009,Bajo,0,3.8
Tláhuac,Mañana (06-11),Martes,6,0,0,2,0.5705,0.3911,0.0383,Bajo,0,23.4
Tláhuac,Mañana (06-11),Martes,6,1,0,2,0.5022,0.4566,0.0412,Bajo,0,27.0
Tláhuac,Noche (18-23),Martes,6,0,0,2,0.5149,0.449,0.0361,Bajo,0,26.1
Tláhuac,Noche (18-23),Martes,6,1,0,2,0.4623,0.4991,0.0386,Medio,1,28.8
Tláhuac,Tarde (12-17),Martes,6,0,0,2,0.4512,0.5178,0.031,Medio,1,29.0
Tláhuac,Tarde (12-17),Martes,6,1,0,2,0.4103,0.5629,0.0268,Medio,1,30.8
Tláhuac,Madrugada (00-05),Miércoles,6,0,0,2,0.9358,0.0628,0.0014,Bajo,0,3.3
Tláhuac,Madrugada (00-05),Miércoles,6,1,0,2,0.9307,0.068,0.0012,Bajo,0,3.5
Tláhuac,Mañana (06-11),Miércoles,6,0,0,2,0.5793,0.3689,0.0517,Bajo,0,23.6
Tláhuac,Mañana (06-11),Miércoles,6,1,0,2,0.5958,0.3597,0.0445,Bajo,0,22.4
Tláhuac,Noche (18-23),Miércoles,6,0,0,2,0.5001,0.4435,0.0563,Bajo,0,27.8
Tláhuac,Noche (18-23),Miércoles,6,1,0,2,0.4988,0.4517,0.0495,Bajo,0,27.5
Tláhuac,Tarde (12-17),Miércoles,6,0,0,2,0.5011,0.4376,0.0613,Bajo,0,28.0
Tláhuac,Tarde (12-17),Miércoles,6,1,0,2,0.4686,0.4841,0.0473,Medio,1,28.9
Tláhuac,Madrugada (00-05),Sábado,6,0,1,2,0.5343,0.4449,0.0208,Bajo,0,24.3
Tláhuac,Madrugada (00-05),Sábado,6,1,1,2,0.5393,0.4414,0.0193,Bajo,0,24.0
Tláhuac,Mañana (06-11),Sábado,6,0,1,2,0.4578,0.5227,0.0195,Medio,1,28.1
Tláhuac,Mañana (06-11),Sábado,6,1,1,2,0.4628,0.5188,0.0184,Medio,1,27.8
Tláhuac,Noche (18-23),Sábado,6,0,1,2,0.2391,0.6136,0.1473,Medio,1,45.4
Tláhuac,Noche (18-23),Sábado,6,1,1,2,0.2228,0.6033,0.1739,Medio,1,47.6
Tláhuac,Tarde (12-17),Sábado,6,0,1,2,0.2708,0.6848,0.0443,Medio,1,38.7
Tláhuac,Tarde (12-17),Sábado,6,1,1,2,0.2903,0.6726,0.0371,Medio,1,37.3
Tláhuac,Madrugada (00-05),Viernes,6,0,0,2,0.8859,0.1107,0.0035,Bajo,0,5.9
Tláhuac,Madrugada (00-05),Viernes,6,1,0,2,0.8519,0.145,0.0031,Bajo,0,7.6
Tláhuac,Mañana (06-11),Viernes,6,0,0,2,0.6556,0.3119,0.0325,Bajo,0,18.8
Tláhuac,Mañana (06-11),Viernes,6,1,0,2,0.5764,0.3964,0.0272,Bajo,0,22.5
Tláhuac,Noche (18-23),Viernes,6,0,0,2,0.2918,0.5386,0.1696,Medio,1,43.9
Tláhuac,Noche (18-23),Viernes,6,1,0,2,0.2438,0.6141,0.1421,Medio,1,44.9
Tláhuac,Tarde (12-17),Viernes,6,0,0,2,0.4089,0.5142,0.0769,Medio,1,33.4
Tláhuac,Tarde (12-17),Viernes,6,1,0,2,0.3658,0.579,0.0552,Medio,1,34.5
Tláhuac,Madrugada (00-05),Domingo,7,0,1,3,0.4899,0.4685,0.0416,Bajo,0,27.6
Tláhuac,Madrugada (00-05),Domingo,7,1,1,3,0.4973,0.4607,0.042,Bajo,0,27.2
Tláhuac,Mañana (06-11),Domingo,7,0,1,3,0.5364,0.4459,0.0178,Bajo,0,24.1
Tláhuac,Mañana (06-11),Domingo,7,1,1,3,0.5347,0.4475,0.0178,Bajo,0,24.2
Tláhuac,Noche (18-23),Domingo,7,0,1,3,0.2147,0.6756,0.1098,Medio,1,44.8
Tláhuac,Noche (18-23),Domingo,7,1,1,3,0.2181,0.6383,0.1436,Medio,1,46.3
Tláhuac,Tarde (12-17),Domingo,7,0,1,3,0.2956,0.61,0.0944,Medio,1,39.9
Tláhuac,Tarde (12-17),Domingo,7,1,1,3,0.3021,0.6046,0.0933,Medio,1,39.6
Tláhuac,Madrugada (00-05),Jueves,7,0,0,3,0.9122,0.0856,0.0022,Bajo,0,4.5
Tláhuac,Madrugada (00-05),Jueves,7,1,0,3,0.9009,0.097,0.0022,Bajo,0,5.1
Tláhuac,Mañana (06-11),Jueves,7,0,0,3,0.6465,0.3194,0.0341,Bajo,0,19.4
Tláhuac,Mañana (06-11),Jueves,7,1,0,3,0.5992,0.3675,0.0333,Bajo,0,21.7
Tláhuac,Noche (18-23),Jueves,7,0,0,3,0.3851,0.5041,0.1109,Medio,1,36.3
Tláhuac,Noche (18-23),Jueves,7,1,0,3,0.3669,0.5274,0.1057,Medio,1,36.9
Tláhuac,Tarde (12-17),Jueves,7,0,0,3,0.3759,0.5557,0.0685,Medio,1,34.6
Tláhuac,Tarde (12-17),Jueves,7,1,0,3,0.3789,0.5584,0.0627,Medio,1,34.2
Tláhuac,Madrugada (00-05),Lunes,7,0,0,3,0.8528,0.1445,0.0028,Bajo,0,7.5
Tláhuac,Madrugada (00-05),Lunes,7,1,0,3,0.832,0.1653,0.0027,Bajo,0,8.5
Tláhuac,Mañana (06-11),Lunes,7,0,0,3,0.5672,0.4015,0.0313,Bajo,0,23.2
Tláhuac,Mañana (06-11),Lunes,7,1,0,3,0.5121,0.4585,0.0294,Bajo,0,25.9
Tláhuac,Noche (18-23),Lunes,7,0,0,3,0.3845,0.5519,0.0636,Medio,1,34.0
Tláhuac,Noche (18-23),Lunes,7,1,0,3,0.4119,0.5301,0.058,Medio,1,32.3
Tláhuac,Tarde (12-17),Lunes,7,0,0,3,0.2806,0.6551,0.0644,Medio,1,39.2
Tláhuac,Tarde (12-17),Lunes,7,1,0,3,0.2542,0.6852,0.0606,Medio,1,40.3
Tláhuac,Madrugada (00-05),Martes,7,0,0,3,0.9362,0.0629,0.0009,Bajo,0,3.2
Tláhuac,Madrugada (00-05),Martes,7,1,0,3,0.9225,0.0765,0.001,Bajo,0,3.9
Tláhuac,Mañana (06-11),Martes,7,0,0,3,0.6302,0.3367,0.033,Bajo,0,20.1
Tláhuac,Mañana (06-11),Martes,7,1,0,3,0.5439,0.4188,0.0374,Bajo,0,24.7
Tláhuac,Noche (18-23),Martes,7,0,0,3,0.4775,0.4841,0.0384,Medio,1,28.0
Tláhuac,Noche (18-23),Martes,7,1,0,3,0.4421,0.5161,0.0418,Medio,1,30.0
Tláhuac,Tarde (12-17),Martes,7,0,0,3,0.4243,0.5406,0.0351,Medio,1,30.5
Tláhuac,Tarde (12-17),Martes,7,1,0,3,0.3731,0.5954,0.0315,Medio,1,32.9
Tláhuac,Madrugada (00-05),Miércoles,7,0,0,3,0.9245,0.0743,0.0013,Bajo,0,3.8
Tláhuac,Madrugada (00-05),Miércoles,7,1,0,3,0.9172,0.0816,0.0012,Bajo,0,4.2
Tláhuac,Mañana (06-11),Miércoles,7,0,0,3,0.7053,0.2677,0.027,Bajo,0,16.1
Tláhuac,Mañana (06-11),Miércoles,7,1,0,3,0.619,0.3486,0.0324,Bajo,0,20.7
Tláhuac,Noche (18-23),Miércoles,7,0,0,3,0.4095,0.5463,0.0442,Medio,1,31.7
Tláhuac,Noche (18-23),Miércoles,7,1,0,3,0.4343,0.5228,0.0429,Medio,1,30.4
Tláhuac,Tarde (12-17),Miércoles,7,0,0,3,0.4359,0.5126,0.0515,Medio,1,30.8
Tláhuac,Tarde (12-17),Miércoles,7,1,0,3,0.3904,0.5663,0.0433,Medio,1,32.6
Tláhuac,Madrugada (00-05),Sábado,7,0,1,3,0.4647,0.5158,0.0195,Medio,1,27.7
Tláhuac,Madrugada (00-05),Sábado,7,1,1,3,0.4858,0.4939,0.0203,Medio,1,26.7
Tláhuac,Mañana (06-11),Sábado,7,0,1,3,0.4115,0.571,0.0175,Medio,1,30.3
Tláhuac,Mañana (06-11),Sábado,7,1,1,3,0.4207,0.562,0.0173,Medio,1,29.8
Tláhuac,Noche (18-23),Sábado,7,0,1,3,0.1651,0.7394,0.0955,Medio,1,46.5
Tláhuac,Noche (18-23),Sábado,7,1,1,3,0.1582,0.7051,0.1367,Medio,1,48.9
Tláhuac,Tarde (12-17),Sábado,7,0,1,3,0.2328,0.7287,0.0385,Medio,1,40.3
Tláhuac,Tarde (12-17),Sábado,7,1,1,3,0.2609,0.7027,0.0363,Medio,1,38.8
Tláhuac,Madrugada (00-05),Viernes,7,0,0,3,0.8378,0.1592,0.0031,Bajo,0,8.3
Tláhuac,Madrugada (00-05),Viernes,7,1,0,3,0.8135,0.1835,0.003,Bajo,0,9.5
Tláhuac,Mañana (06-11),Viernes,7,0,0,3,0.5579,0.4178,0.0243,Bajo,0,23.3
Tláhuac,Mañana (06-11),Viernes,7,1,0,3,0.4999,0.4781,0.0221,Bajo,0,26.1
Tláhuac,Noche (18-23),Viernes,7,0,0,3,0.1922,0.6978,0.1099,Medio,1,45.9
Tláhuac,Noche (18-23),Viernes,7,1,0,3,0.1817,0.7165,0.1018,Medio,1,46.0
Tláhuac,Tarde (12-17),Viernes,7,0,0,3,0.3146,0.6273,0.0581,Medio,1,37.2
Tláhuac,Tarde (12-17),Viernes,7,1,0,3,0.2853,0.6658,0.0489,Medio,1,38.2
Tláhuac,Madrugada (00-05),Domingo,8,0,1,3,0.4856,0.4747,0.0397,Bajo,0,27.7
Tláhuac,Madrugada (00-05),Domingo,8,1,1,3,0.4913,0.4677,0.041,Bajo,0,27.5
Tláhuac,Mañana (06-11),Domingo,8,0,1,3,0.5562,0.4286,0.0152,Bajo,0,23.0
Tláhuac,Mañana (06-11),Domingo,8,1,1,3,0.5497,0.4347,0.0157,Bajo,0,23.3
Tláhuac,Noche (18-23),Domingo,8,0,1,3,0.2121,0.6707,0.1172,Medio,1,45.3
Tláhuac,Noche (18-23),Domingo,8,1,1,3,0.2152,0.6321,0.1527,Medio,1,46.9
Tláhuac,Tarde (12-17),Domingo,8,0,1,3,0.3242,0.5842,0.0916,Medio,1,38.4
Tláhuac,Tarde (12-17),Domingo,8,1,1,3,0.3276,0.5804,0.092,Medio,1,38.2
Tláhuac,Madrugada (00-05),Jueves,8,0,0,3,0.9036,0.0941,0.0023,Bajo,0,4.9
Tláhuac,Madrugada (00-05),Jueves,8,1,0,3,0.8901,0.1075,0.0024,Bajo,0,5.6
Tláhuac,Mañana (06-11),Jueves,8,0,0,3,0.6116,0.3511,0.0374,Bajo,0,21.3
Tláhuac,Mañana (06-11),Jueves,8,1,0,3,0.5526,0.4098,0.0376,Bajo,0,24.3
Tláhuac,Noche (18-23),Jueves,8,0,0,3,0.3536,0.5267,0.1197,Medio,1,38.3
Tláhuac,Noche (18-23),Jueves,8,1,0,3,0.3529,0.5392,0.1079,Medio,1,37.8
Tláhuac,Tarde (12-17),Jueves,8,0,0,3,0.3605,0.5617,0.0778,Medio,1,35.9
Tláhuac,Tarde (12-17),Jueves,8,1,0,3,0.3614,0.5673,0.0713,Medio,1,35.5
Tláhuac,Madrugada (00-05),Lunes,8,0,0,3,0.8644,0.1324,0.0032,Bajo,0,6.9
Tláhuac,Madrugada (00-05),Lunes,8,1,0,3,0.8447,0.1521,0.0032,Bajo,0,7.9
Tláhuac,Mañana (06-11),Lunes,8,0,0,3,0.5733,0.3861,0.0406,Bajo,0,23.4
Tláhuac,Mañana (06-11),Lunes,8,1,0,3,0.5221,0.4413,0.0366,Bajo,0,25.7
Tláhuac,Noche (18-23),Lunes,8,0,0,3,0.3827,0.5313,0.0861,Medio,1,35.2
Tláhuac,Noche (18-23),Lunes,8,1,0,3,0.4092,0.5212,0.0696,Medio,1,33.0
Tláhuac,Tarde (12-17),Lunes,8,0,0,3,0.2988,0.6102,0.091,Medio,1,39.6
Tláhuac,Tarde (12-17),Lunes,8,1,0,3,0.2717,0.6424,0.0859,Medio,1,40.7
Tláhuac,Madrugada (00-05),Martes,8,0,0,3,0.9369,0.0624,0.0007,Bajo,0,3.2
Tláhuac,Madrugada (00-05),Martes,8,1,0,3,0.9216,0.0776,0.0008,Bajo,0,4.0
Tláhuac,Mañana (06-11),Martes,8,0,0,3,0.6419,0.3288,0.0293,Bajo,0,19.4
Tláhuac,Mañana (06-11),Martes,8,1,0,3,0.5555,0.4128,0.0318,Bajo,0,23.8
Tláhuac,Noche (18-23),Martes,8,0,0,3,0.4877,0.4815,0.0308,Bajo,0,27.2
Tláhuac,Noche (18-23),Martes,8,1,0,3,0.4508,0.521,0.0283,Medio,1,28.9
Tláhuac,Tarde (12-17),Martes,8,0,0,3,0.4337,0.5325,0.0338,Medio,1,30.0
Tláhuac,Tarde (12-17),Martes,8,1,0,3,0.369,0.6005,0.0305,Medio,1,33.1
Tláhuac,Madrugada (00-05),Miércoles,8,0,0,3,0.9192,0.0795,0.0013,Bajo,0,4.1
Tláhuac,Madrugada (00-05),Miércoles,8,1,0,3,0.9127,0.086,0.0012,Bajo,0,4.4
Tláhuac,Mañana (06-11),Miércoles,8,0,0,3,0.6445,0.3203,0.0352,Bajo,0,19.5
Tláhuac,Mañana (06-11),Miércoles,8,1,0,3,0.6027,0.3604,0.037,Bajo,0,21.7
Tláhuac,Noche (18-23),Miércoles,8,0,0,3,0.3976,0.5557,0.0467,Medio,1,32.5
Tláhuac,Noche (18-23),Miércoles,8,1,0,3,0.4279,0.5311,0.0409,Medio,1,30.7
Tláhuac,Tarde (12-17),Miércoles,8,0,0,3,0.4286,0.5151,0.0563,Medio,1,31.4
Tláhuac,Tarde (12-17),Miércoles,8,1,0,3,0.3776,0.5733,0.0492,Medio,1,33.6
Tláhuac,Madrugada (00-05),Sábado,8,0,1,3,0.5296,0.4484,0.0221,Bajo,0,24.6
Tláhuac,Madrugada (00-05),Sábado,8,1,1,3,0.5343,0.4431,0.0226,Bajo,0,24.4
Tláhuac,Mañana (06-11),Sábado,8,0,1,3,0.4981,0.4843,0.0175,Bajo,0,26.0
Tláhuac,Mañana (06-11),Sábado,8,1,1,3,0.4881,0.4952,0.0167,Medio,1,26.4
Tláhuac,Noche (18-23),Sábado,8,0,1,3,0.2003,0.6857,0.114,Medio,1,45.7
Tláhuac,Noche (18-23),Sábado,8,1,1,3,0.1827,0.663,0.1543,Medio,1,48.6
Tláhuac,Tarde (12-17),Sábado,8,0,1,3,0.3356,0.6193,0.0451,Medio,1,35.5
Tláhuac,Tarde (12-17),Sábado,8,1,1,3,0.3554,0.6034,0.0412,Medio,1,34.3
Tláhuac,Madrugada (00-05),Viernes,8,0,0,3,0.8463,0.1505,0.0032,Bajo,0,7.8
Tláhuac,Madrugada (00-05),Viernes,8,1,0,3,0.8265,0.1703,0.0032,Bajo,0,8.8
Tláhuac,Mañana (06-11),Viernes,8,0,0,3,0.5758,0.3976,0.0266,Bajo,0,22.5
Tláhuac,Mañana (06-11),Viernes,8,1,0,3,0.5221,0.4531,0.0248,Bajo,0,25.1
Tláhuac,Noche (18-23),Viernes,8,0,0,3,0.1689,0.71,0.1211,Medio,1,47.6
Tláhuac,Noche (18-23),Viernes,8,1,0,3,0.1924,0.7059,0.1017,Medio,1,45.5
Tláhuac,Tarde (12-17),Viernes,8,0,0,3,0.3475,0.5882,0.0643,Medio,1,35.8
Tláhuac,Tarde (12-17),Viernes,8,1,0,3,0.319,0.6173,0.0637,Medio,1,37.2
Tláhuac,Madrugada (00-05),Domingo,9,0,1,3,0.4946,0.4528,0.0526,Bajo,0,27.9
Tláhuac,Madrugada (00-05),Domingo,9,1,1,3,0.5173,0.4334,0.0493,Bajo,0,26.6
Tláhuac,Mañana (06-11),Domingo,9,0,1,3,0.589,0.3915,0.0195,Bajo,0,21.5
Tláhuac,Mañana (06-11),Domingo,9,1,1,3,0.6052,0.3771,0.0177,Bajo,0,20.6
Tláhuac,Noche (18-23),Domingo,9,0,1,3,0.2001,0.661,0.1388,Medio,1,46.9
Tláhuac,Noche (18-23),Domingo,9,1,1,3,0.215,0.6152,0.1698,Medio,1,47.7
Tláhuac,Tarde (12-17),Domingo,9,0,1,3,0.3529,0.4814,0.1657,Medio,1,40.6
Tláhuac,Tarde (12-17),Domingo,9,1,1,3,0.3732,0.465,0.1618,Medio,1,39.4
Tláhuac,Madrugada (00-05),Jueves,9,0,0,3,0.8893,0.107,0.0037,Bajo,0,5.7
Tláhuac,Madrugada (00-05),Jueves,9,1,0,3,0.8906,0.1059,0.0035,Bajo,0,5.6
Tláhuac,Mañana (06-11),Jueves,9,0,0,3,0.4902,0.4331,0.0767,Bajo,0,29.3
Tláhuac,Mañana (06-11),Jueves,9,1,0,3,0.5129,0.4234,0.0637,Bajo,0,27.5
Tláhuac,Noche (18-23),Jueves,9,0,0,3,0.2978,0.554,0.1483,Medio,1,42.5
Tláhuac,Noche (18-23),Jueves,9,1,0,3,0.338,0.5231,0.1389,Medio,1,40.0
Tláhuac,Tarde (12-17),Jueves,9,0,0,3,0.3216,0.5178,0.1606,Medio,1,42.0
Tláhuac,Tarde (12-17),Jueves,9,1,0,3,0.3538,0.4833,0.1629,Medio,1,40.5
Tláhuac,Madrugada (00-05),Lunes,9,0,0,3,0.8429,0.1518,0.0054,Bajo,0,8.1
Tláhuac,Madrugada (00-05),Lunes,9,1,0,3,0.8314,0.1639,0.0047,Bajo,0,8.7
Tláhuac,Mañana (06-11),Lunes,9,0,0,3,0.4181,0.4945,0.0875,Medio,1,33.5
Tláhuac,Mañana (06-11),Lunes,9,1,0,3,0.4343,0.501,0.0646,Medio,1,31.5
Tláhuac,Noche (18-23),Lunes,9,0,0,3,0.3136,0.5843,0.1021,Medio,1,39.4
Tláhuac,Noche (18-23),Lunes,9,1,0,3,0.3651,0.5533,0.0816,Medio,1,35.8
Tláhuac,Tarde (12-17),Lunes,9,0,0,3,0.243,0.5711,0.1859,Medio,1,47.1
Tláhuac,Tarde (12-17),Lunes,9,1,0,3,0.2352,0.5976,0.1672,Medio,1,46.6
Tláhuac,Madrugada (00-05),Martes,9,0,0,3,0.9245,0.0744,0.0011,Bajo,0,3.8
Tláhuac,Madrugada (00-05),Martes,9,1,0,3,0.9224,0.0767,0.0009,Bajo,0,3.9
Tláhuac,Mañana (06-11),Martes,9,0,0,3,0.4876,0.4518,0.0606,Bajo,0,28.7
Tláhuac,Mañana (06-11),Martes,9,1,0,3,0.4966,0.4547,0.0487,Bajo,0,27.6
Tláhuac,Noche (18-23),Martes,9,0,0,3,0.4137,0.5504,0.0359,Medio,1,31.1
Tláhuac,Noche (18-23),Martes,9,1,0,3,0.4406,0.5288,0.0306,Medio,1,29.5
Tláhuac,Tarde (12-17),Martes,9,0,0,3,0.407,0.5243,0.0687,Medio,1,33.1
Tláhuac,Tarde (12-17),Martes,9,1,0,3,0.405,0.537,0.058,Medio,1,32.7
Tláhuac,Madrugada (00-05),Miércoles,9,0,0,3,0.9067,0.0912,0.002,Bajo,0,4.8
Tláhuac,Madrugada (00-05),Miércoles,9,1,0,3,0.9077,0.0907,0.0017,Bajo,0,4.7
Tláhuac,Mañana (06-11),Miércoles,9,0,0,3,0.5532,0.3754,0.0715,Bajo,0,25.9
Tláhuac,Mañana (06-11),Miércoles,9,1,0,3,0.5558,0.384,0.0603,Bajo,0,25.2
Tláhuac,Noche (18-23),Miércoles,9,0,0,3,0.3439,0.5991,0.057,Medio,1,35.7
Tláhuac,Noche (18-23),Miércoles,9,1,0,3,0.4047,0.5476,0.0477,Medio,1,32.2
Tláhuac,Tarde (12-17),Miércoles,9,0,0,3,0.3783,0.5024,0.1193,Medio,1,37.0
Tláhuac,Tarde (12-17),Miércoles,9,1,0,3,0.3562,0.5436,0.1002,Medio,1,37.2
Tláhuac,Madrugada (00-05),Sábado,9,0,1,3,0.5584,0.4129,0.0288,Bajo,0,23.5
Tláhuac,Madrugada (00-05),Sábado,9,1,1,3,0.571,0.4027,0.0263,Bajo,0,22.8
Tláhuac,Mañana (06-11),Sábado,9,0,1,3,0.5201,0.4558,0.0241,Bajo,0,25.2
Tláhuac,Mañana (06-11),Sábado,9,1,1,3,0.5253,0.4546,0.0201,Bajo,0,24.7
Tláhuac,Noche (18-23),Sábado,9,0,1,3,0.2032,0.6633,0.1336,Medio,1,46.5
Tláhuac,Noche (18-23),Sábado,9,1,1,3,0.1868,0.6455,0.1677,Medio,1,49.0
Tláhuac,Tarde (12-17),Sábado,9,0,1,3,0.393,0.519,0.088,Medio,1,34.7
Tláhuac,Tarde (12-17),Sábado,9,1,1,3,0.4205,0.5027,0.0768,Medio,1,32.8
Tláhuac,Madrugada (00-05),Viernes,9,0,0,3,0.8233,0.1719,0.0048,Bajo,0,9.1
Tláhuac,Madrugada (00-05),Viernes,9,1,0,3,0.8151,0.1807,0.0042,Bajo,0,9.5
Tláhuac,Mañana (06-11),Viernes,9,0,0,3,0.4544,0.4947,0.051,Medio,1,29.8
Tláhuac,Mañana (06-11),Viernes,9,1,0,3,0.4616,0.5003,0.0382,Medio,1,28.8
Tláhuac,Noche (18-23),Viernes,9,0,0,3,0.1372,0.7351,0.1276,Medio,1,49.5
Tláhuac,Noche (18-23),Viernes,9,1,0,3,0.1746,0.7166,0.1088,Medio,1,46.7
Tláhuac,Tarde (12-17),Viernes,9,0,0,3,0.2688,0.5782,0.153,Medio,1,44.2
Tláhuac,Tarde (12-17),Viernes,9,1,0,3,0.2617,0.5795,0.1588,Medio,1,44.9
Tláhuac,Madrugada (00-05),Domingo,10,0,1,4,0.4416,0.4933,0.0651,Medio,1,31.2
Tláhuac,Madrugada (00-05),Domingo,10,1,1,4,0.452,0.4793,0.0688,Medio,1,30.8
Tláhuac,Mañana (06-11),Domingo,10,0,1,4,0.5921,0.3838,0.0241,Bajo,0,21.6
Tláhuac,Mañana (06-11),Domingo,10,1,1,4,0.5954,0.3785,0.026,Bajo,0,21.5
Tláhuac,Noche (18-23),Domingo,10,0,1,4,0.146,0.6872,0.1668,Medio,1,51.0
Tláhuac,Noche (18-23),Domingo,10,1,1,4,0.1439,0.5992,0.2568,Medio,1,55.6
Tláhuac,Tarde (12-17),Domingo,10,0,1,4,0.2716,0.561,0.1673,Medio,1,44.8
Tláhuac,Tarde (12-17),Domingo,10,1,1,4,0.2716,0.544,0.1844,Medio,1,45.6
Tláhuac,Madrugada (00-05),Jueves,10,0,0,4,0.8753,0.1196,0.0051,Bajo,0,6.5
Tláhuac,Madrugada (00-05),Jueves,10,1,0,4,0.8759,0.1188,0.0053,Bajo,0,6.5
Tláhuac,Mañana (06-11),Jueves,10,0,0,4,0.4392,0.4599,0.1009,Medio,1,33.1
Tláhuac,Mañana (06-11),Jueves,10,1,0,4,0.4507,0.4504,0.0988,Bajo,0,32.4
Tláhuac,Noche (18-23),Jueves,10,0,0,4,0.3113,0.5163,0.1724,Medio,1,43.1
Tláhuac,Noche (18-23),Jueves,10,1,0,4,0.354,0.4733,0.1727,Medio,1,40.9
Tláhuac,Tarde (12-17),Jueves,10,0,0,4,0.2658,0.5241,0.2101,Medio,1,47.2
Tláhuac,Tarde (12-17),Jueves,10,1,0,4,0.2767,0.4899,0.2334,Medio,1,47.8
Tláhuac,Madrugada (00-05),Lunes,10,0,0,4,0.8246,0.1671,0.0083,Bajo,0,9.2
Tláhuac,Madrugada (00-05),Lunes,10,1,0,4,0.8089,0.184,0.0071,Bajo,0,9.9
Tláhuac,Mañana (06-11),Lunes,10,0,0,4,0.3949,0.4961,0.109,Medio,1,35.7
Tláhuac,Mañana (06-11),Lunes,10,1,0,4,0.4089,0.5075,0.0836,Medio,1,33.7
Tláhuac,Noche (18-23),Lunes,10,0,0,4,0.2605,0.5766,0.1629,Medio,1,45.1
Tláhuac,Noche (18-23),Lunes,10,1,0,4,0.3045,0.5673,0.1282,Medio,1,41.2
Tláhuac,Tarde (12-17),Lunes,10,0,0,4,0.192,0.5565,0.2515,Medio,1,53.0
Tláhuac,Tarde (12-17),Lunes,10,1,0,4,0.1788,0.5897,0.2315,Medio,1,52.6
Tláhuac,Madrugada (00-05),Martes,10,0,0,4,0.9114,0.0872,0.0014,Bajo,0,4.5
Tláhuac,Madrugada (00-05),Martes,10,1,0,4,0.9119,0.0868,0.0013,Bajo,0,4.5
Tláhuac,Mañana (06-11),Martes,10,0,0,4,0.3807,0.5413,0.078,Medio,1,34.9
Tláhuac,Mañana (06-11),Martes,10,1,0,4,0.4176,0.5115,0.0709,Medio,1,32.7
Tláhuac,Noche (18-23),Martes,10,0,0,4,0.3676,0.587,0.0454,Medio,1,33.9
Tláhuac,Noche (18-23),Martes,10,1,0,4,0.399,0.5592,0.0418,Medio,1,32.1
Tláhuac,Tarde (12-17),Martes,10,0,0,4,0.327,0.5734,0.0996,Medio,1,38.6
Tláhuac,Tarde (12-17),Martes,10,1,0,4,0.3518,0.5613,0.0869,Medio,1,36.8
Tláhuac,Madrugada (00-05),Miércoles,10,0,0,4,0.8994,0.0981,0.0025,Bajo,0,5.2
Tláhuac,Madrugada (00-05),Miércoles,10,1,0,4,0.8914,0.1061,0.0025,Bajo,0,5.6
Tláhuac,Mañana (06-11),Miércoles,10,0,0,4,0.5506,0.3791,0.0703,Bajo,0,26.0
Tláhuac,Mañana (06-11),Miércoles,10,1,0,4,0.518,0.4008,0.0812,Bajo,0,28.2
Tláhuac,Noche (18-23),Miércoles,10,0,0,4,0.3166,0.6082,0.0752,Medio,1,37.9
Tláhuac,Noche (18-23),Miércoles,10,1,0,4,0.3493,0.5785,0.0722,Medio,1,36.1
Tláhuac,Tarde (12-17),Miércoles,10,0,0,4,0.3492,0.5002,0.1506,Medio,1,40.1
Tláhuac,Tarde (12-17),Miércoles,10,1,0,4,0.2916,0.5664,0.142,Medio,1,42.5
Tláhuac,Madrugada (00-05),Sábado,10,0,1,4,0.5091,0.4549,0.0359,Bajo,0,26.3
Tláhuac,Madrugada (00-05),Sábado,10,1,1,4,0.5026,0.4608,0.0366,Bajo,0,26.7
Tláhuac,Mañana (06-11),Sábado,10,0,1,4,0.5417,0.4282,0.0301,Bajo,0,24.4
Tláhuac,Mañana (06-11),Sábado,10,1,1,4,0.5255,0.4451,0.0294,Bajo,0,25.2
Tláhuac,Noche (18-23),Sábado,10,0,1,4,0.139,0.7064,0.1546,Medio,1,50.8
Tláhuac,Noche (18-23),Sábado,10,1,1,4,0.1225,0.6563,0.2212,Medio,1,54.9
Tláhuac,Tarde (12-17),Sábado,10,0,1,4,0.2872,0.6131,0.0997,Medio,1,40.6
Tláhuac,Tarde (12-17),Sábado,10,1,1,4,0.2894,0.616,0.0946,Medio,1,40.3
Tláhuac,Madrugada (00-05),Viernes,10,0,0,4,0.8171,0.1768,0.0061,Bajo,0,9.5
Tláhuac,Madrugada (00-05),Viernes,10,1,0,4,0.8107,0.1833,0.006,Bajo,0,9.8
Tláhuac,Mañana (06-11),Viernes,10,0,0,4,0.4631,0.4772,0.0597,Medio,1,29.8
Tláhuac,Mañana (06-11),Viernes,10,1,0,4,0.4855,0.4652,0.0492,Bajo,0,28.2
Tláhuac,Noche (18-23),Viernes,10,0,0,4,0.1261,0.6627,0.2113,Medio,1,54.3
Tláhuac,Noche (18-23),Viernes,10,1,0,4,0.1607,0.6426,0.1967,Medio,1,51.8
Tláhuac,Tarde (12-17),Viernes,10,0,0,4,0.2211,0.5762,0.2028,Medio,1,49.1
Tláhuac,Tarde (12-17),Viernes,10,1,0,4,0.2069,0.5845,0.2085,Medio,1,50.1
Tláhuac,Madrugada (00-05),Domingo,11,0,1,4,0.5629,0.3985,0.0387,Bajo,0,23.8
Tláhuac,Madrugada (00-05),Domingo,11,1,1,4,0.5862,0.3723,0.0415,Bajo,0,22.8
Tláhuac,Mañana (06-11),Domingo,11,0,1,4,0.5669,0.407,0.026,Bajo,0,23.0
Tláhuac,Mañana (06-11),Domingo,11,1,1,4,0.603,0.3687,0.0283,Bajo,0,21.3
Tláhuac,Noche (18-23),Domingo,11,0,1,4,0.237,0.6304,0.1327,Medio,1,44.8
Tláhuac,Noche (18-23),Domingo,11,1,1,4,0.2166,0.5666,0.2168,Medio,1,50.0
Tláhuac,Tarde (12-17),Domingo,11,0,1,4,0.3599,0.5456,0.0945,Medio,1,36.7
Tláhuac,Tarde (12-17),Domingo,11,1,1,4,0.3607,0.5383,0.101,Medio,1,37.0
Tláhuac,Madrugada (00-05),Jueves,11,0,0,4,0.9229,0.0736,0.0035,Bajo,0,4.0
Tláhuac,Madrugada (00-05),Jueves,11,1,0,4,0.9184,0.0778,0.0038,Bajo,0,4.3
Tláhuac,Mañana (06-11),Jueves,11,0,0,4,0.483,0.4048,0.1122,Bajo,0,31.5
Tláhuac,Mañana (06-11),Jueves,11,1,0,4,0.4955,0.3908,0.1137,Bajo,0,30.9
Tláhuac,Noche (18-23),Jueves,11,0,0,4,0.495,0.3394,0.1656,Bajo,0,33.5
Tláhuac,Noche (18-23),Jueves,11,1,0,4,0.4837,0.3539,0.1624,Bajo,0,33.9
Tláhuac,Tarde (12-17),Jueves,11,0,0,4,0.344,0.495,0.1609,Medio,1,40.8
Tláhuac,Tarde (12-17),Jueves,11,1,0,4,0.3475,0.4765,0.176,Medio,1,41.4
Tláhuac,Madrugada (00-05),Lunes,11,0,0,4,0.8978,0.0971,0.0052,Bajo,0,5.4
Tláhuac,Madrugada (00-05),Lunes,11,1,0,4,0.8865,0.1086,0.0049,Bajo,0,5.9
Tláhuac,Mañana (06-11),Lunes,11,0,0,4,0.4152,0.456,0.1287,Medio,1,35.7
Tláhuac,Mañana (06-11),Lunes,11,1,0,4,0.4285,0.4743,0.0972,Medio,1,33.4
Tláhuac,Noche (18-23),Lunes,11,0,0,4,0.4554,0.3992,0.1454,Bajo,0,34.5
Tláhuac,Noche (18-23),Lunes,11,1,0,4,0.4602,0.4224,0.1174,Bajo,0,32.9
Tláhuac,Tarde (12-17),Lunes,11,0,0,4,0.2895,0.5249,0.1856,Medio,1,44.8
Tláhuac,Tarde (12-17),Lunes,11,1,0,4,0.2645,0.5662,0.1692,Medio,1,45.2
Tláhuac,Madrugada (00-05),Martes,11,0,0,4,0.9465,0.0526,0.001,Bajo,0,2.7
Tláhuac,Madrugada (00-05),Martes,11,1,0,4,0.9503,0.0488,0.0009,Bajo,0,2.5
Tláhuac,Mañana (06-11),Martes,11,0,0,4,0.4263,0.4839,0.0899,Medio,1,33.2
Tláhuac,Mañana (06-11),Martes,11,1,0,4,0.4864,0.4281,0.0855,Bajo,0,30.0
Tláhuac,Noche (18-23),Martes,11,0,0,4,0.5861,0.3728,0.0412,Bajo,0,22.8
Tláhuac,Noche (18-23),Martes,11,1,0,4,0.6027,0.3607,0.0366,Bajo,0,21.7
Tláhuac,Tarde (12-17),Martes,11,0,0,4,0.4391,0.4814,0.0794,Medio,1,32.0
Tláhuac,Tarde (12-17),Martes,11,1,0,4,0.4685,0.4636,0.0679,Bajo,0,30.0
Tláhuac,Madrugada (00-05),Miércoles,11,0,0,4,0.9471,0.0514,0.0015,Bajo,0,2.7
Tláhuac,Madrugada (00-05),Miércoles,11,1,0,4,0.9358,0.0626,0.0016,Bajo,0,3.3
Tláhuac,Mañana (06-11),Miércoles,11,0,0,4,0.6352,0.3023,0.0625,Bajo,0,21.4
Tláhuac,Mañana (06-11),Miércoles,11,1,0,4,0.5879,0.3331,0.079,Bajo,0,24.6
Tláhuac,Noche (18-23),Miércoles,11,0,0,4,0.5469,0.3826,0.0705,Bajo,0,26.2
Tláhuac,Noche (18-23),Miércoles,11,1,0,4,0.51,0.4259,0.0641,Bajo,0,27.7
Tláhuac,Tarde (12-17),Miércoles,11,0,0,4,0.5029,0.3924,0.1047,Bajo,0,30.1
Tláhuac,Tarde (12-17),Miércoles,11,1,0,4,0.4147,0.4856,0.0997,Medio,1,34.2
Tláhuac,Madrugada (00-05),Sábado,11,0,1,4,0.5664,0.4105,0.0231,Bajo,0,22.8
Tláhuac,Madrugada (00-05),Sábado,11,1,1,4,0.5642,0.4102,0.0256,Bajo,0,23.1
Tláhuac,Mañana (06-11),Sábado,11,0,1,4,0.4802,0.4894,0.0305,Medio,1,27.5
Tláhuac,Mañana (06-11),Sábado,11,1,1,4,0.4925,0.4757,0.0318,Bajo,0,27.0
Tláhuac,Noche (18-23),Sábado,11,0,1,4,0.185,0.7126,0.1024,Medio,1,45.9
Tláhuac,Noche (18-23),Sábado,11,1,1,4,0.1533,0.684,0.1627,Medio,1,50.5
Tláhuac,Tarde (12-17),Sábado,11,0,1,4,0.3302,0.6082,0.0616,Medio,1,36.6
Tláhuac,Tarde (12-17),Sábado,11,1,1,4,0.3261,0.6121,0.0619,Medio,1,36.8
Tláhuac,Madrugada (00-05),Viernes,11,0,0,4,0.8705,0.1254,0.0041,Bajo,0,6.7
Tláhuac,Madrugada (00-05),Viernes,11,1,0,4,0.8658,0.1303,0.0039,Bajo,0,6.9
Tláhuac,Mañana (06-11),Viernes,11,0,0,4,0.4064,0.5274,0.0662,Medio,1,33.0
Tláhuac,Mañana (06-11),Viernes,11,1,0,4,0.4443,0.501,0.0547,Medio,1,30.5
Tláhuac,Noche (18-23),Viernes,11,0,0,4,0.2229,0.6238,0.1533,Medio,1,46.5
Tláhuac,Noche (18-23),Viernes,11,1,0,4,0.2834,0.5915,0.1252,Medio,1,42.1
Tláhuac,Tarde (12-17),Viernes,11,0,0,4,0.3003,0.5448,0.1549,Medio,1,42.7
Tláhuac,Tarde (12-17),Viernes,11,1,0,4,0.2887,0.568,0.1433,Medio,1,42.7
Tláhuac,Madrugada (00-05),Domingo,12,0,1,4,0.3536,0.6104,0.0361,Medio,1,34.1
Tláhuac,Madrugada (00-05),Domingo,12,1,1,4,0.422,0.5377,0.0403,Medio,1,30.9
Tláhuac,Mañana (06-11),Domingo,12,0,1,4,0.4007,0.5739,0.0254,Medio,1,31.2
Tláhuac,Mañana (06-11),Domingo,12,1,1,4,0.5328,0.4449,0.0224,Bajo,0,24.5
Tláhuac,Noche (18-23),Domingo,12,0,1,4,0.1434,0.7422,0.1144,Medio,1,48.5
Tláhuac,Noche (18-23),Domingo,12,1,1,4,0.1541,0.6293,0.2166,Medio,1,53.1
Tláhuac,Tarde (12-17),Domingo,12,0,1,4,0.2161,0.6736,0.1103,Medio,1,44.7
Tláhuac,Tarde (12-17),Domingo,12,1,1,4,0.2494,0.6431,0.1075,Medio,1,42.9
Tláhuac,Madrugada (00-05),Jueves,12,0,0,4,0.8407,0.1545,0.0048,Bajo,0,8.2
Tláhuac,Madrugada (00-05),Jueves,12,1,0,4,0.8404,0.1548,0.0048,Bajo,0,8.2
Tláhuac,Mañana (06-11),Jueves,12,0,0,4,0.4198,0.482,0.0982,Medio,1,33.9
Tláhuac,Mañana (06-11),Jueves,12,1,0,4,0.5137,0.4185,0.0678,Bajo,0,27.7
Tláhuac,Noche (18-23),Jueves,12,0,0,4,0.4045,0.4351,0.1604,Medio,1,37.8
Tláhuac,Noche (18-23),Jueves,12,1,0,4,0.3984,0.4397,0.1619,Medio,1,38.2
Tláhuac,Tarde (12-17),Jueves,12,0,0,4,0.243,0.579,0.178,Medio,1,46.7
Tláhuac,Tarde (12-17),Jueves,12,1,0,4,0.2923,0.5289,0.1788,Medio,1,44.3
Tláhuac,Madrugada (00-05),Lunes,12,0,0,4,0.83,0.1643,0.0057,Bajo,0,8.8
Tláhuac,Madrugada (00-05),Lunes,12,1,0,4,0.8254,0.1695,0.0051,Bajo,0,9.0
Tláhuac,Mañana (06-11),Lunes,12,0,0,4,0.4219,0.4776,0.1005,Medio,1,33.9
Tláhuac,Mañana (06-11),Lunes,12,1,0,4,0.5366,0.4019,0.0615,Bajo,0,26.2
Tláhuac,Noche (18-23),Lunes,12,0,0,4,0.5073,0.3918,0.1009,Bajo,0,29.7
Tláhuac,Noche (18-23),Lunes,12,1,0,4,0.3733,0.5212,0.1056,Medio,1,36.6
Tláhuac,Tarde (12-17),Lunes,12,0,0,4,0.1736,0.6672,0.1592,Medio,1,49.3
Tláhuac,Tarde (12-17),Lunes,12,1,0,4,0.1871,0.6811,0.1318,Medio,1,47.2
Tláhuac,Madrugada (00-05),Martes,12,0,0,4,0.7706,0.227,0.0024,Bajo,0,11.6
Tláhuac,Madrugada (00-05),Martes,12,1,0,4,0.8413,0.1569,0.0019,Bajo,0,8.0
Tláhuac,Mañana (06-11),Martes,12,0,0,4,0.2108,0.7157,0.0735,Medio,1,43.1
Tláhuac,Mañana (06-11),Martes,12,1,0,4,0.3949,0.5522,0.0529,Medio,1,32.9
Tláhuac,Noche (18-23),Martes,12,0,0,4,0.2831,0.6724,0.0445,Medio,1,38.1
Tláhuac,Noche (18-23),Martes,12,1,0,4,0.3812,0.5742,0.0446,Medio,1,33.2
Tláhuac,Tarde (12-17),Martes,12,0,0,4,0.1494,0.7824,0.0682,Medio,1,45.9
Tláhuac,Tarde (12-17),Martes,12,1,0,4,0.2346,0.7022,0.0632,Medio,1,41.4
Tláhuac,Madrugada (00-05),Miércoles,12,0,0,4,0.8974,0.1003,0.0023,Bajo,0,5.2
Tláhuac,Madrugada (00-05),Miércoles,12,1,0,4,0.8917,0.1061,0.0022,Bajo,0,5.5
Tláhuac,Mañana (06-11),Miércoles,12,0,0,4,0.5551,0.3756,0.0694,Bajo,0,25.7
Tláhuac,Mañana (06-11),Miércoles,12,1,0,4,0.6281,0.3176,0.0542,Bajo,0,21.3
Tláhuac,Noche (18-23),Miércoles,12,0,0,4,0.4744,0.4529,0.0726,Bajo,0,29.9
Tláhuac,Noche (18-23),Miércoles,12,1,0,4,0.472,0.4597,0.0682,Bajo,0,29.8
Tláhuac,Tarde (12-17),Miércoles,12,0,0,4,0.3569,0.5188,0.1243,Medio,1,38.4
Tláhuac,Tarde (12-17),Miércoles,12,1,0,4,0.337,0.5568,0.1063,Medio,1,38.5
Tláhuac,Madrugada (00-05),Sábado,12,0,1,4,0.2537,0.7111,0.0352,Medio,1,39.1
Tláhuac,Madrugada (00-05),Sábado,12,1,1,4,0.3219,0.6367,0.0415,Medio,1,36.0
Tláhuac,Mañana (06-11),Sábado,12,0,1,4,0.2656,0.6977,0.0367,Medio,1,38.6
Tláhuac,Mañana (06-11),Sábado,12,1,1,4,0.3598,0.6076,0.0326,Medio,1,33.6
Tláhuac,Noche (18-23),Sábado,12,0,1,4,0.0984,0.8116,0.09,Medio,1,49.6
Tláhuac,Noche (18-23),Sábado,12,1,1,4,0.1094,0.717,0.1736,Medio,1,53.2
Tláhuac,Tarde (12-17),Sábado,12,0,1,4,0.1207,0.7764,0.1029,Medio,1,49.1
Tláhuac,Tarde (12-17),Sábado,12,1,1,4,0.1593,0.7501,0.0907,Medio,1,46.6
Tláhuac,Madrugada (00-05),Viernes,12,0,0,4,0.7305,0.2628,0.0067,Bajo,0,13.8
Tláhuac,Madrugada (00-05),Viernes,12,1,0,4,0.7545,0.2394,0.0061,Bajo,0,12.6
Tláhuac,Mañana (06-11),Viernes,12,0,0,4,0.4556,0.4877,0.0567,Medio,1,30.1
Tláhuac,Mañana (06-11),Viernes,12,1,0,4,0.6036,0.3604,0.036,Bajo,0,21.6
Tláhuac,Noche (18-23),Viernes,12,0,0,4,0.1459,0.7126,0.1415,Medio,1,49.8
Tláhuac,Noche (18-23),Viernes,12,1,0,4,0.231,0.646,0.1229,Medio,1,44.6
Tláhuac,Tarde (12-17),Viernes,12,0,0,4,0.1374,0.7265,0.1361,Medio,1,49.9
Tláhuac,Tarde (12-17),Viernes,12,1,0,4,0.1682,0.6983,0.1336,Medio,1,48.3
Venustiano Carranza,Madrugada (00-05),Domingo,1,0,1,1,0.3581,0.4727,0.1692,Medio,1,40.6
Venustiano Carranza,Madrugada (00-05),Domingo,1,1,1,1,0.2448,0.5699,0.1854,Medio,1,47.0
Venustiano Carranza,Mañana (06-11),Domingo,1,0,1,1,0.2819,0.5307,0.1874,Medio,1,45.3
Venustiano Carranza,Mañana (06-11),Domingo,1,1,1,1,0.2007,0.5774,0.2219,Medio,1,51.1
Venustiano Carranza,Noche (18-23),Domingo,1,0,1,1,0.0659,0.4175,0.5165,Alto,2,72.5
Venustiano Carranza,Noche (18-23),Domingo,1,1,1,1,0.0709,0.44,0.4891,Alto,2,70.9
Venustiano Carranza,Tarde (12-17),Domingo,1,0,1,1,0.2062,0.2714,0.5224,Alto,2,65.8
Venustiano Carranza,Tarde (12-17),Domingo,1,1,1,1,0.1826,0.3757,0.4417,Alto,2,63.0
Venustiano Carranza,Madrugada (00-05),Jueves,1,0,0,1,0.6932,0.2804,0.0265,Bajo,0,16.7
Venustiano Carranza,Madrugada (00-05),Jueves,1,1,0,1,0.7064,0.278,0.0156,Bajo,0,15.5
Venustiano Carranza,Mañana (06-11),Jueves,1,0,0,1,0.0626,0.5817,0.3557,Medio,1,64.7
Venustiano Carranza,Mañana (06-11),Jueves,1,1,0,1,0.0685,0.6377,0.2938,Medio,1,61.3
Venustiano Carranza,Noche (18-23),Jueves,1,0,0,1,0.0629,0.3624,0.5747,Alto,2,75.6
Venustiano Carranza,Noche (18-23),Jueves,1,1,0,1,0.1075,0.515,0.3774,Medio,1,63.5
Venustiano Carranza,Tarde (12-17),Jueves,1,0,0,1,0.0525,0.309,0.6385,Alto,2,79.3
Venustiano Carranza,Tarde (12-17),Jueves,1,1,0,1,0.1062,0.4439,0.4499,Alto,2,67.2
Venustiano Carranza,Madrugada (00-05),Lunes,1,0,0,1,0.7043,0.2742,0.0216,Bajo,0,15.9
Venustiano Carranza,Madrugada (00-05),Lunes,1,1,0,1,0.7193,0.2626,0.0181,Bajo,0,14.9
Venustiano Carranza,Mañana (06-11),Lunes,1,0,0,1,0.1588,0.419,0.4222,Alto,2,63.2
Venustiano Carranza,Mañana (06-11),Lunes,1,1,0,1,0.1946,0.3879,0.4175,Alto,2,61.1
Venustiano Carranza,Noche (18-23),Lunes,1,0,0,1,0.1046,0.4406,0.4549,Alto,2,67.5
Venustiano Carranza,Noche (18-23),Lunes,1,1,0,1,0.1419,0.4477,0.4103,Medio,1,63.4
Venustiano Carranza,Tarde (12-17),Lunes,1,0,0,1,0.0536,0.3295,0.6169,Alto,2,78.2
Venustiano Carranza,Tarde (12-17),Lunes,1,1,0,1,0.0697,0.4443,0.486,Alto,2,70.8
Venustiano Carranza,Madrugada (00-05),Martes,1,0,0,1,0.7479,0.2387,0.0134,Bajo,0,13.3
Venustiano Carranza,Madrugada (00-05),Martes,1,1,0,1,0.7246,0.263,0.0125,Bajo,0,14.4
Venustiano Carranza,Mañana (06-11),Martes,1,0,0,1,0.0749,0.5722,0.3529,Medio,1,63.9
Venustiano Carranza,Mañana (06-11),Martes,1,1,0,1,0.0665,0.5312,0.4023,Medio,1,66.8
Venustiano Carranza,Noche (18-23),Martes,1,0,0,1,0.083,0.6316,0.2854,Medio,1,60.1
Venustiano Carranza,Noche (18-23),Martes,1,1,0,1,0.1452,0.5868,0.268,Medio,1,56.1
Venustiano Carranza,Tarde (12-17),Martes,1,0,0,1,0.097,0.3103,0.5927,Alto,2,74.8
Venustiano Carranza,Tarde (12-17),Martes,1,1,0,1,0.1278,0.481,0.3912,Medio,1,63.2
Venustiano Carranza,Madrugada (00-05),Miércoles,1,0,0,1,0.677,0.2987,0.0244,Bajo,0,17.4
Venustiano Carranza,Madrugada (00-05),Miércoles,1,1,0,1,0.6811,0.3028,0.0161,Bajo,0,16.8
Venustiano Carranza,Mañana (06-11),Miércoles,1,0,0,1,0.064,0.4302,0.5057,Alto,2,72.1
Venustiano Carranza,Mañana (06-11),Miércoles,1,1,0,1,0.0663,0.4664,0.4673,Alto,2,70.0
Venustiano Carranza,Noche (18-23),Miércoles,1,0,0,1,0.0297,0.4539,0.5164,Alto,2,74.3
Venustiano Carranza,Noche (18-23),Miércoles,1,1,0,1,0.0672,0.5867,0.3461,Medio,1,63.9
Venustiano Carranza,Tarde (12-17),Miércoles,1,0,0,1,0.0377,0.2352,0.7271,Alto,2,84.5
Venustiano Carranza,Tarde (12-17),Miércoles,1,1,0,1,0.0779,0.3996,0.5225,Alto,2,72.2
Venustiano Carranza,Madrugada (00-05),Sábado,1,0,1,1,0.344,0.4733,0.1827,Medio,1,41.9
Venustiano Carranza,Madrugada (00-05),Sábado,1,1,1,1,0.2403,0.5605,0.1992,Medio,1,47.9
Venustiano Carranza,Mañana (06-11),Sábado,1,0,1,1,0.1706,0.5283,0.3011,Medio,1,56.5
Venustiano Carranza,Mañana (06-11),Sábado,1,1,1,1,0.1075,0.6477,0.2448,Medio,1,56.9
Venustiano Carranza,Noche (18-23),Sábado,1,0,1,1,0.0443,0.258,0.6977,Alto,2,82.7
Venustiano Carranza,Noche (18-23),Sábado,1,1,1,1,0.0523,0.2284,0.7194,Alto,2,83.4
Venustiano Carranza,Tarde (12-17),Sábado,1,0,1,1,0.1682,0.1588,0.673,Alto,2,75.2
Venustiano Carranza,Tarde (12-17),Sábado,1,1,1,1,0.1466,0.2571,0.5963,Alto,2,72.5
Venustiano Carranza,Madrugada (00-05),Viernes,1,0,0,1,0.6442,0.3231,0.0327,Bajo,0,19.4
Venustiano Carranza,Madrugada (00-05),Viernes,1,1,0,1,0.5476,0.4237,0.0286,Bajo,0,24.0
Venustiano Carranza,Mañana (06-11),Viernes,1,0,0,1,0.1125,0.4279,0.4596,Alto,2,67.4
Venustiano Carranza,Mañana (06-11),Viernes,1,1,0,1,0.1057,0.467,0.4274,Medio,1,66.1
Venustiano Carranza,Noche (18-23),Viernes,1,0,0,1,0.0335,0.2129,0.7536,Alto,2,86.0
Venustiano Carranza,Noche (18-23),Viernes,1,1,0,1,0.0514,0.3284,0.6202,Alto,2,78.4
Venustiano Carranza,Tarde (12-17),Viernes,1,0,0,1,0.0364,0.2424,0.7212,Alto,2,84.2
Venustiano Carranza,Tarde (12-17),Viernes,1,1,0,1,0.0522,0.4487,0.4991,Alto,2,72.3
Venustiano Carranza,Madrugada (00-05),Domingo,2,0,1,1,0.2171,0.5519,0.231,Medio,1,50.7
Venustiano Carranza,Madrugada (00-05),Domingo,2,1,1,1,0.179,0.5718,0.2491,Medio,1,53.5
Venustiano Carranza,Mañana (06-11),Domingo,2,0,1,1,0.2336,0.5189,0.2475,Medio,1,50.7
Venustiano Carranza,Mañana (06-11),Domingo,2,1,1,1,0.1816,0.5304,0.2879,Medio,1,55.3
Venustiano Carranza,Noche (18-23),Domingo,2,0,1,1,0.0553,0.3853,0.5594,Alto,2,75.2
Venustiano Carranza,Noche (18-23),Domingo,2,1,1,1,0.0629,0.3572,0.5799,Alto,2,75.8
Venustiano Carranza,Tarde (12-17),Domingo,2,0,1,1,0.0566,0.3077,0.6356,Alto,2,78.9
Venustiano Carranza,Tarde (12-17),Domingo,2,1,1,1,0.0536,0.3947,0.5517,Alto,2,74.9
Venustiano Carranza,Madrugada (00-05),Jueves,2,0,0,1,0.693,0.2791,0.0279,Bajo,0,16.7
Venustiano Carranza,Madrugada (00-05),Jueves,2,1,0,1,0.6092,0.3515,0.0393,Bajo,0,21.5
Venustiano Carranza,Mañana (06-11),Jueves,2,0,0,1,0.0675,0.4355,0.497,Alto,2,71.5
Venustiano Carranza,Mañana (06-11),Jueves,2,1,0,1,0.0476,0.3907,0.5617,Alto,2,75.7
Venustiano Carranza,Noche (18-23),Jueves,2,0,0,1,0.0742,0.3279,0.5979,Alto,2,76.2
Venustiano Carranza,Noche (18-23),Jueves,2,1,0,1,0.0641,0.3116,0.6243,Alto,2,78.0
Venustiano Carranza,Tarde (12-17),Jueves,2,0,0,1,0.0252,0.2716,0.7032,Alto,2,83.9
Venustiano Carranza,Tarde (12-17),Jueves,2,1,0,1,0.0257,0.3103,0.664,Alto,2,81.9
Venustiano Carranza,Madrugada (00-05),Lunes,2,0,0,1,0.4426,0.5199,0.0376,Medio,1,29.7
Venustiano Carranza,Madrugada (00-05),Lunes,2,1,0,1,0.4314,0.5272,0.0414,Medio,1,30.5
Venustiano Carranza,Mañana (06-11),Lunes,2,0,0,1,0.0621,0.4699,0.468,Medio,1,70.3
Venustiano Carranza,Mañana (06-11),Lunes,2,1,0,1,0.0594,0.471,0.4695,Medio,1,70.5
Venustiano Carranza,Noche (18-23),Lunes,2,0,0,1,0.0606,0.4355,0.5039,Alto,2,72.2
Venustiano Carranza,Noche (18-23),Lunes,2,1,0,1,0.0759,0.3835,0.5405,Alto,2,73.2
Venustiano Carranza,Tarde (12-17),Lunes,2,0,0,1,0.0186,0.3084,0.673,Alto,2,82.7
Venustiano Carranza,Tarde (12-17),Lunes,2,1,0,1,0.0184,0.3759,0.6057,Alto,2,79.4
Venustiano Carranza,Madrugada (00-05),Martes,2,0,0,1,0.6051,0.3655,0.0293,Bajo,0,21.2
Venustiano Carranza,Madrugada (00-05),Martes,2,1,0,1,0.5957,0.3685,0.0358,Bajo,0,22.0
Venustiano Carranza,Mañana (06-11),Martes,2,0,0,1,0.0437,0.438,0.5183,Alto,2,73.7
Venustiano Carranza,Mañana (06-11),Martes,2,1,0,1,0.0348,0.3805,0.5846,Alto,2,77.5
Venustiano Carranza,Noche (18-23),Martes,2,0,0,1,0.0487,0.521,0.4304,Medio,1,69.1
Venustiano Carranza,Noche (18-23),Martes,2,1,0,1,0.0694,0.4054,0.5252,Alto,2,72.8
Venustiano Carranza,Tarde (12-17),Martes,2,0,0,1,0.0351,0.2305,0.7344,Alto,2,85.0
Venustiano Carranza,Tarde (12-17),Martes,2,1,0,1,0.0383,0.3258,0.6359,Alto,2,79.9
Venustiano Carranza,Madrugada (00-05),Miércoles,2,0,0,1,0.6396,0.3349,0.0255,Bajo,0,19.3
Venustiano Carranza,Madrugada (00-05),Miércoles,2,1,0,1,0.643,0.3307,0.0263,Bajo,0,19.2
Venustiano Carranza,Mañana (06-11),Miércoles,2,0,0,1,0.0528,0.3673,0.5799,Alto,2,76.4
Venustiano Carranza,Mañana (06-11),Miércoles,2,1,0,1,0.0417,0.3761,0.5822,Alto,2,77.0
Venustiano Carranza,Noche (18-23),Miércoles,2,0,0,1,0.0393,0.4241,0.5366,Alto,2,74.9
Venustiano Carranza,Noche (18-23),Miércoles,2,1,0,1,0.0557,0.412,0.5323,Alto,2,73.8
Venustiano Carranza,Tarde (12-17),Miércoles,2,0,0,1,0.0254,0.2276,0.747,Alto,2,86.1
Venustiano Carranza,Tarde (12-17),Miércoles,2,1,0,1,0.0355,0.2986,0.6658,Alto,2,81.5
Venustiano Carranza,Madrugada (00-05),Sábado,2,0,1,1,0.2555,0.5301,0.2145,Medio,1,47.9
Venustiano Carranza,Madrugada (00-05),Sábado,2,1,1,1,0.174,0.5957,0.2303,Medio,1,52.8
Venustiano Carranza,Mañana (06-11),Sábado,2,0,1,1,0.1918,0.4358,0.3724,Medio,1,59.0
Venustiano Carranza,Mañana (06-11),Sábado,2,1,1,1,0.1291,0.5056,0.3653,Medio,1,61.8
Venustiano Carranza,Noche (18-23),Sábado,2,0,1,1,0.042,0.2361,0.7219,Alto,2,84.0
Venustiano Carranza,Noche (18-23),Sábado,2,1,1,1,0.0476,0.197,0.7554,Alto,2,85.4
Venustiano Carranza,Tarde (12-17),Sábado,2,0,1,1,0.0629,0.1892,0.7479,Alto,2,84.3
Venustiano Carranza,Tarde (12-17),Sábado,2,1,1,1,0.0408,0.2996,0.6596,Alto,2,80.9
Venustiano Carranza,Madrugada (00-05),Viernes,2,0,0,1,0.6116,0.3477,0.0407,Bajo,0,21.5
Venustiano Carranza,Madrugada (00-05),Viernes,2,1,0,1,0.5999,0.3637,0.0364,Bajo,0,21.8
Venustiano Carranza,Mañana (06-11),Viernes,2,0,0,1,0.0856,0.3378,0.5766,Alto,2,74.6
Venustiano Carranza,Mañana (06-11),Viernes,2,1,0,1,0.0852,0.3709,0.5439,Alto,2,72.9
Venustiano Carranza,Noche (18-23),Viernes,2,0,0,1,0.0279,0.2219,0.7502,Alto,2,86.1
Venustiano Carranza,Noche (18-23),Viernes,2,1,0,1,0.0477,0.2822,0.6702,Alto,2,81.1
Venustiano Carranza,Tarde (12-17),Viernes,2,0,0,1,0.0172,0.2042,0.7786,Alto,2,88.1
Venustiano Carranza,Tarde (12-17),Viernes,2,1,0,1,0.0267,0.3407,0.6327,Alto,2,80.3
Venustiano Carranza,Madrugada (00-05),Domingo,3,0,1,1,0.1958,0.5752,0.229,Medio,1,51.7
Venustiano Carranza,Madrugada (00-05),Domingo,3,1,1,1,0.1689,0.5874,0.2437,Medio,1,53.7
Venustiano Carranza,Mañana (06-11),Domingo,3,0,1,1,0.1819,0.5247,0.2935,Medio,1,55.6
Venustiano Carranza,Mañana (06-11),Domingo,3,1,1,1,0.1516,0.5344,0.314,Medio,1,58.1
Venustiano Carranza,Noche (18-23),Domingo,3,0,1,1,0.0911,0.4203,0.4886,Alto,2,69.9
Venustiano Carranza,Noche (18-23),Domingo,3,1,1,1,0.1004,0.3729,0.5266,Alto,2,71.3
Venustiano Carranza,Tarde (12-17),Domingo,3,0,1,1,0.0554,0.3681,0.5765,Alto,2,76.1
Venustiano Carranza,Tarde (12-17),Domingo,3,1,1,1,0.0564,0.4132,0.5303,Alto,2,73.7
Venustiano Carranza,Madrugada (00-05),Jueves,3,0,0,1,0.6574,0.3165,0.0262,Bajo,0,18.4
Venustiano Carranza,Madrugada (00-05),Jueves,3,1,0,1,0.5553,0.4073,0.0374,Bajo,0,24.1
Venustiano Carranza,Mañana (06-11),Jueves,3,0,0,1,0.0564,0.4644,0.4792,Alto,2,71.1
Venustiano Carranza,Mañana (06-11),Jueves,3,1,0,1,0.0417,0.4317,0.5267,Alto,2,74.2
Venustiano Carranza,Noche (18-23),Jueves,3,0,0,1,0.1184,0.3689,0.5127,Alto,2,69.7
Venustiano Carranza,Noche (18-23),Jueves,3,1,0,1,0.0914,0.3468,0.5618,Alto,2,73.5
Venustiano Carranza,Tarde (12-17),Jueves,3,0,0,1,0.0297,0.374,0.5963,Alto,2,78.3
Venustiano Carranza,Tarde (12-17),Jueves,3,1,0,1,0.0252,0.3561,0.6187,Alto,2,79.7
Venustiano Carranza,Madrugada (00-05),Lunes,3,0,0,1,0.4397,0.5242,0.0362,Medio,1,29.8
Venustiano Carranza,Madrugada (00-05),Lunes,3,1,0,1,0.448,0.5121,0.04,Medio,1,29.6
Venustiano Carranza,Mañana (06-11),Lunes,3,0,0,1,0.0612,0.4475,0.4914,Alto,2,71.5
Venustiano Carranza,Mañana (06-11),Lunes,3,1,0,1,0.0658,0.4588,0.4753,Alto,2,70.5
Venustiano Carranza,Noche (18-23),Lunes,3,0,0,1,0.1037,0.4529,0.4434,Medio,1,67.0
Venustiano Carranza,Noche (18-23),Lunes,3,1,0,1,0.1277,0.3788,0.4934,Alto,2,68.3
Venustiano Carranza,Tarde (12-17),Lunes,3,0,0,1,0.02,0.3762,0.6038,Alto,2,79.2
Venustiano Carranza,Tarde (12-17),Lunes,3,1,0,1,0.0206,0.4001,0.5793,Alto,2,77.9
Venustiano Carranza,Madrugada (00-05),Martes,3,0,0,1,0.5544,0.416,0.0296,Bajo,0,23.8
Venustiano Carranza,Madrugada (00-05),Martes,3,1,0,1,0.5666,0.3947,0.0388,Bajo,0,23.6
Venustiano Carranza,Mañana (06-11),Martes,3,0,0,1,0.0349,0.4394,0.5256,Alto,2,74.5
Venustiano Carranza,Mañana (06-11),Martes,3,1,0,1,0.0294,0.3853,0.5853,Alto,2,77.8
Venustiano Carranza,Noche (18-23),Martes,3,0,0,1,0.0724,0.5507,0.377,Medio,1,65.2
Venustiano Carranza,Noche (18-23),Martes,3,1,0,1,0.0941,0.4231,0.4828,Alto,2,69.4
Venustiano Carranza,Tarde (12-17),Martes,3,0,0,1,0.0388,0.3005,0.6606,Alto,2,81.1
Venustiano Carranza,Tarde (12-17),Martes,3,1,0,1,0.0411,0.3239,0.635,Alto,2,79.7
Venustiano Carranza,Madrugada (00-05),Miércoles,3,0,0,1,0.609,0.3656,0.0254,Bajo,0,20.8
Venustiano Carranza,Madrugada (00-05),Miércoles,3,1,0,1,0.5974,0.3748,0.0279,Bajo,0,21.5
Venustiano Carranza,Mañana (06-11),Miércoles,3,0,0,1,0.046,0.3552,0.5988,Alto,2,77.6
Venustiano Carranza,Mañana (06-11),Miércoles,3,1,0,1,0.0357,0.369,0.5952,Alto,2,78.0
Venustiano Carranza,Noche (18-23),Miércoles,3,0,0,1,0.0525,0.4475,0.5,Alto,2,72.4
Venustiano Carranza,Noche (18-23),Miércoles,3,1,0,1,0.061,0.4177,0.5213,Alto,2,73.0
Venustiano Carranza,Tarde (12-17),Miércoles,3,0,0,1,0.0306,0.3094,0.66,Alto,2,81.5
Venustiano Carranza,Tarde (12-17),Miércoles,3,1,0,1,0.0367,0.3465,0.6168,Alto,2,79.0
Venustiano Carranza,Madrugada (00-05),Sábado,3,0,1,1,0.2059,0.578,0.2161,Medio,1,50.5
Venustiano Carranza,Madrugada (00-05),Sábado,3,1,1,1,0.1549,0.6241,0.2211,Medio,1,53.3
Venustiano Carranza,Mañana (06-11),Sábado,3,0,1,1,0.1317,0.4415,0.4269,Medio,1,64.8
Venustiano Carranza,Mañana (06-11),Sábado,3,1,1,1,0.0956,0.5361,0.3683,Medio,1,63.6
Venustiano Carranza,Noche (18-23),Sábado,3,0,1,1,0.0755,0.3247,0.5998,Alto,2,76.2
Venustiano Carranza,Noche (18-23),Sábado,3,1,1,1,0.0904,0.2579,0.6517,Alto,2,78.1
Venustiano Carranza,Tarde (12-17),Sábado,3,0,1,1,0.0525,0.2689,0.6786,Alto,2,81.3
Venustiano Carranza,Tarde (12-17),Sábado,3,1,1,1,0.0387,0.3762,0.5851,Alto,2,77.3
Venustiano Carranza,Madrugada (00-05),Viernes,3,0,0,1,0.6012,0.3599,0.0388,Bajo,0,21.9
Venustiano Carranza,Madrugada (00-05),Viernes,3,1,0,1,0.5862,0.3803,0.0334,Bajo,0,22.4
Venustiano Carranza,Mañana (06-11),Viernes,3,0,0,1,0.0878,0.3701,0.542,Alto,2,72.7
Venustiano Carranza,Mañana (06-11),Viernes,3,1,0,1,0.0931,0.4337,0.4732,Alto,2,69.0
Venustiano Carranza,Noche (18-23),Viernes,3,0,0,1,0.0472,0.2557,0.6971,Alto,2,82.5
Venustiano Carranza,Noche (18-23),Viernes,3,1,0,1,0.0692,0.3436,0.5873,Alto,2,75.9
Venustiano Carranza,Tarde (12-17),Viernes,3,0,0,1,0.0203,0.2341,0.7456,Alto,2,86.3
Venustiano Carranza,Tarde (12-17),Viernes,3,1,0,1,0.0304,0.3562,0.6134,Alto,2,79.1
Venustiano Carranza,Madrugada (00-05),Domingo,4,0,1,2,0.1718,0.6323,0.1959,Medio,1,51.2
Venustiano Carranza,Madrugada (00-05),Domingo,4,1,1,2,0.1793,0.5666,0.2542,Medio,1,53.7
Venustiano Carranza,Mañana (06-11),Domingo,4,0,1,2,0.2854,0.535,0.1796,Medio,1,44.7
Venustiano Carranza,Mañana (06-11),Domingo,4,1,1,2,0.2825,0.4603,0.2572,Medio,1,48.7
Venustiano Carranza,Noche (18-23),Domingo,4,0,1,2,0.0282,0.46,0.5118,Alto,2,74.2
Venustiano Carranza,Noche (18-23),Domingo,4,1,1,2,0.0311,0.3385,0.6303,Alto,2,80.0
Venustiano Carranza,Tarde (12-17),Domingo,4,0,1,2,0.0454,0.4683,0.4862,Alto,2,72.0
Venustiano Carranza,Tarde (12-17),Domingo,4,1,1,2,0.0556,0.4116,0.5329,Alto,2,73.9
Venustiano Carranza,Madrugada (00-05),Jueves,4,0,0,2,0.6449,0.3307,0.0244,Bajo,0,19.0
Venustiano Carranza,Madrugada (00-05),Jueves,4,1,0,2,0.5594,0.3988,0.0419,Bajo,0,24.1
Venustiano Carranza,Mañana (06-11),Jueves,4,0,0,2,0.081,0.5756,0.3434,Medio,1,63.1
Venustiano Carranza,Mañana (06-11),Jueves,4,1,0,2,0.0595,0.466,0.4745,Alto,2,70.7
Venustiano Carranza,Noche (18-23),Jueves,4,0,0,2,0.0436,0.4105,0.5459,Alto,2,75.1
Venustiano Carranza,Noche (18-23),Jueves,4,1,0,2,0.0265,0.3247,0.6488,Alto,2,81.1
Venustiano Carranza,Tarde (12-17),Jueves,4,0,0,2,0.0286,0.4245,0.5469,Alto,2,75.9
Venustiano Carranza,Tarde (12-17),Jueves,4,1,0,2,0.025,0.3403,0.6347,Alto,2,80.5
Venustiano Carranza,Madrugada (00-05),Lunes,4,0,0,2,0.521,0.4451,0.0339,Bajo,0,25.6
Venustiano Carranza,Madrugada (00-05),Lunes,4,1,0,2,0.5647,0.3919,0.0434,Bajo,0,23.9
Venustiano Carranza,Mañana (06-11),Lunes,4,0,0,2,0.0943,0.5229,0.3828,Medio,1,64.4
Venustiano Carranza,Mañana (06-11),Lunes,4,1,0,2,0.0925,0.4399,0.4675,Alto,2,68.7
Venustiano Carranza,Noche (18-23),Lunes,4,0,0,2,0.0579,0.4612,0.4809,Alto,2,71.1
Venustiano Carranza,Noche (18-23),Lunes,4,1,0,2,0.0677,0.3317,0.6006,Alto,2,76.6
Venustiano Carranza,Tarde (12-17),Lunes,4,0,0,2,0.0243,0.3319,0.6437,Alto,2,81.0
Venustiano Carranza,Tarde (12-17),Lunes,4,1,0,2,0.0267,0.2944,0.6788,Alto,2,82.6
Venustiano Carranza,Madrugada (00-05),Martes,4,0,0,2,0.5815,0.3915,0.0271,Bajo,0,22.3
Venustiano Carranza,Madrugada (00-05),Martes,4,1,0,2,0.6434,0.3195,0.0371,Bajo,0,19.7
Venustiano Carranza,Mañana (06-11),Martes,4,0,0,2,0.064,0.513,0.4229,Medio,1,67.9
Venustiano Carranza,Mañana (06-11),Martes,4,1,0,2,0.0572,0.3789,0.564,Alto,2,75.3
Venustiano Carranza,Noche (18-23),Martes,4,0,0,2,0.0252,0.5521,0.4227,Medio,1,69.9
Venustiano Carranza,Noche (18-23),Martes,4,1,0,2,0.0284,0.4257,0.546,Alto,2,75.9
Venustiano Carranza,Tarde (12-17),Martes,4,0,0,2,0.0328,0.3516,0.6156,Alto,2,79.1
Venustiano Carranza,Tarde (12-17),Martes,4,1,0,2,0.0404,0.3061,0.6535,Alto,2,80.7
Venustiano Carranza,Madrugada (00-05),Miércoles,4,0,0,2,0.5573,0.4167,0.026,Bajo,0,23.4
Venustiano Carranza,Madrugada (00-05),Miércoles,4,1,0,2,0.5708,0.396,0.0332,Bajo,0,23.1
Venustiano Carranza,Mañana (06-11),Miércoles,4,0,0,2,0.0498,0.5028,0.4474,Medio,1,69.9
Venustiano Carranza,Mañana (06-11),Miércoles,4,1,0,2,0.0388,0.4206,0.5405,Alto,2,75.1
Venustiano Carranza,Noche (18-23),Miércoles,4,0,0,2,0.0179,0.4552,0.5269,Alto,2,75.5
Venustiano Carranza,Noche (18-23),Miércoles,4,1,0,2,0.0193,0.3731,0.6076,Alto,2,79.4
Venustiano Carranza,Tarde (12-17),Miércoles,4,0,0,2,0.0291,0.4082,0.5626,Alto,2,76.7
Venustiano Carranza,Tarde (12-17),Miércoles,4,1,0,2,0.037,0.3818,0.5811,Alto,2,77.2
Venustiano Carranza,Madrugada (00-05),Sábado,4,0,1,2,0.1675,0.6491,0.1834,Medio,1,50.8
Venustiano Carranza,Madrugada (00-05),Sábado,4,1,1,2,0.1443,0.624,0.2317,Medio,1,54.4
Venustiano Carranza,Mañana (06-11),Sábado,4,0,1,2,0.216,0.4538,0.3301,Medio,1,55.7
Venustiano Carranza,Mañana (06-11),Sábado,4,1,1,2,0.1761,0.4495,0.3744,Medio,1,59.9
Venustiano Carranza,Noche (18-23),Sábado,4,0,1,2,0.0223,0.3761,0.6015,Alto,2,79.0
Venustiano Carranza,Noche (18-23),Sábado,4,1,1,2,0.0254,0.2599,0.7147,Alto,2,84.5
Venustiano Carranza,Tarde (12-17),Sábado,4,0,1,2,0.0306,0.3471,0.6223,Alto,2,79.6
Venustiano Carranza,Tarde (12-17),Sábado,4,1,1,2,0.0274,0.3649,0.6077,Alto,2,79.0
Venustiano Carranza,Madrugada (00-05),Viernes,4,0,0,2,0.4916,0.4676,0.0409,Bajo,0,27.5
Venustiano Carranza,Madrugada (00-05),Viernes,4,1,0,2,0.5319,0.4279,0.0402,Bajo,0,25.4
Venustiano Carranza,Mañana (06-11),Viernes,4,0,0,2,0.1181,0.4732,0.4087,Medio,1,64.5
Venustiano Carranza,Mañana (06-11),Viernes,4,1,0,2,0.13,0.438,0.432,Medio,1,65.1
Venustiano Carranza,Noche (18-23),Viernes,4,0,0,2,0.0142,0.3509,0.6349,Alto,2,81.0
Venustiano Carranza,Noche (18-23),Viernes,4,1,0,2,0.0197,0.3748,0.6055,Alto,2,79.3
Venustiano Carranza,Tarde (12-17),Viernes,4,0,0,2,0.0157,0.3403,0.6439,Alto,2,81.4
Venustiano Carranza,Tarde (12-17),Viernes,4,1,0,2,0.0259,0.3641,0.6101,Alto,2,79.2
Venustiano Carranza,Madrugada (00-05),Domingo,5,0,1,2,0.1822,0.512,0.3058,Medio,1,56.2
Venustiano Carranza,Madrugada (00-05),Domingo,5,1,1,2,0.1843,0.4854,0.3304,Medio,1,57.3
Venustiano Carranza,Mañana (06-11),Domingo,5,0,1,2,0.2842,0.4836,0.2322,Medio,1,47.4
Venustiano Carranza,Mañana (06-11),Domingo,5,1,1,2,0.2793,0.4459,0.2748,Medio,1,49.8
Venustiano Carranza,Noche (18-23),Domingo,5,0,1,2,0.0256,0.2725,0.7019,Alto,2,83.8
Venustiano Carranza,Noche (18-23),Domingo,5,1,1,2,0.0287,0.2403,0.731,Alto,2,85.1
Venustiano Carranza,Tarde (12-17),Domingo,5,0,1,2,0.0389,0.3633,0.5978,Alto,2,77.9
Venustiano Carranza,Tarde (12-17),Domingo,5,1,1,2,0.0514,0.3365,0.6121,Alto,2,78.0
Venustiano Carranza,Madrugada (00-05),Jueves,5,0,0,2,0.6866,0.2841,0.0293,Bajo,0,17.1
Venustiano Carranza,Madrugada (00-05),Jueves,5,1,0,2,0.5779,0.3806,0.0415,Bajo,0,23.2
Venustiano Carranza,Mañana (06-11),Jueves,5,0,0,2,0.0777,0.4701,0.4522,Medio,1,68.7
Venustiano Carranza,Mañana (06-11),Jueves,5,1,0,2,0.0554,0.4184,0.5262,Alto,2,73.5
Venustiano Carranza,Noche (18-23),Jueves,5,0,0,2,0.0438,0.3011,0.6551,Alto,2,80.6
Venustiano Carranza,Noche (18-23),Jueves,5,1,0,2,0.0281,0.3082,0.6637,Alto,2,81.8
Venustiano Carranza,Tarde (12-17),Jueves,5,0,0,2,0.0239,0.3554,0.6208,Alto,2,79.8
Venustiano Carranza,Tarde (12-17),Jueves,5,1,0,2,0.0247,0.342,0.6333,Alto,2,80.4
Venustiano Carranza,Madrugada (00-05),Lunes,5,0,0,2,0.5542,0.4017,0.044,Bajo,0,24.5
Venustiano Carranza,Madrugada (00-05),Lunes,5,1,0,2,0.6139,0.3378,0.0483,Bajo,0,21.7
Venustiano Carranza,Mañana (06-11),Lunes,5,0,0,2,0.0998,0.4649,0.4354,Medio,1,66.8
Venustiano Carranza,Mañana (06-11),Lunes,5,1,0,2,0.1088,0.4017,0.4895,Alto,2,69.0
Venustiano Carranza,Noche (18-23),Lunes,5,0,0,2,0.0524,0.3271,0.6204,Alto,2,78.4
Venustiano Carranza,Noche (18-23),Lunes,5,1,0,2,0.0659,0.2602,0.6739,Alto,2,80.4
Venustiano Carranza,Tarde (12-17),Lunes,5,0,0,2,0.0221,0.3015,0.6765,Alto,2,82.7
Venustiano Carranza,Tarde (12-17),Lunes,5,1,0,2,0.0277,0.2616,0.7107,Alto,2,84.2
Venustiano Carranza,Madrugada (00-05),Martes,5,0,0,2,0.6452,0.3307,0.0241,Bajo,0,18.9
Venustiano Carranza,Madrugada (00-05),Martes,5,1,0,2,0.7027,0.2696,0.0277,Bajo,0,16.2
Venustiano Carranza,Mañana (06-11),Martes,5,0,0,2,0.0676,0.5385,0.3939,Medio,1,66.3
Venustiano Carranza,Mañana (06-11),Martes,5,1,0,2,0.064,0.4112,0.5248,Alto,2,73.0
Venustiano Carranza,Noche (18-23),Martes,5,0,0,2,0.0304,0.528,0.4417,Medio,1,70.6
Venustiano Carranza,Noche (18-23),Martes,5,1,0,2,0.0378,0.4432,0.5189,Alto,2,74.1
Venustiano Carranza,Tarde (12-17),Martes,5,0,0,2,0.0309,0.3868,0.5823,Alto,2,77.6
Venustiano Carranza,Tarde (12-17),Martes,5,1,0,2,0.0434,0.3477,0.6089,Alto,2,78.3
Venustiano Carranza,Madrugada (00-05),Miércoles,5,0,0,2,0.532,0.4334,0.0346,Bajo,0,25.1
Venustiano Carranza,Madrugada (00-05),Miércoles,5,1,0,2,0.543,0.4197,0.0373,Bajo,0,24.7
Venustiano Carranza,Mañana (06-11),Miércoles,5,0,0,2,0.0349,0.4517,0.5134,Alto,2,73.9
Venustiano Carranza,Mañana (06-11),Miércoles,5,1,0,2,0.0301,0.4073,0.5626,Alto,2,76.6
Venustiano Carranza,Noche (18-23),Miércoles,5,0,0,2,0.0149,0.3251,0.66,Alto,2,82.3
Venustiano Carranza,Noche (18-23),Miércoles,5,1,0,2,0.0175,0.3118,0.6707,Alto,2,82.7
Venustiano Carranza,Tarde (12-17),Miércoles,5,0,0,2,0.0219,0.4069,0.5712,Alto,2,77.5
Venustiano Carranza,Tarde (12-17),Miércoles,5,1,0,2,0.0303,0.404,0.5657,Alto,2,76.8
Venustiano Carranza,Madrugada (00-05),Sábado,5,0,1,2,0.1872,0.492,0.3207,Medio,1,56.7
Venustiano Carranza,Madrugada (00-05),Sábado,5,1,1,2,0.1557,0.5104,0.3339,Medio,1,58.9
Venustiano Carranza,Mañana (06-11),Sábado,5,0,1,2,0.2092,0.3537,0.4371,Alto,2,61.4
Venustiano Carranza,Mañana (06-11),Sábado,5,1,1,2,0.1742,0.3843,0.4415,Alto,2,63.4
Venustiano Carranza,Noche (18-23),Sábado,5,0,1,2,0.0183,0.1878,0.7939,Alto,2,88.8
Venustiano Carranza,Noche (18-23),Sábado,5,1,1,2,0.0192,0.182,0.7989,Alto,2,89.0
Venustiano Carranza,Tarde (12-17),Sábado,5,0,1,2,0.0229,0.1989,0.7782,Alto,2,87.8
Venustiano Carranza,Tarde (12-17),Sábado,5,1,1,2,0.0221,0.2153,0.7626,Alto,2,87.0
Venustiano Carranza,Madrugada (00-05),Viernes,5,0,0,2,0.5135,0.4241,0.0625,Bajo,0,27.4
Venustiano Carranza,Madrugada (00-05),Viernes,5,1,0,2,0.5383,0.406,0.0557,Bajo,0,25.9
Venustiano Carranza,Mañana (06-11),Viernes,5,0,0,2,0.1058,0.3541,0.5401,Alto,2,71.7
Venustiano Carranza,Mañana (06-11),Viernes,5,1,0,2,0.1158,0.3525,0.5317,Alto,2,70.8
Venustiano Carranza,Noche (18-23),Viernes,5,0,0,2,0.0096,0.1723,0.8181,Alto,2,90.4
Venustiano Carranza,Noche (18-23),Viernes,5,1,0,2,0.0144,0.1909,0.7948,Alto,2,89.0
Venustiano Carranza,Tarde (12-17),Viernes,5,0,0,2,0.0137,0.2561,0.7302,Alto,2,85.8
Venustiano Carranza,Tarde (12-17),Viernes,5,1,0,2,0.0234,0.2764,0.7002,Alto,2,83.8
Venustiano Carranza,Madrugada (00-05),Domingo,6,0,1,2,0.1464,0.5351,0.3185,Medio,1,58.6
Venustiano Carranza,Madrugada (00-05),Domingo,6,1,1,2,0.1654,0.479,0.3555,Medio,1,59.5
Venustiano Carranza,Mañana (06-11),Domingo,6,0,1,2,0.2174,0.5228,0.2598,Medio,1,52.1
Venustiano Carranza,Mañana (06-11),Domingo,6,1,1,2,0.2418,0.4386,0.3195,Medio,1,53.9
Venustiano Carranza,Noche (18-23),Domingo,6,0,1,2,0.0237,0.3186,0.6577,Alto,2,81.7
Venustiano Carranza,Noche (18-23),Domingo,6,1,1,2,0.029,0.3008,0.6703,Alto,2,82.1
Venustiano Carranza,Tarde (12-17),Domingo,6,0,1,2,0.0347,0.4281,0.5372,Alto,2,75.1
Venustiano Carranza,Tarde (12-17),Domingo,6,1,1,2,0.0511,0.3813,0.5676,Alto,2,75.8
Venustiano Carranza,Madrugada (00-05),Jueves,6,0,0,2,0.7447,0.2332,0.0222,Bajo,0,13.9
Venustiano Carranza,Madrugada (00-05),Jueves,6,1,0,2,0.7162,0.2568,0.0271,Bajo,0,15.5
Venustiano Carranza,Mañana (06-11),Jueves,6,0,0,2,0.0956,0.4666,0.4377,Medio,1,67.1
Venustiano Carranza,Mañana (06-11),Jueves,6,1,0,2,0.0884,0.4008,0.5108,Alto,2,71.1
Venustiano Carranza,Noche (18-23),Jueves,6,0,0,2,0.0654,0.356,0.5787,Alto,2,75.7
Venustiano Carranza,Noche (18-23),Jueves,6,1,0,2,0.054,0.3607,0.5853,Alto,2,76.6
Venustiano Carranza,Tarde (12-17),Jueves,6,0,0,2,0.0317,0.4227,0.5456,Alto,2,75.7
Venustiano Carranza,Tarde (12-17),Jueves,6,1,0,2,0.0423,0.3767,0.581,Alto,2,76.9
Venustiano Carranza,Madrugada (00-05),Lunes,6,0,0,2,0.6479,0.3168,0.0354,Bajo,0,19.4
Venustiano Carranza,Madrugada (00-05),Lunes,6,1,0,2,0.7388,0.2279,0.0333,Bajo,0,14.7
Venustiano Carranza,Mañana (06-11),Lunes,6,0,0,2,0.1158,0.4219,0.4623,Alto,2,67.3
Venustiano Carranza,Mañana (06-11),Lunes,6,1,0,2,0.1544,0.3423,0.5033,Alto,2,67.4
Venustiano Carranza,Noche (18-23),Lunes,6,0,0,2,0.073,0.3607,0.5663,Alto,2,74.7
Venustiano Carranza,Noche (18-23),Lunes,6,1,0,2,0.107,0.2808,0.6121,Alto,2,75.3
Venustiano Carranza,Tarde (12-17),Lunes,6,0,0,2,0.0499,0.3792,0.5708,Alto,2,76.0
Venustiano Carranza,Tarde (12-17),Lunes,6,1,0,2,0.0787,0.3332,0.5881,Alto,2,75.5
Venustiano Carranza,Madrugada (00-05),Martes,6,0,0,2,0.7581,0.218,0.0239,Bajo,0,13.3
Venustiano Carranza,Madrugada (00-05),Martes,6,1,0,2,0.7718,0.2046,0.0236,Bajo,0,12.6
Venustiano Carranza,Mañana (06-11),Martes,6,0,0,2,0.0856,0.4927,0.4218,Medio,1,66.8
Venustiano Carranza,Mañana (06-11),Martes,6,1,0,2,0.0796,0.4115,0.5089,Alto,2,71.5
Venustiano Carranza,Noche (18-23),Martes,6,0,0,2,0.0404,0.4373,0.5224,Alto,2,74.1
Venustiano Carranza,Noche (18-23),Martes,6,1,0,2,0.0467,0.4337,0.5197,Alto,2,73.6
Venustiano Carranza,Tarde (12-17),Martes,6,0,0,2,0.042,0.3466,0.6114,Alto,2,78.5
Venustiano Carranza,Tarde (12-17),Martes,6,1,0,2,0.0605,0.3702,0.5692,Alto,2,75.4
Venustiano Carranza,Madrugada (00-05),Miércoles,6,0,0,2,0.6341,0.3373,0.0286,Bajo,0,19.7
Venustiano Carranza,Madrugada (00-05),Miércoles,6,1,0,2,0.649,0.3222,0.0288,Bajo,0,19.0
Venustiano Carranza,Mañana (06-11),Miércoles,6,0,0,2,0.0415,0.4209,0.5376,Alto,2,74.8
Venustiano Carranza,Mañana (06-11),Miércoles,6,1,0,2,0.0402,0.3727,0.587,Alto,2,77.3
Venustiano Carranza,Noche (18-23),Miércoles,6,0,0,2,0.0212,0.3682,0.6106,Alto,2,79.5
Venustiano Carranza,Noche (18-23),Miércoles,6,1,0,2,0.0258,0.3712,0.6029,Alto,2,78.9
Venustiano Carranza,Tarde (12-17),Miércoles,6,0,0,2,0.0385,0.4325,0.529,Alto,2,74.5
Venustiano Carranza,Tarde (12-17),Miércoles,6,1,0,2,0.0561,0.4462,0.4977,Alto,2,72.1
Venustiano Carranza,Madrugada (00-05),Sábado,6,0,1,2,0.1566,0.5197,0.3237,Medio,1,58.4
Venustiano Carranza,Madrugada (00-05),Sábado,6,1,1,2,0.1429,0.5118,0.3453,Medio,1,60.1
Venustiano Carranza,Mañana (06-11),Sábado,6,0,1,2,0.1639,0.4045,0.4316,Alto,2,63.4
Venustiano Carranza,Mañana (06-11),Sábado,6,1,1,2,0.1513,0.4008,0.4479,Alto,2,64.8
Venustiano Carranza,Noche (18-23),Sábado,6,0,1,2,0.0189,0.2363,0.7448,Alto,2,86.3
Venustiano Carranza,Noche (18-23),Sábado,6,1,1,2,0.0208,0.2503,0.7288,Alto,2,85.4
Venustiano Carranza,Tarde (12-17),Sábado,6,0,1,2,0.0211,0.2367,0.7422,Alto,2,86.1
Venustiano Carranza,Tarde (12-17),Sábado,6,1,1,2,0.022,0.2432,0.7347,Alto,2,85.6
Venustiano Carranza,Madrugada (00-05),Viernes,6,0,0,2,0.6079,0.3388,0.0533,Bajo,0,22.3
Venustiano Carranza,Madrugada (00-05),Viernes,6,1,0,2,0.6232,0.3294,0.0474,Bajo,0,21.2
Venustiano Carranza,Mañana (06-11),Viernes,6,0,0,2,0.1292,0.2919,0.5788,Alto,2,72.5
Venustiano Carranza,Mañana (06-11),Viernes,6,1,0,2,0.1416,0.285,0.5733,Alto,2,71.6
Venustiano Carranza,Noche (18-23),Viernes,6,0,0,2,0.0139,0.1992,0.7868,Alto,2,88.6
Venustiano Carranza,Noche (18-23),Viernes,6,1,0,2,0.0201,0.2327,0.7472,Alto,2,86.4
Venustiano Carranza,Tarde (12-17),Viernes,6,0,0,2,0.0215,0.2827,0.6959,Alto,2,83.7
Venustiano Carranza,Tarde (12-17),Viernes,6,1,0,2,0.036,0.3187,0.6454,Alto,2,80.5
Venustiano Carranza,Madrugada (00-05),Domingo,7,0,1,3,0.1193,0.5504,0.3303,Medio,1,60.5
Venustiano Carranza,Madrugada (00-05),Domingo,7,1,1,3,0.1316,0.4817,0.3867,Medio,1,62.8
Venustiano Carranza,Mañana (06-11),Domingo,7,0,1,3,0.1892,0.5558,0.2549,Medio,1,53.3
Venustiano Carranza,Mañana (06-11),Domingo,7,1,1,3,0.2007,0.478,0.3213,Medio,1,56.0
Venustiano Carranza,Noche (18-23),Domingo,7,0,1,3,0.0179,0.3257,0.6564,Alto,2,81.9
Venustiano Carranza,Noche (18-23),Domingo,7,1,1,3,0.0215,0.2947,0.6838,Alto,2,83.1
Venustiano Carranza,Tarde (12-17),Domingo,7,0,1,3,0.0293,0.4142,0.5565,Alto,2,76.4
Venustiano Carranza,Tarde (12-17),Domingo,7,1,1,3,0.043,0.3482,0.6088,Alto,2,78.3
Venustiano Carranza,Madrugada (00-05),Jueves,7,0,0,3,0.7323,0.242,0.0257,Bajo,0,14.7
Venustiano Carranza,Madrugada (00-05),Jueves,7,1,0,3,0.6898,0.2775,0.0327,Bajo,0,17.1
Venustiano Carranza,Mañana (06-11),Jueves,7,0,0,3,0.104,0.4405,0.4556,Alto,2,67.6
Venustiano Carranza,Mañana (06-11),Jueves,7,1,0,3,0.0869,0.3927,0.5204,Alto,2,71.7
Venustiano Carranza,Noche (18-23),Jueves,7,0,0,3,0.0515,0.3274,0.6211,Alto,2,78.5
Venustiano Carranza,Noche (18-23),Jueves,7,1,0,3,0.0407,0.3401,0.6192,Alto,2,78.9
Venustiano Carranza,Tarde (12-17),Jueves,7,0,0,3,0.0247,0.3729,0.6024,Alto,2,78.9
Venustiano Carranza,Tarde (12-17),Jueves,7,1,0,3,0.0291,0.3484,0.6225,Alto,2,79.7
Venustiano Carranza,Madrugada (00-05),Lunes,7,0,0,3,0.5932,0.3669,0.0399,Bajo,0,22.3
Venustiano Carranza,Madrugada (00-05),Lunes,7,1,0,3,0.6551,0.3001,0.0448,Bajo,0,19.5
Venustiano Carranza,Mañana (06-11),Lunes,7,0,0,3,0.0825,0.4431,0.4743,Alto,2,69.6
Venustiano Carranza,Mañana (06-11),Lunes,7,1,0,3,0.0942,0.3908,0.515,Alto,2,71.0
Venustiano Carranza,Noche (18-23),Lunes,7,0,0,3,0.0553,0.3572,0.5874,Alto,2,76.6
Venustiano Carranza,Noche (18-23),Lunes,7,1,0,3,0.0684,0.2787,0.6529,Alto,2,79.2
Venustiano Carranza,Tarde (12-17),Lunes,7,0,0,3,0.0309,0.4294,0.5398,Alto,2,75.4
Venustiano Carranza,Tarde (12-17),Lunes,7,1,0,3,0.0386,0.3808,0.5806,Alto,2,77.1
Venustiano Carranza,Madrugada (00-05),Martes,7,0,0,3,0.7292,0.249,0.0218,Bajo,0,14.6
Venustiano Carranza,Madrugada (00-05),Martes,7,1,0,3,0.7562,0.2186,0.0252,Bajo,0,13.5
Venustiano Carranza,Mañana (06-11),Martes,7,0,0,3,0.08,0.5949,0.3251,Medio,1,62.3
Venustiano Carranza,Mañana (06-11),Martes,7,1,0,3,0.0753,0.481,0.4437,Medio,1,68.4
Venustiano Carranza,Noche (18-23),Martes,7,0,0,3,0.0343,0.4892,0.4765,Medio,1,72.1
Venustiano Carranza,Noche (18-23),Martes,7,1,0,3,0.0393,0.4415,0.5192,Alto,2,74.0
Venustiano Carranza,Tarde (12-17),Martes,7,0,0,3,0.0334,0.3341,0.6325,Alto,2,80.0
Venustiano Carranza,Tarde (12-17),Martes,7,1,0,3,0.0427,0.3166,0.6407,Alto,2,79.9
Venustiano Carranza,Madrugada (00-05),Miércoles,7,0,0,3,0.6927,0.2817,0.0256,Bajo,0,16.6
Venustiano Carranza,Madrugada (00-05),Miércoles,7,1,0,3,0.7014,0.2695,0.0291,Bajo,0,16.4
Venustiano Carranza,Mañana (06-11),Miércoles,7,0,0,3,0.0893,0.4135,0.4973,Alto,2,70.4
Venustiano Carranza,Mañana (06-11),Miércoles,7,1,0,3,0.0581,0.3614,0.5805,Alto,2,76.1
Venustiano Carranza,Noche (18-23),Miércoles,7,0,0,3,0.0216,0.3226,0.6558,Alto,2,81.7
Venustiano Carranza,Noche (18-23),Miércoles,7,1,0,3,0.0257,0.3181,0.6561,Alto,2,81.5
Venustiano Carranza,Tarde (12-17),Miércoles,7,0,0,3,0.0353,0.4235,0.5412,Alto,2,75.3
Venustiano Carranza,Tarde (12-17),Miércoles,7,1,0,3,0.0441,0.4016,0.5543,Alto,2,75.5
Venustiano Carranza,Madrugada (00-05),Sábado,7,0,1,3,0.1481,0.5153,0.3367,Medio,1,59.4
Venustiano Carranza,Madrugada (00-05),Sábado,7,1,1,3,0.1195,0.5378,0.3427,Medio,1,61.2
Venustiano Carranza,Mañana (06-11),Sábado,7,0,1,3,0.1557,0.4256,0.4187,Medio,1,63.1
Venustiano Carranza,Mañana (06-11),Sábado,7,1,1,3,0.1211,0.4865,0.3924,Medio,1,63.6
Venustiano Carranza,Noche (18-23),Sábado,7,0,1,3,0.0155,0.222,0.7625,Alto,2,87.3
Venustiano Carranza,Noche (18-23),Sábado,7,1,1,3,0.0156,0.2499,0.7345,Alto,2,85.9
Venustiano Carranza,Tarde (12-17),Sábado,7,0,1,3,0.0174,0.2079,0.7747,Alto,2,87.9
Venustiano Carranza,Tarde (12-17),Sábado,7,1,1,3,0.0166,0.2397,0.7436,Alto,2,86.4
Venustiano Carranza,Madrugada (00-05),Viernes,7,0,0,3,0.5811,0.3738,0.0451,Bajo,0,23.2
Venustiano Carranza,Madrugada (00-05),Viernes,7,1,0,3,0.5851,0.3703,0.0446,Bajo,0,23.0
Venustiano Carranza,Mañana (06-11),Viernes,7,0,0,3,0.1005,0.4718,0.4277,Medio,1,66.4
Venustiano Carranza,Mañana (06-11),Viernes,7,1,0,3,0.1035,0.4636,0.4329,Medio,1,66.5
Venustiano Carranza,Noche (18-23),Viernes,7,0,0,3,0.015,0.2124,0.7726,Alto,2,87.9
Venustiano Carranza,Noche (18-23),Viernes,7,1,0,3,0.021,0.245,0.734,Alto,2,85.6
Venustiano Carranza,Tarde (12-17),Viernes,7,0,0,3,0.0232,0.3596,0.6171,Alto,2,79.7
Venustiano Carranza,Tarde (12-17),Viernes,7,1,0,3,0.0322,0.3673,0.6005,Alto,2,78.4
Venustiano Carranza,Madrugada (00-05),Domingo,8,0,1,3,0.1501,0.5379,0.312,Medio,1,58.1
Venustiano Carranza,Madrugada (00-05),Domingo,8,1,1,3,0.1539,0.505,0.341,Medio,1,59.4
Venustiano Carranza,Mañana (06-11),Domingo,8,0,1,3,0.2675,0.5138,0.2187,Medio,1,47.6
Venustiano Carranza,Mañana (06-11),Domingo,8,1,1,3,0.2503,0.4892,0.2605,Medio,1,50.5
Venustiano Carranza,Noche (18-23),Domingo,8,0,1,3,0.0235,0.309,0.6675,Alto,2,82.2
Venustiano Carranza,Noche (18-23),Domingo,8,1,1,3,0.0276,0.2918,0.6807,Alto,2,82.7
Venustiano Carranza,Tarde (12-17),Domingo,8,0,1,3,0.0399,0.4055,0.5546,Alto,2,75.7
Venustiano Carranza,Tarde (12-17),Domingo,8,1,1,3,0.0539,0.3759,0.5702,Alto,2,75.8
Venustiano Carranza,Madrugada (00-05),Jueves,8,0,0,3,0.6921,0.2814,0.0265,Bajo,0,16.7
Venustiano Carranza,Madrugada (00-05),Jueves,8,1,0,3,0.6363,0.3306,0.0331,Bajo,0,19.8
Venustiano Carranza,Mañana (06-11),Jueves,8,0,0,3,0.0947,0.4571,0.4482,Medio,1,67.7
Venustiano Carranza,Mañana (06-11),Jueves,8,1,0,3,0.0778,0.4261,0.4961,Alto,2,70.9
Venustiano Carranza,Noche (18-23),Jueves,8,0,0,3,0.0443,0.328,0.6277,Alto,2,79.2
Venustiano Carranza,Noche (18-23),Jueves,8,1,0,3,0.0368,0.3234,0.6398,Alto,2,80.1
Venustiano Carranza,Tarde (12-17),Jueves,8,0,0,3,0.0216,0.345,0.6334,Alto,2,80.6
Venustiano Carranza,Tarde (12-17),Jueves,8,1,0,3,0.0251,0.3461,0.6287,Alto,2,80.2
Venustiano Carranza,Madrugada (00-05),Lunes,8,0,0,3,0.5979,0.3623,0.0398,Bajo,0,22.1
Venustiano Carranza,Madrugada (00-05),Lunes,8,1,0,3,0.6791,0.2781,0.0428,Bajo,0,18.2
Venustiano Carranza,Mañana (06-11),Lunes,8,0,0,3,0.0871,0.438,0.4749,Alto,2,69.4
Venustiano Carranza,Mañana (06-11),Lunes,8,1,0,3,0.1104,0.3858,0.5038,Alto,2,69.7
Venustiano Carranza,Noche (18-23),Lunes,8,0,0,3,0.0507,0.3456,0.6036,Alto,2,77.6
Venustiano Carranza,Noche (18-23),Lunes,8,1,0,3,0.0652,0.2379,0.6968,Alto,2,81.6
Venustiano Carranza,Tarde (12-17),Lunes,8,0,0,3,0.0283,0.3792,0.5925,Alto,2,78.2
Venustiano Carranza,Tarde (12-17),Lunes,8,1,0,3,0.0367,0.3332,0.6301,Alto,2,79.7
Venustiano Carranza,Madrugada (00-05),Martes,8,0,0,3,0.7411,0.2378,0.0211,Bajo,0,14.0
Venustiano Carranza,Madrugada (00-05),Martes,8,1,0,3,0.7726,0.2012,0.0262,Bajo,0,12.7
Venustiano Carranza,Mañana (06-11),Martes,8,0,0,3,0.0982,0.5282,0.3735,Medio,1,63.8
Venustiano Carranza,Mañana (06-11),Martes,8,1,0,3,0.0893,0.3872,0.5235,Alto,2,71.7
Venustiano Carranza,Noche (18-23),Martes,8,0,0,3,0.0369,0.455,0.5081,Alto,2,73.6
Venustiano Carranza,Noche (18-23),Martes,8,1,0,3,0.0424,0.3667,0.5909,Alto,2,77.4
Venustiano Carranza,Tarde (12-17),Martes,8,0,0,3,0.0359,0.3225,0.6416,Alto,2,80.3
Venustiano Carranza,Tarde (12-17),Martes,8,1,0,3,0.0428,0.2971,0.66,Alto,2,80.9
Venustiano Carranza,Madrugada (00-05),Miércoles,8,0,0,3,0.5818,0.3872,0.031,Bajo,0,22.5
Venustiano Carranza,Madrugada (00-05),Miércoles,8,1,0,3,0.6009,0.3659,0.0332,Bajo,0,21.6
Venustiano Carranza,Mañana (06-11),Miércoles,8,0,0,3,0.0461,0.4248,0.5291,Alto,2,74.1
Venustiano Carranza,Mañana (06-11),Miércoles,8,1,0,3,0.0421,0.381,0.5768,Alto,2,76.7
Venustiano Carranza,Noche (18-23),Miércoles,8,0,0,3,0.016,0.3424,0.6416,Alto,2,81.3
Venustiano Carranza,Noche (18-23),Miércoles,8,1,0,3,0.0201,0.3215,0.6584,Alto,2,81.9
Venustiano Carranza,Tarde (12-17),Miércoles,8,0,0,3,0.0232,0.4112,0.5656,Alto,2,77.1
Venustiano Carranza,Tarde (12-17),Miércoles,8,1,0,3,0.0297,0.4067,0.5636,Alto,2,76.7
Venustiano Carranza,Madrugada (00-05),Sábado,8,0,1,3,0.2,0.4537,0.3463,Medio,1,57.3
Venustiano Carranza,Madrugada (00-05),Sábado,8,1,1,3,0.146,0.5363,0.3177,Medio,1,58.6
Venustiano Carranza,Mañana (06-11),Sábado,8,0,1,3,0.214,0.3558,0.4302,Alto,2,60.8
Venustiano Carranza,Mañana (06-11),Sábado,8,1,1,3,0.1468,0.5151,0.3381,Medio,1,59.6
Venustiano Carranza,Noche (18-23),Sábado,8,0,1,3,0.0225,0.1962,0.7813,Alto,2,87.9
Venustiano Carranza,Noche (18-23),Sábado,8,1,1,3,0.0226,0.2579,0.7195,Alto,2,84.8
Venustiano Carranza,Tarde (12-17),Sábado,8,0,1,3,0.0252,0.1974,0.7774,Alto,2,87.6
Venustiano Carranza,Tarde (12-17),Sábado,8,1,1,3,0.0229,0.2597,0.7174,Alto,2,84.7
Venustiano Carranza,Madrugada (00-05),Viernes,8,0,0,3,0.6299,0.3342,0.0359,Bajo,0,20.3
Venustiano Carranza,Madrugada (00-05),Viernes,8,1,0,3,0.6304,0.3324,0.0371,Bajo,0,20.3
Venustiano Carranza,Mañana (06-11),Viernes,8,0,0,3,0.1337,0.4626,0.4037,Medio,1,63.5
Venustiano Carranza,Mañana (06-11),Viernes,8,1,0,3,0.1351,0.4519,0.413,Medio,1,63.9
Venustiano Carranza,Noche (18-23),Viernes,8,0,0,3,0.0152,0.2233,0.7615,Alto,2,87.3
Venustiano Carranza,Noche (18-23),Viernes,8,1,0,3,0.022,0.2318,0.7462,Alto,2,86.2
Venustiano Carranza,Tarde (12-17),Viernes,8,0,0,3,0.0323,0.3496,0.6181,Alto,2,79.3
Venustiano Carranza,Tarde (12-17),Viernes,8,1,0,3,0.0423,0.3566,0.6012,Alto,2,77.9
Venustiano Carranza,Madrugada (00-05),Domingo,9,0,1,3,0.1316,0.5677,0.3007,Medio,1,58.5
Venustiano Carranza,Madrugada (00-05),Domingo,9,1,1,3,0.1814,0.5214,0.2972,Medio,1,55.8
Venustiano Carranza,Mañana (06-11),Domingo,9,0,1,3,0.2132,0.51,0.2768,Medio,1,53.2
Venustiano Carranza,Mañana (06-11),Domingo,9,1,1,3,0.2846,0.4598,0.2556,Medio,1,48.5
Venustiano Carranza,Noche (18-23),Domingo,9,0,1,3,0.0179,0.2594,0.7227,Alto,2,85.2
Venustiano Carranza,Noche (18-23),Domingo,9,1,1,3,0.0271,0.2606,0.7123,Alto,2,84.3
Venustiano Carranza,Tarde (12-17),Domingo,9,0,1,3,0.0731,0.2996,0.6274,Alto,2,77.7
Venustiano Carranza,Tarde (12-17),Domingo,9,1,1,3,0.1358,0.2463,0.6179,Alto,2,74.1
Venustiano Carranza,Madrugada (00-05),Jueves,9,0,0,3,0.6445,0.3236,0.0319,Bajo,0,19.4
Venustiano Carranza,Madrugada (00-05),Jueves,9,1,0,3,0.6413,0.3286,0.0301,Bajo,0,19.4
Venustiano Carranza,Mañana (06-11),Jueves,9,0,0,3,0.0574,0.3723,0.5703,Alto,2,75.6
Venustiano Carranza,Mañana (06-11),Jueves,9,1,0,3,0.0782,0.3984,0.5234,Alto,2,72.3
Venustiano Carranza,Noche (18-23),Jueves,9,0,0,3,0.0297,0.2847,0.6856,Alto,2,82.8
Venustiano Carranza,Noche (18-23),Jueves,9,1,0,3,0.0312,0.3023,0.6665,Alto,2,81.8
Venustiano Carranza,Tarde (12-17),Jueves,9,0,0,3,0.0283,0.2513,0.7204,Alto,2,84.6
Venustiano Carranza,Tarde (12-17),Jueves,9,1,0,3,0.0399,0.2252,0.7349,Alto,2,84.8
Venustiano Carranza,Madrugada (00-05),Lunes,9,0,0,3,0.5398,0.4119,0.0483,Bajo,0,25.4
Venustiano Carranza,Madrugada (00-05),Lunes,9,1,0,3,0.677,0.2792,0.0437,Bajo,0,18.3
Venustiano Carranza,Mañana (06-11),Lunes,9,0,0,3,0.0436,0.3617,0.5947,Alto,2,77.6
Venustiano Carranza,Mañana (06-11),Lunes,9,1,0,3,0.0832,0.3531,0.5636,Alto,2,74.0
Venustiano Carranza,Noche (18-23),Lunes,9,0,0,3,0.0421,0.3021,0.6557,Alto,2,80.7
Venustiano Carranza,Noche (18-23),Lunes,9,1,0,3,0.0618,0.1961,0.7421,Alto,2,84.0
Venustiano Carranza,Tarde (12-17),Lunes,9,0,0,3,0.033,0.2833,0.6837,Alto,2,82.5
Venustiano Carranza,Tarde (12-17),Lunes,9,1,0,3,0.0501,0.2396,0.7104,Alto,2,83.0
Venustiano Carranza,Madrugada (00-05),Martes,9,0,0,3,0.6517,0.3214,0.0269,Bajo,0,18.8
Venustiano Carranza,Madrugada (00-05),Martes,9,1,0,3,0.7425,0.2318,0.0257,Bajo,0,14.2
Venustiano Carranza,Mañana (06-11),Martes,9,0,0,3,0.0491,0.4653,0.4855,Alto,2,71.8
Venustiano Carranza,Mañana (06-11),Martes,9,1,0,3,0.0672,0.3445,0.5883,Alto,2,76.1
Venustiano Carranza,Noche (18-23),Martes,9,0,0,3,0.0236,0.4687,0.5077,Alto,2,74.2
Venustiano Carranza,Noche (18-23),Martes,9,1,0,3,0.0349,0.3852,0.5798,Alto,2,77.2
Venustiano Carranza,Tarde (12-17),Martes,9,0,0,3,0.0356,0.2279,0.7365,Alto,2,85.0
Venustiano Carranza,Tarde (12-17),Martes,9,1,0,3,0.0611,0.1972,0.7417,Alto,2,84.0
Venustiano Carranza,Madrugada (00-05),Miércoles,9,0,0,3,0.6311,0.332,0.0369,Bajo,0,20.3
Venustiano Carranza,Madrugada (00-05),Miércoles,9,1,0,3,0.7053,0.2603,0.0345,Bajo,0,16.5
Venustiano Carranza,Mañana (06-11),Miércoles,9,0,0,3,0.029,0.283,0.688,Alto,2,83.0
Venustiano Carranza,Mañana (06-11),Miércoles,9,1,0,3,0.041,0.2685,0.6905,Alto,2,82.5
Venustiano Carranza,Noche (18-23),Miércoles,9,0,0,3,0.0147,0.2512,0.7341,Alto,2,86.0
Venustiano Carranza,Noche (18-23),Miércoles,9,1,0,3,0.0207,0.2098,0.7695,Alto,2,87.4
Venustiano Carranza,Tarde (12-17),Miércoles,9,0,0,3,0.0356,0.2225,0.7419,Alto,2,85.3
Venustiano Carranza,Tarde (12-17),Miércoles,9,1,0,3,0.054,0.1836,0.7624,Alto,2,85.4
Venustiano Carranza,Madrugada (00-05),Sábado,9,0,1,3,0.15,0.5443,0.3057,Medio,1,57.8
Venustiano Carranza,Madrugada (00-05),Sábado,9,1,1,3,0.1569,0.5915,0.2516,Medio,1,54.7
Venustiano Carranza,Mañana (06-11),Sábado,9,0,1,3,0.1232,0.3576,0.5192,Alto,2,69.8
Venustiano Carranza,Mañana (06-11),Sábado,9,1,1,3,0.1434,0.5142,0.3424,Medio,1,59.9
Venustiano Carranza,Noche (18-23),Sábado,9,0,1,3,0.0181,0.1819,0.7999,Alto,2,89.1
Venustiano Carranza,Noche (18-23),Sábado,9,1,1,3,0.0226,0.2474,0.73,Alto,2,85.4
Venustiano Carranza,Tarde (12-17),Sábado,9,0,1,3,0.0339,0.2146,0.7515,Alto,2,85.9
Venustiano Carranza,Tarde (12-17),Sábado,9,1,1,3,0.0471,0.267,0.686,Alto,2,81.9
Venustiano Carranza,Madrugada (00-05),Viernes,9,0,0,3,0.519,0.439,0.042,Bajo,0,26.1
Venustiano Carranza,Madrugada (00-05),Viernes,9,1,0,3,0.6391,0.3284,0.0325,Bajo,0,19.7
Venustiano Carranza,Mañana (06-11),Viernes,9,0,0,3,0.0759,0.4204,0.5037,Alto,2,71.4
Venustiano Carranza,Mañana (06-11),Viernes,9,1,0,3,0.1449,0.4192,0.436,Alto,2,64.6
Venustiano Carranza,Noche (18-23),Viernes,9,0,0,3,0.0105,0.2417,0.7478,Alto,2,86.9
Venustiano Carranza,Noche (18-23),Viernes,9,1,0,3,0.0214,0.2404,0.7382,Alto,2,85.8
Venustiano Carranza,Tarde (12-17),Viernes,9,0,0,3,0.0292,0.2552,0.7156,Alto,2,84.3
Venustiano Carranza,Tarde (12-17),Viernes,9,1,0,3,0.0596,0.2177,0.7226,Alto,2,83.1
Venustiano Carranza,Madrugada (00-05),Domingo,10,0,1,4,0.0731,0.6195,0.3073,Medio,1,61.7
Venustiano Carranza,Madrugada (00-05),Domingo,10,1,1,4,0.0787,0.5275,0.3939,Medio,1,65.8
Venustiano Carranza,Mañana (06-11),Domingo,10,0,1,4,0.0792,0.6009,0.3198,Medio,1,62.0
Venustiano Carranza,Mañana (06-11),Domingo,10,1,1,4,0.0884,0.5313,0.3802,Medio,1,64.6
Venustiano Carranza,Noche (18-23),Domingo,10,0,1,4,0.009,0.2443,0.7467,Alto,2,86.9
Venustiano Carranza,Noche (18-23),Domingo,10,1,1,4,0.0085,0.1869,0.8046,Alto,2,89.8
Venustiano Carranza,Tarde (12-17),Domingo,10,0,1,4,0.0339,0.2663,0.6998,Alto,2,83.3
Venustiano Carranza,Tarde (12-17),Domingo,10,1,1,4,0.0421,0.1241,0.8338,Alto,2,89.6
Venustiano Carranza,Madrugada (00-05),Jueves,10,0,0,4,0.5166,0.4409,0.0425,Bajo,0,26.3
Venustiano Carranza,Madrugada (00-05),Jueves,10,1,0,4,0.4716,0.4702,0.0582,Bajo,0,29.3
Venustiano Carranza,Mañana (06-11),Jueves,10,0,0,4,0.0238,0.4175,0.5587,Alto,2,76.7
Venustiano Carranza,Mañana (06-11),Jueves,10,1,0,4,0.0244,0.3789,0.5967,Alto,2,78.6
Venustiano Carranza,Noche (18-23),Jueves,10,0,0,4,0.0172,0.2605,0.7223,Alto,2,85.3
Venustiano Carranza,Noche (18-23),Jueves,10,1,0,4,0.0128,0.2166,0.7706,Alto,2,87.9
Venustiano Carranza,Tarde (12-17),Jueves,10,0,0,4,0.0139,0.2167,0.7694,Alto,2,87.8
Venustiano Carranza,Tarde (12-17),Jueves,10,1,0,4,0.0124,0.1211,0.8664,Alto,2,92.7
Venustiano Carranza,Madrugada (00-05),Lunes,10,0,0,4,0.466,0.4795,0.0545,Medio,1,29.4
Venustiano Carranza,Madrugada (00-05),Lunes,10,1,0,4,0.5748,0.3509,0.0742,Bajo,0,25.0
Venustiano Carranza,Mañana (06-11),Lunes,10,0,0,4,0.0269,0.4266,0.5466,Alto,2,76.0
Venustiano Carranza,Mañana (06-11),Lunes,10,1,0,4,0.0411,0.3506,0.6083,Alto,2,78.4
Venustiano Carranza,Noche (18-23),Lunes,10,0,0,4,0.0282,0.2775,0.6943,Alto,2,83.3
Venustiano Carranza,Noche (18-23),Lunes,10,1,0,4,0.0267,0.1349,0.8384,Alto,2,90.6
Venustiano Carranza,Tarde (12-17),Lunes,10,0,0,4,0.0203,0.2754,0.7042,Alto,2,84.2
Venustiano Carranza,Tarde (12-17),Lunes,10,1,0,4,0.0213,0.1698,0.8089,Alto,2,89.4
Venustiano Carranza,Madrugada (00-05),Martes,10,0,0,4,0.6028,0.3658,0.0314,Bajo,0,21.4
Venustiano Carranza,Madrugada (00-05),Martes,10,1,0,4,0.6418,0.2988,0.0594,Bajo,0,20.9
Venustiano Carranza,Mañana (06-11),Martes,10,0,0,4,0.0278,0.4781,0.494,Alto,2,73.3
Venustiano Carranza,Mañana (06-11),Martes,10,1,0,4,0.0241,0.2525,0.7235,Alto,2,85.0
Venustiano Carranza,Noche (18-23),Martes,10,0,0,4,0.0174,0.431,0.5516,Alto,2,76.7
Venustiano Carranza,Noche (18-23),Martes,10,1,0,4,0.0136,0.2558,0.7306,Alto,2,85.9
Venustiano Carranza,Tarde (12-17),Martes,10,0,0,4,0.0172,0.1966,0.7862,Alto,2,88.5
Venustiano Carranza,Tarde (12-17),Martes,10,1,0,4,0.0161,0.0709,0.913,Alto,2,94.8
Venustiano Carranza,Madrugada (00-05),Miércoles,10,0,0,4,0.5399,0.4121,0.048,Bajo,0,25.4
Venustiano Carranza,Madrugada (00-05),Miércoles,10,1,0,4,0.5603,0.3725,0.0672,Bajo,0,25.3
Venustiano Carranza,Mañana (06-11),Miércoles,10,0,0,4,0.0195,0.3185,0.662,Alto,2,82.1
Venustiano Carranza,Mañana (06-11),Miércoles,10,1,0,4,0.0174,0.2298,0.7528,Alto,2,86.8
Venustiano Carranza,Noche (18-23),Miércoles,10,0,0,4,0.0084,0.2237,0.7679,Alto,2,88.0
Venustiano Carranza,Noche (18-23),Miércoles,10,1,0,4,0.0072,0.1488,0.8441,Alto,2,91.8
Venustiano Carranza,Tarde (12-17),Miércoles,10,0,0,4,0.0184,0.1418,0.8398,Alto,2,91.1
Venustiano Carranza,Tarde (12-17),Miércoles,10,1,0,4,0.0163,0.0775,0.9062,Alto,2,94.5
Venustiano Carranza,Madrugada (00-05),Sábado,10,0,1,4,0.0827,0.5998,0.3175,Medio,1,61.7
Venustiano Carranza,Madrugada (00-05),Sábado,10,1,1,4,0.0661,0.6164,0.3176,Medio,1,62.6
Venustiano Carranza,Mañana (06-11),Sábado,10,0,1,4,0.0375,0.3498,0.6127,Alto,2,78.8
Venustiano Carranza,Mañana (06-11),Sábado,10,1,1,4,0.0361,0.4444,0.5195,Alto,2,74.2
Venustiano Carranza,Noche (18-23),Sábado,10,0,1,4,0.0087,0.1694,0.8219,Alto,2,90.7
Venustiano Carranza,Noche (18-23),Sábado,10,1,1,4,0.0072,0.1831,0.8097,Alto,2,90.1
Venustiano Carranza,Tarde (12-17),Sábado,10,0,1,4,0.0144,0.1793,0.8063,Alto,2,89.6
Venustiano Carranza,Tarde (12-17),Sábado,10,1,1,4,0.014,0.1132,0.8728,Alto,2,92.9
Venustiano Carranza,Madrugada (00-05),Viernes,10,0,0,4,0.42,0.5206,0.0594,Medio,1,32.0
Venustiano Carranza,Madrugada (00-05),Viernes,10,1,0,4,0.4333,0.4906,0.0761,Medio,1,32.1
Venustiano Carranza,Mañana (06-11),Viernes,10,0,0,4,0.031,0.4191,0.5499,Alto,2,75.9
Venustiano Carranza,Mañana (06-11),Viernes,10,1,0,4,0.0376,0.3872,0.5752,Alto,2,76.9
Venustiano Carranza,Noche (18-23),Viernes,10,0,0,4,0.0042,0.1386,0.8572,Alto,2,92.6
Venustiano Carranza,Noche (18-23),Viernes,10,1,0,4,0.0046,0.1088,0.8865,Alto,2,94.1
Venustiano Carranza,Tarde (12-17),Viernes,10,0,0,4,0.0125,0.1895,0.798,Alto,2,89.3
Venustiano Carranza,Tarde (12-17),Viernes,10,1,0,4,0.0133,0.0958,0.8909,Alto,2,93.9
Venustiano Carranza,Madrugada (00-05),Domingo,11,0,1,4,0.1721,0.6112,0.2167,Medio,1,52.2
Venustiano Carranza,Madrugada (00-05),Domingo,11,1,1,4,0.1832,0.5545,0.2624,Medio,1,54.0
Venustiano Carranza,Mañana (06-11),Domingo,11,0,1,4,0.1089,0.5474,0.3437,Medio,1,61.7
Venustiano Carranza,Mañana (06-11),Domingo,11,1,1,4,0.1241,0.5168,0.3591,Medio,1,61.7
Venustiano Carranza,Noche (18-23),Domingo,11,0,1,4,0.0237,0.3229,0.6534,Alto,2,81.5
Venustiano Carranza,Noche (18-23),Domingo,11,1,1,4,0.0206,0.2801,0.6994,Alto,2,83.9
Venustiano Carranza,Tarde (12-17),Domingo,11,0,1,4,0.0898,0.2908,0.6193,Alto,2,76.5
Venustiano Carranza,Tarde (12-17),Domingo,11,1,1,4,0.1173,0.1559,0.7267,Alto,2,80.5
Venustiano Carranza,Madrugada (00-05),Jueves,11,0,0,4,0.7099,0.2645,0.0256,Bajo,0,15.8
Venustiano Carranza,Madrugada (00-05),Jueves,11,1,0,4,0.6293,0.3374,0.0333,Bajo,0,20.2
Venustiano Carranza,Mañana (06-11),Jueves,11,0,0,4,0.0399,0.3378,0.6222,Alto,2,79.1
Venustiano Carranza,Mañana (06-11),Jueves,11,1,0,4,0.0408,0.3541,0.6051,Alto,2,78.2
Venustiano Carranza,Noche (18-23),Jueves,11,0,0,4,0.037,0.3095,0.6535,Alto,2,80.8
Venustiano Carranza,Noche (18-23),Jueves,11,1,0,4,0.0249,0.2961,0.679,Alto,2,82.7
Venustiano Carranza,Tarde (12-17),Jueves,11,0,0,4,0.0306,0.2157,0.7537,Alto,2,86.2
Venustiano Carranza,Tarde (12-17),Jueves,11,1,0,4,0.0274,0.1491,0.8235,Alto,2,89.8
Venustiano Carranza,Madrugada (00-05),Lunes,11,0,0,4,0.6262,0.3271,0.0467,Bajo,0,21.0
Venustiano Carranza,Madrugada (00-05),Lunes,11,1,0,4,0.6631,0.2792,0.0577,Bajo,0,19.7
Venustiano Carranza,Mañana (06-11),Lunes,11,0,0,4,0.0279,0.2821,0.69,Alto,2,83.1
Venustiano Carranza,Mañana (06-11),Lunes,11,1,0,4,0.04,0.3097,0.6503,Alto,2,80.5
Venustiano Carranza,Noche (18-23),Lunes,11,0,0,4,0.0475,0.2786,0.6738,Alto,2,81.3
Venustiano Carranza,Noche (18-23),Lunes,11,1,0,4,0.0379,0.1655,0.7966,Alto,2,87.9
Venustiano Carranza,Tarde (12-17),Lunes,11,0,0,4,0.0372,0.2798,0.683,Alto,2,82.3
Venustiano Carranza,Tarde (12-17),Lunes,11,1,0,4,0.0355,0.2264,0.7381,Alto,2,85.1
Venustiano Carranza,Madrugada (00-05),Martes,11,0,0,4,0.7648,0.2181,0.0171,Bajo,0,12.6
Venustiano Carranza,Madrugada (00-05),Martes,11,1,0,4,0.8053,0.1709,0.0238,Bajo,0,10.9
Venustiano Carranza,Mañana (06-11),Martes,11,0,0,4,0.0408,0.3657,0.5936,Alto,2,77.6
Venustiano Carranza,Mañana (06-11),Martes,11,1,0,4,0.0409,0.2223,0.7368,Alto,2,84.8
Venustiano Carranza,Noche (18-23),Martes,11,0,0,4,0.0304,0.5963,0.3733,Medio,1,67.1
Venustiano Carranza,Noche (18-23),Martes,11,1,0,4,0.0307,0.4625,0.5069,Alto,2,73.8
Venustiano Carranza,Tarde (12-17),Martes,11,0,0,4,0.0344,0.186,0.7796,Alto,2,87.3
Venustiano Carranza,Tarde (12-17),Martes,11,1,0,4,0.0394,0.0852,0.8754,Alto,2,91.8
Venustiano Carranza,Madrugada (00-05),Miércoles,11,0,0,4,0.7074,0.2669,0.0257,Bajo,0,15.9
Venustiano Carranza,Madrugada (00-05),Miércoles,11,1,0,4,0.7066,0.2544,0.039,Bajo,0,16.6
Venustiano Carranza,Mañana (06-11),Miércoles,11,0,0,4,0.0315,0.3341,0.6344,Alto,2,80.1
Venustiano Carranza,Mañana (06-11),Miércoles,11,1,0,4,0.0258,0.2221,0.7521,Alto,2,86.3
Venustiano Carranza,Noche (18-23),Miércoles,11,0,0,4,0.0201,0.2833,0.6966,Alto,2,83.8
Venustiano Carranza,Noche (18-23),Miércoles,11,1,0,4,0.0147,0.1906,0.7946,Alto,2,89.0
Venustiano Carranza,Tarde (12-17),Miércoles,11,0,0,4,0.0484,0.1739,0.7777,Alto,2,86.5
Venustiano Carranza,Tarde (12-17),Miércoles,11,1,0,4,0.0399,0.0951,0.8651,Alto,2,91.3
Venustiano Carranza,Madrugada (00-05),Sábado,11,0,1,4,0.1901,0.5631,0.2468,Medio,1,52.8
Venustiano Carranza,Madrugada (00-05),Sábado,11,1,1,4,0.1364,0.6099,0.2537,Medio,1,55.9
Venustiano Carranza,Mañana (06-11),Sábado,11,0,1,4,0.0511,0.2833,0.6655,Alto,2,80.7
Venustiano Carranza,Mañana (06-11),Sábado,11,1,1,4,0.0479,0.4055,0.5466,Alto,2,74.9
Venustiano Carranza,Noche (18-23),Sábado,11,0,1,4,0.0233,0.2203,0.7565,Alto,2,86.7
Venustiano Carranza,Noche (18-23),Sábado,11,1,1,4,0.0161,0.2452,0.7387,Alto,2,86.1
Venustiano Carranza,Tarde (12-17),Sábado,11,0,1,4,0.043,0.2172,0.7397,Alto,2,84.8
Venustiano Carranza,Tarde (12-17),Sábado,11,1,1,4,0.037,0.1408,0.8221,Alto,2,89.3
Venustiano Carranza,Madrugada (00-05),Viernes,11,0,0,4,0.5555,0.397,0.0475,Bajo,0,24.6
Venustiano Carranza,Madrugada (00-05),Viernes,11,1,0,4,0.4562,0.4769,0.0668,Medio,1,30.5
Venustiano Carranza,Mañana (06-11),Viernes,11,0,0,4,0.031,0.3332,0.6358,Alto,2,80.2
Venustiano Carranza,Mañana (06-11),Viernes,11,1,0,4,0.0262,0.3496,0.6243,Alto,2,79.9
Venustiano Carranza,Noche (18-23),Viernes,11,0,0,4,0.01,0.2158,0.7742,Alto,2,88.2
Venustiano Carranza,Noche (18-23),Viernes,11,1,0,4,0.0092,0.1989,0.7918,Alto,2,89.1
Venustiano Carranza,Tarde (12-17),Viernes,11,0,0,4,0.0216,0.176,0.8024,Alto,2,89.0
Venustiano Carranza,Tarde (12-17),Viernes,11,1,0,4,0.0178,0.1033,0.8789,Alto,2,93.1
Venustiano Carranza,Madrugada (00-05),Domingo,12,0,1,4,0.1279,0.683,0.189,Medio,1,53.1
Venustiano Carranza,Madrugada (00-05),Domingo,12,1,1,4,0.1872,0.6026,0.2101,Medio,1,51.1
Venustiano Carranza,Mañana (06-11),Domingo,12,0,1,4,0.0955,0.5457,0.3588,Medio,1,63.2
Venustiano Carranza,Mañana (06-11),Domingo,12,1,1,4,0.1962,0.5155,0.2883,Medio,1,54.6
Venustiano Carranza,Noche (18-23),Domingo,12,0,1,4,0.0195,0.4196,0.5609,Alto,2,77.1
Venustiano Carranza,Noche (18-23),Domingo,12,1,1,4,0.0261,0.345,0.6289,Alto,2,80.1
Venustiano Carranza,Tarde (12-17),Domingo,12,0,1,4,0.0409,0.2303,0.7287,Alto,2,84.4
Venustiano Carranza,Tarde (12-17),Domingo,12,1,1,4,0.0746,0.1413,0.7841,Alto,2,85.5
Venustiano Carranza,Madrugada (00-05),Jueves,12,0,0,4,0.6475,0.3178,0.0346,Bajo,0,19.4
Venustiano Carranza,Madrugada (00-05),Jueves,12,1,0,4,0.675,0.2934,0.0316,Bajo,0,17.8
Venustiano Carranza,Mañana (06-11),Jueves,12,0,0,4,0.042,0.296,0.662,Alto,2,81.0
Venustiano Carranza,Mañana (06-11),Jueves,12,1,0,4,0.1043,0.3537,0.542,Alto,2,71.9
Venustiano Carranza,Noche (18-23),Jueves,12,0,0,4,0.0315,0.2988,0.6697,Alto,2,81.9
Venustiano Carranza,Noche (18-23),Jueves,12,1,0,4,0.0338,0.2668,0.6995,Alto,2,83.3
Venustiano Carranza,Tarde (12-17),Jueves,12,0,0,4,0.019,0.1692,0.8119,Alto,2,89.6
Venustiano Carranza,Tarde (12-17),Jueves,12,1,0,4,0.0282,0.1254,0.8464,Alto,2,90.9
Venustiano Carranza,Madrugada (00-05),Lunes,12,0,0,4,0.5494,0.3891,0.0614,Bajo,0,25.6
Venustiano Carranza,Madrugada (00-05),Lunes,12,1,0,4,0.6695,0.2721,0.0584,Bajo,0,19.4
Venustiano Carranza,Mañana (06-11),Lunes,12,0,0,4,0.0247,0.2292,0.7461,Alto,2,86.1
Venustiano Carranza,Mañana (06-11),Lunes,12,1,0,4,0.0766,0.2656,0.6578,Alto,2,79.1
Venustiano Carranza,Noche (18-23),Lunes,12,0,0,4,0.0606,0.2557,0.6837,Alto,2,81.2
Venustiano Carranza,Noche (18-23),Lunes,12,1,0,4,0.0435,0.1607,0.7958,Alto,2,87.6
Venustiano Carranza,Tarde (12-17),Lunes,12,0,0,4,0.0234,0.3642,0.6123,Alto,2,79.4
Venustiano Carranza,Tarde (12-17),Lunes,12,1,0,4,0.0327,0.3235,0.6438,Alto,2,80.6
Venustiano Carranza,Madrugada (00-05),Martes,12,0,0,4,0.6453,0.3382,0.0166,Bajo,0,18.6
Venustiano Carranza,Madrugada (00-05),Martes,12,1,0,4,0.8082,0.1752,0.0166,Bajo,0,10.4
Venustiano Carranza,Mañana (06-11),Martes,12,0,0,4,0.0517,0.6147,0.3337,Medio,1,64.1
Venustiano Carranza,Mañana (06-11),Martes,12,1,0,4,0.1605,0.458,0.3815,Medio,1,61.1
Venustiano Carranza,Noche (18-23),Martes,12,0,0,4,0.0254,0.6699,0.3047,Medio,1,64.0
Venustiano Carranza,Noche (18-23),Martes,12,1,0,4,0.0455,0.4872,0.4673,Medio,1,71.1
Venustiano Carranza,Tarde (12-17),Martes,12,0,0,4,0.0285,0.257,0.7145,Alto,2,84.3
Venustiano Carranza,Tarde (12-17),Martes,12,1,0,4,0.0533,0.1206,0.8261,Alto,2,88.6
Venustiano Carranza,Madrugada (00-05),Miércoles,12,0,0,4,0.5976,0.3671,0.0352,Bajo,0,21.9
Venustiano Carranza,Madrugada (00-05),Miércoles,12,1,0,4,0.6703,0.2868,0.0429,Bajo,0,18.6
Venustiano Carranza,Mañana (06-11),Miércoles,12,0,0,4,0.0271,0.313,0.6598,Alto,2,81.6
Venustiano Carranza,Mañana (06-11),Miércoles,12,1,0,4,0.0519,0.24,0.7081,Alto,2,82.8
Venustiano Carranza,Noche (18-23),Miércoles,12,0,0,4,0.0156,0.3036,0.6808,Alto,2,83.3
Venustiano Carranza,Noche (18-23),Miércoles,12,1,0,4,0.0161,0.1878,0.796,Alto,2,89.0
Venustiano Carranza,Tarde (12-17),Miércoles,12,0,0,4,0.0254,0.1457,0.8289,Alto,2,90.2
Venustiano Carranza,Tarde (12-17),Miércoles,12,1,0,4,0.0303,0.0824,0.8873,Alto,2,92.8
Venustiano Carranza,Madrugada (00-05),Sábado,12,0,1,4,0.1253,0.6016,0.2731,Medio,1,57.4
Venustiano Carranza,Madrugada (00-05),Sábado,12,1,1,4,0.1231,0.637,0.2399,Medio,1,55.8
Venustiano Carranza,Mañana (06-11),Sábado,12,0,1,4,0.0497,0.2608,0.6896,Alto,2,82.0
Venustiano Carranza,Mañana (06-11),Sábado,12,1,1,4,0.0873,0.4553,0.4575,Alto,2,68.5
Venustiano Carranza,Noche (18-23),Sábado,12,0,1,4,0.0196,0.2639,0.7165,Alto,2,84.8
Venustiano Carranza,Noche (18-23),Sábado,12,1,1,4,0.0203,0.2828,0.6969,Alto,2,83.8
Venustiano Carranza,Tarde (12-17),Sábado,12,0,1,4,0.0145,0.1257,0.8598,Alto,2,92.3
Venustiano Carranza,Tarde (12-17),Sábado,12,1,1,4,0.0205,0.1106,0.8689,Alto,2,92.4
Venustiano Carranza,Madrugada (00-05),Viernes,12,0,0,4,0.3797,0.5666,0.0537,Medio,1,33.7
Venustiano Carranza,Madrugada (00-05),Viernes,12,1,0,4,0.3474,0.585,0.0677,Medio,1,36.0
Venustiano Carranza,Mañana (06-11),Viernes,12,0,0,4,0.0284,0.4001,0.5715,Alto,2,77.2
Venustiano Carranza,Mañana (06-11),Viernes,12,1,0,4,0.0457,0.4304,0.5238,Alto,2,73.9
Venustiano Carranza,Noche (18-23),Viernes,12,0,0,4,0.0081,0.3011,0.6908,Alto,2,84.1
Venustiano Carranza,Noche (18-23),Viernes,12,1,0,4,0.011,0.2669,0.7221,Alto,2,85.6
Venustiano Carranza,Tarde (12-17),Viernes,12,0,0,4,0.0109,0.195,0.7941,Alto,2,89.2
Venustiano Carranza,Tarde (12-17),Viernes,12,1,0,4,0.0123,0.1161,0.8715,Alto,2,93.0
Xochimilco,Madrugada (00-05),Domingo,1,0,1,1,0.5449,0.4273,0.0278,Bajo,0,24.1
Xochimilco,Madrugada (00-05),Domingo,1,1,1,1,0.4626,0.5038,0.0336,Medio,1,28.6
Xochimilco,Mañana (06-11),Domingo,1,0,1,1,0.6336,0.3545,0.0119,Bajo,0,18.9
Xochimilco,Mañana (06-11),Domingo,1,1,1,1,0.5901,0.3933,0.0166,Bajo,0,21.3
Xochimilco,Noche (18-23),Domingo,1,0,1,1,0.2606,0.6554,0.084,Medio,1,41.2
Xochimilco,Noche (18-23),Domingo,1,1,1,1,0.2366,0.6496,0.1138,Medio,1,43.9
Xochimilco,Tarde (12-17),Domingo,1,0,1,1,0.4908,0.4797,0.0295,Bajo,0,26.9
Xochimilco,Tarde (12-17),Domingo,1,1,1,1,0.3719,0.5995,0.0286,Medio,1,32.8
Xochimilco,Madrugada (00-05),Jueves,1,0,0,1,0.8899,0.1088,0.0013,Bajo,0,5.6
Xochimilco,Madrugada (00-05),Jueves,1,1,0,1,0.924,0.075,0.001,Bajo,0,3.8
Xochimilco,Mañana (06-11),Jueves,1,0,0,1,0.4969,0.4834,0.0196,Bajo,0,26.1
Xochimilco,Mañana (06-11),Jueves,1,1,0,1,0.5983,0.381,0.0207,Bajo,0,21.1
Xochimilco,Noche (18-23),Jueves,1,0,0,1,0.416,0.5225,0.0615,Medio,1,32.3
Xochimilco,Noche (18-23),Jueves,1,1,0,1,0.4867,0.4691,0.0442,Bajo,0,27.9
Xochimilco,Tarde (12-17),Jueves,1,0,0,1,0.3516,0.6204,0.0279,Medio,1,33.8
Xochimilco,Tarde (12-17),Jueves,1,1,0,1,0.495,0.4868,0.0182,Bajo,0,26.2
Xochimilco,Madrugada (00-05),Lunes,1,0,0,1,0.8203,0.178,0.0017,Bajo,0,9.1
Xochimilco,Madrugada (00-05),Lunes,1,1,0,1,0.8511,0.1475,0.0015,Bajo,0,7.5
Xochimilco,Mañana (06-11),Lunes,1,0,0,1,0.4928,0.4852,0.022,Bajo,0,26.5
Xochimilco,Mañana (06-11),Lunes,1,1,0,1,0.5395,0.4392,0.0213,Bajo,0,24.1
Xochimilco,Noche (18-23),Lunes,1,0,0,1,0.5156,0.441,0.0434,Bajo,0,26.4
Xochimilco,Noche (18-23),Lunes,1,1,0,1,0.5139,0.4493,0.0367,Bajo,0,26.1
Xochimilco,Tarde (12-17),Lunes,1,0,0,1,0.3616,0.6077,0.0307,Medio,1,33.5
Xochimilco,Tarde (12-17),Lunes,1,1,0,1,0.429,0.546,0.025,Medio,1,29.8
Xochimilco,Madrugada (00-05),Martes,1,0,0,1,0.9072,0.0919,0.0009,Bajo,0,4.7
Xochimilco,Madrugada (00-05),Martes,1,1,0,1,0.9023,0.0969,0.0008,Bajo,0,4.9
Xochimilco,Mañana (06-11),Martes,1,0,0,1,0.4228,0.5527,0.0246,Medio,1,30.1
Xochimilco,Mañana (06-11),Martes,1,1,0,1,0.39,0.5872,0.0228,Medio,1,31.6
Xochimilco,Noche (18-23),Martes,1,0,0,1,0.3029,0.6572,0.0399,Medio,1,36.8
Xochimilco,Noche (18-23),Martes,1,1,0,1,0.3243,0.6427,0.0329,Medio,1,35.4
Xochimilco,Tarde (12-17),Martes,1,0,0,1,0.4201,0.5533,0.0266,Medio,1,30.3
Xochimilco,Tarde (12-17),Martes,1,1,0,1,0.3294,0.6528,0.0178,Medio,1,34.4
Xochimilco,Madrugada (00-05),Miércoles,1,0,0,1,0.8817,0.1166,0.0017,Bajo,0,6.0
Xochimilco,Madrugada (00-05),Miércoles,1,1,0,1,0.9048,0.094,0.0012,Bajo,0,4.8
Xochimilco,Mañana (06-11),Miércoles,1,0,0,1,0.3467,0.607,0.0463,Medio,1,35.0
Xochimilco,Mañana (06-11),Miércoles,1,1,0,1,0.3758,0.5813,0.0429,Medio,1,33.4
Xochimilco,Noche (18-23),Miércoles,1,0,0,1,0.2441,0.7093,0.0466,Medio,1,40.1
Xochimilco,Noche (18-23),Miércoles,1,1,0,1,0.3264,0.6484,0.0252,Medio,1,34.9
Xochimilco,Tarde (12-17),Miércoles,1,0,0,1,0.3801,0.5655,0.0544,Medio,1,33.7
Xochimilco,Tarde (12-17),Miércoles,1,1,0,1,0.4658,0.4956,0.0385,Medio,1,28.6
Xochimilco,Madrugada (00-05),Sábado,1,0,1,1,0.5878,0.3928,0.0194,Bajo,0,21.6
Xochimilco,Madrugada (00-05),Sábado,1,1,1,1,0.5026,0.4759,0.0215,Bajo,0,25.9
Xochimilco,Mañana (06-11),Sábado,1,0,1,1,0.5859,0.3962,0.0179,Bajo,0,21.6
Xochimilco,Mañana (06-11),Sábado,1,1,1,1,0.5387,0.4412,0.0201,Bajo,0,24.1
Xochimilco,Noche (18-23),Sábado,1,0,1,1,0.2764,0.6646,0.059,Medio,1,39.1
Xochimilco,Noche (18-23),Sábado,1,1,1,1,0.2394,0.6855,0.0751,Medio,1,41.8
Xochimilco,Tarde (12-17),Sábado,1,0,1,1,0.4241,0.5187,0.0572,Medio,1,31.7
Xochimilco,Tarde (12-17),Sábado,1,1,1,1,0.1995,0.7675,0.0331,Medio,1,41.7
Xochimilco,Madrugada (00-05),Viernes,1,0,0,1,0.7467,0.2491,0.0042,Bajo,0,12.9
Xochimilco,Madrugada (00-05),Viernes,1,1,0,1,0.8233,0.1741,0.0027,Bajo,0,9.0
Xochimilco,Mañana (06-11),Viernes,1,0,0,1,0.4163,0.5299,0.0538,Medio,1,31.9
Xochimilco,Mañana (06-11),Viernes,1,1,0,1,0.5063,0.4554,0.0384,Bajo,0,26.6
Xochimilco,Noche (18-23),Viernes,1,0,0,1,0.1908,0.4482,0.3611,Medio,1,58.5
Xochimilco,Noche (18-23),Viernes,1,1,0,1,0.3189,0.4386,0.2426,Medio,1,46.2
Xochimilco,Tarde (12-17),Viernes,1,0,0,1,0.2844,0.6725,0.0431,Medio,1,37.9
Xochimilco,Tarde (12-17),Viernes,1,1,0,1,0.38,0.5941,0.0258,Medio,1,32.3
Xochimilco,Madrugada (00-05),Domingo,2,0,1,1,0.3808,0.5731,0.046,Medio,1,33.3
Xochimilco,Madrugada (00-05),Domingo,2,1,1,1,0.3539,0.5988,0.0472,Medio,1,34.7
Xochimilco,Mañana (06-11),Domingo,2,0,1,1,0.504,0.4804,0.0156,Bajo,0,25.6
Xochimilco,Mañana (06-11),Domingo,2,1,1,1,0.4778,0.5028,0.0194,Medio,1,27.1
Xochimilco,Noche (18-23),Domingo,2,0,1,1,0.2249,0.6103,0.1648,Medio,1,47.0
Xochimilco,Noche (18-23),Domingo,2,1,1,1,0.1924,0.611,0.1966,Medio,1,50.2
Xochimilco,Tarde (12-17),Domingo,2,0,1,1,0.414,0.5309,0.055,Medio,1,32.1
Xochimilco,Tarde (12-17),Domingo,2,1,1,1,0.3283,0.6269,0.0448,Medio,1,35.8
Xochimilco,Madrugada (00-05),Jueves,2,0,0,1,0.8297,0.1674,0.0029,Bajo,0,8.7
Xochimilco,Madrugada (00-05),Jueves,2,1,0,1,0.8573,0.1407,0.002,Bajo,0,7.2
Xochimilco,Mañana (06-11),Jueves,2,0,0,1,0.4351,0.5368,0.0281,Medio,1,29.6
Xochimilco,Mañana (06-11),Jueves,2,1,0,1,0.4781,0.496,0.0258,Medio,1,27.4
Xochimilco,Noche (18-23),Jueves,2,0,0,1,0.308,0.5726,0.1194,Medio,1,40.6
Xochimilco,Noche (18-23),Jueves,2,1,0,1,0.3312,0.5869,0.0819,Medio,1,37.5
Xochimilco,Tarde (12-17),Jueves,2,0,0,1,0.3088,0.6249,0.0662,Medio,1,37.9
Xochimilco,Tarde (12-17),Jueves,2,1,0,1,0.4251,0.5334,0.0415,Medio,1,30.8
Xochimilco,Madrugada (00-05),Lunes,2,0,0,1,0.7659,0.2305,0.0036,Bajo,0,11.9
Xochimilco,Madrugada (00-05),Lunes,2,1,0,1,0.7751,0.2218,0.0031,Bajo,0,11.4
Xochimilco,Mañana (06-11),Lunes,2,0,0,1,0.443,0.5275,0.0295,Medio,1,29.3
Xochimilco,Mañana (06-11),Lunes,2,1,0,1,0.4266,0.5457,0.0278,Medio,1,30.1
Xochimilco,Noche (18-23),Lunes,2,0,0,1,0.3858,0.507,0.1073,Medio,1,36.1
Xochimilco,Noche (18-23),Lunes,2,1,0,1,0.3856,0.5245,0.0898,Medio,1,35.2
Xochimilco,Tarde (12-17),Lunes,2,0,0,1,0.3344,0.5933,0.0724,Medio,1,36.9
Xochimilco,Tarde (12-17),Lunes,2,1,0,1,0.3601,0.5831,0.0568,Medio,1,34.8
Xochimilco,Madrugada (00-05),Martes,2,0,0,1,0.8352,0.1631,0.0018,Bajo,0,8.3
Xochimilco,Madrugada (00-05),Martes,2,1,0,1,0.8769,0.1214,0.0017,Bajo,0,6.2
Xochimilco,Mañana (06-11),Martes,2,0,0,1,0.3024,0.6677,0.0299,Medio,1,36.4
Xochimilco,Mañana (06-11),Martes,2,1,0,1,0.3686,0.596,0.0353,Medio,1,33.3
Xochimilco,Noche (18-23),Martes,2,0,0,1,0.2563,0.6737,0.0699,Medio,1,40.7
Xochimilco,Noche (18-23),Martes,2,1,0,1,0.2951,0.6273,0.0776,Medio,1,39.1
Xochimilco,Tarde (12-17),Martes,2,0,0,1,0.332,0.6134,0.0546,Medio,1,36.1
Xochimilco,Tarde (12-17),Martes,2,1,0,1,0.315,0.6391,0.0459,Medio,1,36.5
Xochimilco,Madrugada (00-05),Miércoles,2,0,0,1,0.8715,0.1264,0.0022,Bajo,0,6.5
Xochimilco,Madrugada (00-05),Miércoles,2,1,0,1,0.8801,0.1181,0.0018,Bajo,0,6.1
Xochimilco,Mañana (06-11),Miércoles,2,0,0,1,0.391,0.5602,0.0488,Medio,1,32.9
Xochimilco,Mañana (06-11),Miércoles,2,1,0,1,0.3796,0.5762,0.0443,Medio,1,33.2
Xochimilco,Noche (18-23),Miércoles,2,0,0,1,0.3289,0.6039,0.0672,Medio,1,36.9
Xochimilco,Noche (18-23),Miércoles,2,1,0,1,0.3348,0.6144,0.0508,Medio,1,35.8
Xochimilco,Tarde (12-17),Miércoles,2,0,0,1,0.3817,0.5434,0.0749,Medio,1,34.7
Xochimilco,Tarde (12-17),Miércoles,2,1,0,1,0.4211,0.5205,0.0584,Medio,1,31.9
Xochimilco,Madrugada (00-05),Sábado,2,0,1,1,0.3634,0.6045,0.0321,Medio,1,33.4
Xochimilco,Madrugada (00-05),Sábado,2,1,1,1,0.2857,0.6882,0.0261,Medio,1,37.0
Xochimilco,Mañana (06-11),Sábado,2,0,1,1,0.428,0.5487,0.0233,Medio,1,29.8
Xochimilco,Mañana (06-11),Sábado,2,1,1,1,0.3476,0.6316,0.0209,Medio,1,33.7
Xochimilco,Noche (18-23),Sábado,2,0,1,1,0.1808,0.6987,0.1205,Medio,1,47.0
Xochimilco,Noche (18-23),Sábado,2,1,1,1,0.1406,0.7462,0.1132,Medio,1,48.6
Xochimilco,Tarde (12-17),Sábado,2,0,1,1,0.3464,0.5498,0.1039,Medio,1,37.9
Xochimilco,Tarde (12-17),Sábado,2,1,1,1,0.1444,0.8091,0.0465,Medio,1,45.1
Xochimilco,Madrugada (00-05),Viernes,2,0,0,1,0.7715,0.2234,0.0052,Bajo,0,11.7
Xochimilco,Madrugada (00-05),Viernes,2,1,0,1,0.8117,0.1844,0.004,Bajo,0,9.6
Xochimilco,Mañana (06-11),Viernes,2,0,0,1,0.4651,0.4767,0.0582,Medio,1,29.7
Xochimilco,Mañana (06-11),Viernes,2,1,0,1,0.4912,0.4618,0.047,Bajo,0,27.8
Xochimilco,Noche (18-23),Viernes,2,0,0,1,0.165,0.5208,0.3142,Medio,1,57.5
Xochimilco,Noche (18-23),Viernes,2,1,0,1,0.2208,0.5026,0.2766,Medio,1,52.8
Xochimilco,Tarde (12-17),Viernes,2,0,0,1,0.3141,0.6166,0.0692,Medio,1,37.8
Xochimilco,Tarde (12-17),Viernes,2,1,0,1,0.363,0.5901,0.0469,Medio,1,34.2
Xochimilco,Madrugada (00-05),Domingo,3,0,1,1,0.3885,0.5674,0.0442,Medio,1,32.8
Xochimilco,Madrugada (00-05),Domingo,3,1,1,1,0.3859,0.5604,0.0538,Medio,1,33.4
Xochimilco,Mañana (06-11),Domingo,3,0,1,1,0.5255,0.4582,0.0163,Bajo,0,24.5
Xochimilco,Mañana (06-11),Domingo,3,1,1,1,0.5312,0.4474,0.0214,Bajo,0,24.5
Xochimilco,Noche (18-23),Domingo,3,0,1,1,0.1988,0.6628,0.1384,Medio,1,47.0
Xochimilco,Noche (18-23),Domingo,3,1,1,1,0.1885,0.6064,0.2051,Medio,1,50.8
Xochimilco,Tarde (12-17),Domingo,3,0,1,1,0.3823,0.5706,0.047,Medio,1,33.2
Xochimilco,Tarde (12-17),Domingo,3,1,1,1,0.3358,0.6142,0.05,Medio,1,35.7
Xochimilco,Madrugada (00-05),Jueves,3,0,0,1,0.8348,0.1624,0.0029,Bajo,0,8.4
Xochimilco,Madrugada (00-05),Jueves,3,1,0,1,0.8606,0.1372,0.0022,Bajo,0,7.1
Xochimilco,Mañana (06-11),Jueves,3,0,0,1,0.4593,0.5098,0.0309,Medio,1,28.6
Xochimilco,Mañana (06-11),Jueves,3,1,0,1,0.5054,0.4665,0.0281,Bajo,0,26.1
Xochimilco,Noche (18-23),Jueves,3,0,0,1,0.2904,0.5986,0.1109,Medio,1,41.0
Xochimilco,Noche (18-23),Jueves,3,1,0,1,0.3177,0.5977,0.0846,Medio,1,38.3
Xochimilco,Tarde (12-17),Jueves,3,0,0,1,0.3086,0.6323,0.0591,Medio,1,37.5
Xochimilco,Tarde (12-17),Jueves,3,1,0,1,0.4245,0.5286,0.0468,Medio,1,31.1
Xochimilco,Madrugada (00-05),Lunes,3,0,0,1,0.7581,0.2386,0.0033,Bajo,0,12.3
Xochimilco,Madrugada (00-05),Lunes,3,1,0,1,0.7632,0.2336,0.0032,Bajo,0,12.0
Xochimilco,Mañana (06-11),Lunes,3,0,0,1,0.4569,0.5124,0.0307,Medio,1,28.7
Xochimilco,Mañana (06-11),Lunes,3,1,0,1,0.4378,0.5338,0.0284,Medio,1,29.5
Xochimilco,Noche (18-23),Lunes,3,0,0,1,0.3611,0.5545,0.0845,Medio,1,36.2
Xochimilco,Noche (18-23),Lunes,3,1,0,1,0.3735,0.5537,0.0728,Medio,1,35.0
Xochimilco,Tarde (12-17),Lunes,3,0,0,1,0.3111,0.6285,0.0604,Medio,1,37.5
Xochimilco,Tarde (12-17),Lunes,3,1,0,1,0.3284,0.6132,0.0584,Medio,1,36.5
Xochimilco,Madrugada (00-05),Martes,3,0,0,1,0.8899,0.1083,0.0018,Bajo,0,5.6
Xochimilco,Madrugada (00-05),Martes,3,1,0,1,0.8795,0.1186,0.0019,Bajo,0,6.1
Xochimilco,Mañana (06-11),Martes,3,0,0,1,0.3987,0.5606,0.0407,Medio,1,32.1
Xochimilco,Mañana (06-11),Martes,3,1,0,1,0.369,0.5889,0.0421,Medio,1,33.7
Xochimilco,Noche (18-23),Martes,3,0,0,1,0.2922,0.6351,0.0728,Medio,1,39.0
Xochimilco,Noche (18-23),Martes,3,1,0,1,0.2411,0.6921,0.0668,Medio,1,41.3
Xochimilco,Tarde (12-17),Martes,3,0,0,1,0.4011,0.5401,0.0588,Medio,1,32.9
Xochimilco,Tarde (12-17),Martes,3,1,0,1,0.3099,0.6367,0.0535,Medio,1,37.2
Xochimilco,Madrugada (00-05),Miércoles,3,0,0,1,0.8816,0.1163,0.002,Bajo,0,6.0
Xochimilco,Madrugada (00-05),Miércoles,3,1,0,1,0.8931,0.105,0.0019,Bajo,0,5.4
Xochimilco,Mañana (06-11),Miércoles,3,0,0,1,0.4386,0.5083,0.0531,Medio,1,30.7
Xochimilco,Mañana (06-11),Miércoles,3,1,0,1,0.4417,0.508,0.0503,Medio,1,30.4
Xochimilco,Noche (18-23),Miércoles,3,0,0,1,0.3145,0.6283,0.0572,Medio,1,37.1
Xochimilco,Noche (18-23),Miércoles,3,1,0,1,0.3256,0.6257,0.0487,Medio,1,36.2
Xochimilco,Tarde (12-17),Miércoles,3,0,0,1,0.4049,0.5304,0.0647,Medio,1,33.0
Xochimilco,Tarde (12-17),Miércoles,3,1,0,1,0.4452,0.4886,0.0662,Medio,1,31.0
Xochimilco,Madrugada (00-05),Sábado,3,0,1,1,0.2787,0.6981,0.0232,Medio,1,37.2
Xochimilco,Madrugada (00-05),Sábado,3,1,1,1,0.2837,0.6892,0.0271,Medio,1,37.2
Xochimilco,Mañana (06-11),Sábado,3,0,1,1,0.3869,0.592,0.0211,Medio,1,31.7
Xochimilco,Mañana (06-11),Sábado,3,1,1,1,0.3959,0.5805,0.0236,Medio,1,31.4
Xochimilco,Noche (18-23),Sábado,3,0,1,1,0.1294,0.7799,0.0906,Medio,1,48.1
Xochimilco,Noche (18-23),Sábado,3,1,1,1,0.1431,0.7213,0.1355,Medio,1,49.6
Xochimilco,Tarde (12-17),Sábado,3,0,1,1,0.2093,0.741,0.0497,Medio,1,42.0
Xochimilco,Tarde (12-17),Sábado,3,1,1,1,0.1353,0.8269,0.0378,Medio,1,45.1
Xochimilco,Madrugada (00-05),Viernes,3,0,0,1,0.7974,0.1985,0.0042,Bajo,0,10.3
Xochimilco,Madrugada (00-05),Viernes,3,1,0,1,0.8137,0.1824,0.0039,Bajo,0,9.5
Xochimilco,Mañana (06-11),Viernes,3,0,0,1,0.4898,0.4557,0.0545,Bajo,0,28.2
Xochimilco,Mañana (06-11),Viernes,3,1,0,1,0.5126,0.4458,0.0416,Bajo,0,26.4
Xochimilco,Noche (18-23),Viernes,3,0,0,1,0.2001,0.6203,0.1796,Medio,1,49.0
Xochimilco,Noche (18-23),Viernes,3,1,0,1,0.2243,0.5913,0.1844,Medio,1,48.0
Xochimilco,Tarde (12-17),Viernes,3,0,0,1,0.397,0.5332,0.0698,Medio,1,33.6
Xochimilco,Tarde (12-17),Viernes,3,1,0,1,0.403,0.5417,0.0553,Medio,1,32.6
Xochimilco,Madrugada (00-05),Domingo,4,0,1,2,0.4112,0.5519,0.0368,Medio,1,31.3
Xochimilco,Madrugada (00-05),Domingo,4,1,1,2,0.4174,0.5368,0.0458,Medio,1,31.4
Xochimilco,Mañana (06-11),Domingo,4,0,1,2,0.5751,0.4084,0.0165,Bajo,0,22.1
Xochimilco,Mañana (06-11),Domingo,4,1,1,2,0.5787,0.398,0.0233,Bajo,0,22.2
Xochimilco,Noche (18-23),Domingo,4,0,1,2,0.1991,0.6834,0.1175,Medio,1,45.9
Xochimilco,Noche (18-23),Domingo,4,1,1,2,0.1977,0.6192,0.1832,Medio,1,49.3
Xochimilco,Tarde (12-17),Domingo,4,0,1,2,0.39,0.577,0.033,Medio,1,32.1
Xochimilco,Tarde (12-17),Domingo,4,1,1,2,0.352,0.6092,0.0388,Medio,1,34.3
Xochimilco,Madrugada (00-05),Jueves,4,0,0,2,0.8317,0.1658,0.0025,Bajo,0,8.5
Xochimilco,Madrugada (00-05),Jueves,4,1,0,2,0.8559,0.1422,0.0019,Bajo,0,7.3
Xochimilco,Mañana (06-11),Jueves,4,0,0,2,0.4856,0.487,0.0275,Medio,1,27.1
Xochimilco,Mañana (06-11),Jueves,4,1,0,2,0.5189,0.455,0.0261,Bajo,0,25.4
Xochimilco,Noche (18-23),Jueves,4,0,0,2,0.2424,0.6647,0.0929,Medio,1,42.5
Xochimilco,Noche (18-23),Jueves,4,1,0,2,0.2623,0.664,0.0737,Medio,1,40.6
Xochimilco,Tarde (12-17),Jueves,4,0,0,2,0.3077,0.6465,0.0457,Medio,1,36.9
Xochimilco,Tarde (12-17),Jueves,4,1,0,2,0.4295,0.5322,0.0383,Medio,1,30.4
Xochimilco,Madrugada (00-05),Lunes,4,0,0,2,0.8272,0.1694,0.0034,Bajo,0,8.8
Xochimilco,Madrugada (00-05),Lunes,4,1,0,2,0.8177,0.1791,0.0033,Bajo,0,9.3
Xochimilco,Mañana (06-11),Lunes,4,0,0,2,0.6153,0.347,0.0377,Bajo,0,21.1
Xochimilco,Mañana (06-11),Lunes,4,1,0,2,0.579,0.3844,0.0366,Bajo,0,22.9
Xochimilco,Noche (18-23),Lunes,4,0,0,2,0.4006,0.5114,0.0881,Medio,1,34.4
Xochimilco,Noche (18-23),Lunes,4,1,0,2,0.4058,0.5189,0.0753,Medio,1,33.5
Xochimilco,Tarde (12-17),Lunes,4,0,0,2,0.3689,0.5652,0.0659,Medio,1,34.9
Xochimilco,Tarde (12-17),Lunes,4,1,0,2,0.3692,0.5667,0.0641,Medio,1,34.7
Xochimilco,Madrugada (00-05),Martes,4,0,0,2,0.9122,0.0863,0.0015,Bajo,0,4.5
Xochimilco,Madrugada (00-05),Martes,4,1,0,2,0.8898,0.1086,0.0016,Bajo,0,5.6
Xochimilco,Mañana (06-11),Martes,4,0,0,2,0.4992,0.4635,0.0373,Bajo,0,26.9
Xochimilco,Mañana (06-11),Martes,4,1,0,2,0.424,0.5378,0.0383,Medio,1,30.7
Xochimilco,Noche (18-23),Martes,4,0,0,2,0.3496,0.5786,0.0718,Medio,1,36.1
Xochimilco,Noche (18-23),Martes,4,1,0,2,0.25,0.6916,0.0584,Medio,1,40.4
Xochimilco,Tarde (12-17),Martes,4,0,0,2,0.4295,0.5256,0.0449,Medio,1,30.8
Xochimilco,Tarde (12-17),Martes,4,1,0,2,0.3254,0.6315,0.0432,Medio,1,35.9
Xochimilco,Madrugada (00-05),Miércoles,4,0,0,2,0.8699,0.1279,0.0022,Bajo,0,6.6
Xochimilco,Madrugada (00-05),Miércoles,4,1,0,2,0.8757,0.1223,0.0021,Bajo,0,6.3
Xochimilco,Mañana (06-11),Miércoles,4,0,0,2,0.4753,0.4764,0.0483,Medio,1,28.6
Xochimilco,Mañana (06-11),Miércoles,4,1,0,2,0.4704,0.4821,0.0475,Medio,1,28.9
Xochimilco,Noche (18-23),Miércoles,4,0,0,2,0.2474,0.6954,0.0572,Medio,1,40.5
Xochimilco,Noche (18-23),Miércoles,4,1,0,2,0.2521,0.7011,0.0467,Medio,1,39.7
Xochimilco,Tarde (12-17),Miércoles,4,0,0,2,0.3542,0.5957,0.0502,Medio,1,34.8
Xochimilco,Tarde (12-17),Miércoles,4,1,0,2,0.3716,0.5776,0.0509,Medio,1,34.0
Xochimilco,Madrugada (00-05),Sábado,4,0,1,2,0.3792,0.5963,0.0246,Medio,1,32.3
Xochimilco,Madrugada (00-05),Sábado,4,1,1,2,0.3849,0.5854,0.0297,Medio,1,32.2
Xochimilco,Mañana (06-11),Sábado,4,0,1,2,0.5735,0.398,0.0285,Bajo,0,22.8
Xochimilco,Mañana (06-11),Sábado,4,1,1,2,0.5578,0.4083,0.0339,Bajo,0,23.8
Xochimilco,Noche (18-23),Sábado,4,0,1,2,0.1761,0.7084,0.1155,Medio,1,47.0
Xochimilco,Noche (18-23),Sábado,4,1,1,2,0.1887,0.6368,0.1745,Medio,1,49.3
Xochimilco,Tarde (12-17),Sábado,4,0,1,2,0.2784,0.6732,0.0484,Medio,1,38.5
Xochimilco,Tarde (12-17),Sábado,4,1,1,2,0.2132,0.7431,0.0437,Medio,1,41.5
Xochimilco,Madrugada (00-05),Viernes,4,0,0,2,0.77,0.226,0.004,Bajo,0,11.7
Xochimilco,Madrugada (00-05),Viernes,4,1,0,2,0.8049,0.1913,0.0038,Bajo,0,9.9
Xochimilco,Mañana (06-11),Viernes,4,0,0,2,0.4909,0.4605,0.0486,Bajo,0,27.9
Xochimilco,Mañana (06-11),Viernes,4,1,0,2,0.5062,0.4525,0.0413,Bajo,0,26.8
Xochimilco,Noche (18-23),Viernes,4,0,0,2,0.165,0.6922,0.1428,Medio,1,48.9
Xochimilco,Noche (18-23),Viernes,4,1,0,2,0.2175,0.6242,0.1583,Medio,1,47.0
Xochimilco,Tarde (12-17),Viernes,4,0,0,2,0.3378,0.6176,0.0446,Medio,1,35.3
Xochimilco,Tarde (12-17),Viernes,4,1,0,2,0.376,0.5816,0.0424,Medio,1,33.3
Xochimilco,Madrugada (00-05),Domingo,5,0,1,2,0.4414,0.5107,0.0479,Medio,1,30.3
Xochimilco,Madrugada (00-05),Domingo,5,1,1,2,0.4055,0.5445,0.0499,Medio,1,32.2
Xochimilco,Mañana (06-11),Domingo,5,0,1,2,0.5605,0.4222,0.0174,Bajo,0,22.8
Xochimilco,Mañana (06-11),Domingo,5,1,1,2,0.5317,0.4467,0.0216,Bajo,0,24.5
Xochimilco,Noche (18-23),Domingo,5,0,1,2,0.2571,0.584,0.1589,Medio,1,45.1
Xochimilco,Noche (18-23),Domingo,5,1,1,2,0.2207,0.592,0.1874,Medio,1,48.3
Xochimilco,Tarde (12-17),Domingo,5,0,1,2,0.4345,0.5237,0.0418,Medio,1,30.4
Xochimilco,Tarde (12-17),Domingo,5,1,1,2,0.3481,0.6124,0.0395,Medio,1,34.6
Xochimilco,Madrugada (00-05),Jueves,5,0,0,2,0.8468,0.1503,0.0029,Bajo,0,7.8
Xochimilco,Madrugada (00-05),Jueves,5,1,0,2,0.8494,0.1486,0.002,Bajo,0,7.6
Xochimilco,Mañana (06-11),Jueves,5,0,0,2,0.4478,0.5222,0.03,Medio,1,29.1
Xochimilco,Mañana (06-11),Jueves,5,1,0,2,0.4596,0.5151,0.0254,Medio,1,28.3
Xochimilco,Noche (18-23),Jueves,5,0,0,2,0.2899,0.5868,0.1233,Medio,1,41.7
Xochimilco,Noche (18-23),Jueves,5,1,0,2,0.2963,0.6264,0.0773,Medio,1,39.1
Xochimilco,Tarde (12-17),Jueves,5,0,0,2,0.3395,0.6057,0.0548,Medio,1,35.8
Xochimilco,Tarde (12-17),Jueves,5,1,0,2,0.426,0.5356,0.0383,Medio,1,30.6
Xochimilco,Madrugada (00-05),Lunes,5,0,0,2,0.8282,0.1681,0.0037,Bajo,0,8.8
Xochimilco,Madrugada (00-05),Lunes,5,1,0,2,0.8095,0.1872,0.0033,Bajo,0,9.7
Xochimilco,Mañana (06-11),Lunes,5,0,0,2,0.5886,0.3712,0.0402,Bajo,0,22.6
Xochimilco,Mañana (06-11),Lunes,5,1,0,2,0.5503,0.4131,0.0365,Bajo,0,24.3
Xochimilco,Noche (18-23),Lunes,5,0,0,2,0.4361,0.4575,0.1064,Medio,1,33.5
Xochimilco,Noche (18-23),Lunes,5,1,0,2,0.4389,0.4825,0.0786,Medio,1,32.0
Xochimilco,Tarde (12-17),Lunes,5,0,0,2,0.3805,0.5511,0.0684,Medio,1,34.4
Xochimilco,Tarde (12-17),Lunes,5,1,0,2,0.3612,0.579,0.0598,Medio,1,34.9
Xochimilco,Madrugada (00-05),Martes,5,0,0,2,0.9267,0.0716,0.0017,Bajo,0,3.7
Xochimilco,Madrugada (00-05),Martes,5,1,0,2,0.8891,0.1092,0.0016,Bajo,0,5.6
Xochimilco,Mañana (06-11),Martes,5,0,0,2,0.4866,0.4704,0.043,Bajo,0,27.8
Xochimilco,Mañana (06-11),Martes,5,1,0,2,0.3774,0.5868,0.0359,Medio,1,32.9
Xochimilco,Noche (18-23),Martes,5,0,0,2,0.4322,0.4708,0.0969,Medio,1,33.2
Xochimilco,Noche (18-23),Martes,5,1,0,2,0.3172,0.6164,0.0664,Medio,1,37.5
Xochimilco,Tarde (12-17),Martes,5,0,0,2,0.4962,0.4515,0.0523,Bajo,0,27.8
Xochimilco,Tarde (12-17),Martes,5,1,0,2,0.337,0.6219,0.0411,Medio,1,35.2
Xochimilco,Madrugada (00-05),Miércoles,5,0,0,2,0.8617,0.1358,0.0025,Bajo,0,7.0
Xochimilco,Madrugada (00-05),Miércoles,5,1,0,2,0.8477,0.1502,0.0021,Bajo,0,7.7
Xochimilco,Mañana (06-11),Miércoles,5,0,0,2,0.4243,0.5241,0.0516,Medio,1,31.4
Xochimilco,Mañana (06-11),Miércoles,5,1,0,2,0.4051,0.5502,0.0447,Medio,1,32.0
Xochimilco,Noche (18-23),Miércoles,5,0,0,2,0.2674,0.6448,0.0878,Medio,1,41.0
Xochimilco,Noche (18-23),Miércoles,5,1,0,2,0.2639,0.6773,0.0588,Medio,1,39.7
Xochimilco,Tarde (12-17),Miércoles,5,0,0,2,0.3601,0.586,0.0539,Medio,1,34.7
Xochimilco,Tarde (12-17),Miércoles,5,1,0,2,0.3241,0.6321,0.0438,Medio,1,36.0
Xochimilco,Madrugada (00-05),Sábado,5,0,1,2,0.5112,0.4461,0.0427,Bajo,0,26.6
Xochimilco,Madrugada (00-05),Sábado,5,1,1,2,0.4865,0.4687,0.0449,Bajo,0,27.9
Xochimilco,Mañana (06-11),Sábado,5,0,1,2,0.5436,0.4275,0.0289,Bajo,0,24.3
Xochimilco,Mañana (06-11),Sábado,5,1,1,2,0.5095,0.4589,0.0316,Bajo,0,26.1
Xochimilco,Noche (18-23),Sábado,5,0,1,2,0.2658,0.531,0.2032,Medio,1,46.9
Xochimilco,Noche (18-23),Sábado,5,1,1,2,0.2297,0.5293,0.241,Medio,1,50.6
Xochimilco,Tarde (12-17),Sábado,5,0,1,2,0.4483,0.465,0.0867,Medio,1,31.9
Xochimilco,Tarde (12-17),Sábado,5,1,1,2,0.3571,0.5653,0.0777,Medio,1,36.0
Xochimilco,Madrugada (00-05),Viernes,5,0,0,2,0.7684,0.2273,0.0043,Bajo,0,11.8
Xochimilco,Madrugada (00-05),Viernes,5,1,0,2,0.7942,0.2019,0.0039,Bajo,0,10.5
Xochimilco,Mañana (06-11),Viernes,5,0,0,2,0.428,0.5248,0.0472,Medio,1,31.0
Xochimilco,Mañana (06-11),Viernes,5,1,0,2,0.4194,0.5429,0.0377,Medio,1,30.9
Xochimilco,Noche (18-23),Viernes,5,0,0,2,0.1699,0.6662,0.1639,Medio,1,49.7
Xochimilco,Noche (18-23),Viernes,5,1,0,2,0.2469,0.5738,0.1793,Medio,1,46.6
Xochimilco,Tarde (12-17),Viernes,5,0,0,2,0.4121,0.5391,0.0488,Medio,1,31.8
Xochimilco,Tarde (12-17),Viernes,5,1,0,2,0.4305,0.5268,0.0427,Medio,1,30.6
Xochimilco,Madrugada (00-05),Domingo,6,0,1,2,0.4024,0.4829,0.1147,Medio,1,35.6
Xochimilco,Madrugada (00-05),Domingo,6,1,1,2,0.3825,0.5249,0.0926,Medio,1,35.5
Xochimilco,Mañana (06-11),Domingo,6,0,1,2,0.5036,0.4675,0.0289,Bajo,0,26.3
Xochimilco,Mañana (06-11),Domingo,6,1,1,2,0.4943,0.478,0.0277,Bajo,0,26.7
Xochimilco,Noche (18-23),Domingo,6,0,1,2,0.2268,0.5387,0.2345,Medio,1,50.4
Xochimilco,Noche (18-23),Domingo,6,1,1,2,0.2037,0.5932,0.2031,Medio,1,50.0
Xochimilco,Tarde (12-17),Domingo,6,0,1,2,0.4112,0.5077,0.0811,Medio,1,33.5
Xochimilco,Tarde (12-17),Domingo,6,1,1,2,0.3484,0.5905,0.0611,Medio,1,35.6
Xochimilco,Madrugada (00-05),Jueves,6,0,0,2,0.8606,0.1369,0.0025,Bajo,0,7.1
Xochimilco,Madrugada (00-05),Jueves,6,1,0,2,0.8498,0.1484,0.0018,Bajo,0,7.6
Xochimilco,Mañana (06-11),Jueves,6,0,0,2,0.4624,0.5091,0.0285,Medio,1,28.3
Xochimilco,Mañana (06-11),Jueves,6,1,0,2,0.466,0.5106,0.0234,Medio,1,27.9
Xochimilco,Noche (18-23),Jueves,6,0,0,2,0.3121,0.5914,0.0965,Medio,1,39.2
Xochimilco,Noche (18-23),Jueves,6,1,0,2,0.2844,0.6592,0.0564,Medio,1,38.6
Xochimilco,Tarde (12-17),Jueves,6,0,0,2,0.3719,0.586,0.0422,Medio,1,33.5
Xochimilco,Tarde (12-17),Jueves,6,1,0,2,0.4474,0.5229,0.0297,Medio,1,29.1
Xochimilco,Madrugada (00-05),Lunes,6,0,0,2,0.8604,0.1356,0.004,Bajo,0,7.2
Xochimilco,Madrugada (00-05),Lunes,6,1,0,2,0.8393,0.1572,0.0034,Bajo,0,8.2
Xochimilco,Mañana (06-11),Lunes,6,0,0,2,0.6096,0.3469,0.0435,Bajo,0,21.7
Xochimilco,Mañana (06-11),Lunes,6,1,0,2,0.5832,0.379,0.0378,Bajo,0,22.7
Xochimilco,Noche (18-23),Lunes,6,0,0,2,0.4557,0.4285,0.1158,Bajo,0,33.0
Xochimilco,Noche (18-23),Lunes,6,1,0,2,0.4435,0.4771,0.0793,Medio,1,31.8
Xochimilco,Tarde (12-17),Lunes,6,0,0,2,0.5078,0.4434,0.0487,Bajo,0,27.0
Xochimilco,Tarde (12-17),Lunes,6,1,0,2,0.4866,0.4727,0.0407,Bajo,0,27.7
Xochimilco,Madrugada (00-05),Martes,6,0,0,2,0.938,0.0603,0.0017,Bajo,0,3.2
Xochimilco,Madrugada (00-05),Martes,6,1,0,2,0.9063,0.0923,0.0014,Bajo,0,4.8
Xochimilco,Mañana (06-11),Martes,6,0,0,2,0.5165,0.438,0.0455,Bajo,0,26.5
Xochimilco,Mañana (06-11),Martes,6,1,0,2,0.4284,0.536,0.0356,Medio,1,30.4
Xochimilco,Noche (18-23),Martes,6,0,0,2,0.4605,0.4404,0.0991,Bajo,0,31.9
Xochimilco,Noche (18-23),Martes,6,1,0,2,0.3444,0.595,0.0607,Medio,1,35.8
Xochimilco,Tarde (12-17),Martes,6,0,0,2,0.5674,0.3894,0.0432,Bajo,0,23.8
Xochimilco,Tarde (12-17),Martes,6,1,0,2,0.4441,0.5248,0.0311,Medio,1,29.3
Xochimilco,Madrugada (00-05),Miércoles,6,0,0,2,0.8911,0.1064,0.0025,Bajo,0,5.6
Xochimilco,Madrugada (00-05),Miércoles,6,1,0,2,0.8749,0.1232,0.0019,Bajo,0,6.4
Xochimilco,Mañana (06-11),Miércoles,6,0,0,2,0.472,0.4734,0.0546,Medio,1,29.1
Xochimilco,Mañana (06-11),Miércoles,6,1,0,2,0.4579,0.4989,0.0433,Medio,1,29.3
Xochimilco,Noche (18-23),Miércoles,6,0,0,2,0.3054,0.5953,0.0993,Medio,1,39.7
Xochimilco,Noche (18-23),Miércoles,6,1,0,2,0.2932,0.6489,0.0579,Medio,1,38.2
Xochimilco,Tarde (12-17),Miércoles,6,0,0,2,0.4635,0.4877,0.0489,Medio,1,29.3
Xochimilco,Tarde (12-17),Miércoles,6,1,0,2,0.4277,0.5364,0.0358,Medio,1,30.4
Xochimilco,Madrugada (00-05),Sábado,6,0,1,2,0.4485,0.4477,0.1038,Bajo,0,32.8
Xochimilco,Madrugada (00-05),Sábado,6,1,1,2,0.4256,0.4843,0.0901,Medio,1,33.2
Xochimilco,Mañana (06-11),Sábado,6,0,1,2,0.4791,0.4735,0.0474,Bajo,0,28.4
Xochimilco,Mañana (06-11),Sábado,6,1,1,2,0.4567,0.4998,0.0435,Medio,1,29.3
Xochimilco,Noche (18-23),Sábado,6,0,1,2,0.2318,0.4753,0.2929,Medio,1,53.1
Xochimilco,Noche (18-23),Sábado,6,1,1,2,0.1992,0.5301,0.2707,Medio,1,53.6
Xochimilco,Tarde (12-17),Sábado,6,0,1,2,0.3638,0.4536,0.1826,Medio,1,40.9
Xochimilco,Tarde (12-17),Sábado,6,1,1,2,0.3005,0.5607,0.1388,Medio,1,41.9
Xochimilco,Madrugada (00-05),Viernes,6,0,0,2,0.8386,0.1568,0.0046,Bajo,0,8.3
Xochimilco,Madrugada (00-05),Viernes,6,1,0,2,0.8586,0.1377,0.0037,Bajo,0,7.3
Xochimilco,Mañana (06-11),Viernes,6,0,0,2,0.5462,0.3994,0.0544,Bajo,0,25.4
Xochimilco,Mañana (06-11),Viernes,6,1,0,2,0.5688,0.3929,0.0383,Bajo,0,23.5
Xochimilco,Noche (18-23),Viernes,6,0,0,2,0.2202,0.5715,0.2084,Medio,1,49.4
Xochimilco,Noche (18-23),Viernes,6,1,0,2,0.2981,0.522,0.18,Medio,1,44.1
Xochimilco,Tarde (12-17),Viernes,6,0,0,2,0.5158,0.4368,0.0473,Bajo,0,26.6
Xochimilco,Tarde (12-17),Viernes,6,1,0,2,0.5487,0.4148,0.0365,Bajo,0,24.4
Xochimilco,Madrugada (00-05),Domingo,7,0,1,3,0.3874,0.548,0.0646,Medio,1,33.9
Xochimilco,Madrugada (00-05),Domingo,7,1,1,3,0.3619,0.5786,0.0595,Medio,1,34.9
Xochimilco,Mañana (06-11),Domingo,7,0,1,3,0.4819,0.5013,0.0168,Medio,1,26.7
Xochimilco,Mañana (06-11),Domingo,7,1,1,3,0.4574,0.5245,0.0181,Medio,1,28.0
Xochimilco,Noche (18-23),Domingo,7,0,1,3,0.2394,0.5999,0.1607,Medio,1,46.1
Xochimilco,Noche (18-23),Domingo,7,1,1,3,0.187,0.6581,0.1549,Medio,1,48.4
Xochimilco,Tarde (12-17),Domingo,7,0,1,3,0.461,0.4908,0.0481,Medio,1,29.4
Xochimilco,Tarde (12-17),Domingo,7,1,1,3,0.3711,0.5879,0.041,Medio,1,33.5
Xochimilco,Madrugada (00-05),Jueves,7,0,0,3,0.8622,0.1363,0.0016,Bajo,0,7.0
Xochimilco,Madrugada (00-05),Jueves,7,1,0,3,0.8457,0.1527,0.0016,Bajo,0,7.8
Xochimilco,Mañana (06-11),Jueves,7,0,0,3,0.5305,0.451,0.0185,Bajo,0,24.4
Xochimilco,Mañana (06-11),Jueves,7,1,0,3,0.5041,0.4771,0.0189,Bajo,0,25.7
Xochimilco,Noche (18-23),Jueves,7,0,0,3,0.3367,0.6021,0.0611,Medio,1,36.2
Xochimilco,Noche (18-23),Jueves,7,1,0,3,0.2804,0.6686,0.051,Medio,1,38.5
Xochimilco,Tarde (12-17),Jueves,7,0,0,3,0.4296,0.5445,0.026,Medio,1,29.8
Xochimilco,Tarde (12-17),Jueves,7,1,0,3,0.4673,0.5085,0.0243,Medio,1,27.9
Xochimilco,Madrugada (00-05),Lunes,7,0,0,3,0.8439,0.1534,0.0028,Bajo,0,7.9
Xochimilco,Madrugada (00-05),Lunes,7,1,0,3,0.8194,0.1777,0.003,Bajo,0,9.2
Xochimilco,Mañana (06-11),Lunes,7,0,0,3,0.5671,0.403,0.0299,Bajo,0,23.1
Xochimilco,Mañana (06-11),Lunes,7,1,0,3,0.5231,0.4459,0.031,Bajo,0,25.4
Xochimilco,Noche (18-23),Lunes,7,0,0,3,0.4433,0.4818,0.0749,Medio,1,31.6
Xochimilco,Noche (18-23),Lunes,7,1,0,3,0.4038,0.5311,0.0651,Medio,1,33.1
Xochimilco,Tarde (12-17),Lunes,7,0,0,3,0.4779,0.4921,0.0299,Medio,1,27.6
Xochimilco,Tarde (12-17),Lunes,7,1,0,3,0.4099,0.5611,0.029,Medio,1,31.0
Xochimilco,Madrugada (00-05),Martes,7,0,0,3,0.9217,0.0771,0.0012,Bajo,0,4.0
Xochimilco,Madrugada (00-05),Martes,7,1,0,3,0.9072,0.0917,0.0012,Bajo,0,4.7
Xochimilco,Mañana (06-11),Martes,7,0,0,3,0.4919,0.48,0.0281,Bajo,0,26.8
Xochimilco,Mañana (06-11),Martes,7,1,0,3,0.4459,0.5265,0.0277,Medio,1,29.1
Xochimilco,Noche (18-23),Martes,7,0,0,3,0.4669,0.4706,0.0625,Medio,1,29.8
Xochimilco,Noche (18-23),Martes,7,1,0,3,0.3696,0.5822,0.0483,Medio,1,33.9
Xochimilco,Tarde (12-17),Martes,7,0,0,3,0.5625,0.4106,0.0269,Bajo,0,23.2
Xochimilco,Tarde (12-17),Martes,7,1,0,3,0.4901,0.4845,0.0254,Bajo,0,26.8
Xochimilco,Madrugada (00-05),Miércoles,7,0,0,3,0.9092,0.0892,0.0015,Bajo,0,4.6
Xochimilco,Madrugada (00-05),Miércoles,7,1,0,3,0.894,0.1046,0.0014,Bajo,0,5.4
Xochimilco,Mañana (06-11),Miércoles,7,0,0,3,0.6498,0.3248,0.0255,Bajo,0,18.8
Xochimilco,Mañana (06-11),Miércoles,7,1,0,3,0.5591,0.4124,0.0285,Bajo,0,23.5
Xochimilco,Noche (18-23),Miércoles,7,0,0,3,0.3407,0.5926,0.0667,Medio,1,36.3
Xochimilco,Noche (18-23),Miércoles,7,1,0,3,0.3122,0.6404,0.0474,Medio,1,36.8
Xochimilco,Tarde (12-17),Miércoles,7,0,0,3,0.5624,0.4084,0.0292,Bajo,0,23.3
Xochimilco,Tarde (12-17),Miércoles,7,1,0,3,0.5072,0.4661,0.0267,Bajo,0,26.0
Xochimilco,Madrugada (00-05),Sábado,7,0,1,3,0.4564,0.4868,0.0568,Medio,1,30.0
Xochimilco,Madrugada (00-05),Sábado,7,1,1,3,0.4232,0.525,0.0518,Medio,1,31.4
Xochimilco,Mañana (06-11),Sábado,7,0,1,3,0.4794,0.4935,0.0272,Medio,1,27.4
Xochimilco,Mañana (06-11),Sábado,7,1,1,3,0.4362,0.5382,0.0256,Medio,1,29.5
Xochimilco,Noche (18-23),Sábado,7,0,1,3,0.2611,0.5354,0.2035,Medio,1,47.1
Xochimilco,Noche (18-23),Sábado,7,1,1,3,0.1932,0.6145,0.1922,Medio,1,50.0
Xochimilco,Tarde (12-17),Sábado,7,0,1,3,0.4765,0.4049,0.1186,Bajo,0,32.1
Xochimilco,Tarde (12-17),Sábado,7,1,1,3,0.3674,0.5408,0.0918,Medio,1,36.2
Xochimilco,Madrugada (00-05),Viernes,7,0,0,3,0.8284,0.1684,0.0032,Bajo,0,8.7
Xochimilco,Madrugada (00-05),Viernes,7,1,0,3,0.8423,0.1546,0.003,Bajo,0,8.0
Xochimilco,Mañana (06-11),Viernes,7,0,0,3,0.5173,0.4505,0.0323,Bajo,0,25.8
Xochimilco,Mañana (06-11),Viernes,7,1,0,3,0.5608,0.4108,0.0284,Bajo,0,23.4
Xochimilco,Noche (18-23),Viernes,7,0,0,3,0.2519,0.5954,0.1527,Medio,1,45.0
Xochimilco,Noche (18-23),Viernes,7,1,0,3,0.3277,0.5243,0.148,Medio,1,41.0
Xochimilco,Tarde (12-17),Viernes,7,0,0,3,0.519,0.4476,0.0334,Bajo,0,25.7
Xochimilco,Tarde (12-17),Viernes,7,1,0,3,0.4921,0.4774,0.0306,Bajo,0,26.9
Xochimilco,Madrugada (00-05),Domingo,8,0,1,3,0.3714,0.5553,0.0733,Medio,1,35.1
Xochimilco,Madrugada (00-05),Domingo,8,1,1,3,0.3389,0.5757,0.0854,Medio,1,37.3
Xochimilco,Mañana (06-11),Domingo,8,0,1,3,0.4618,0.5201,0.0181,Medio,1,27.8
Xochimilco,Mañana (06-11),Domingo,8,1,1,3,0.44,0.5353,0.0247,Medio,1,29.2
Xochimilco,Noche (18-23),Domingo,8,0,1,3,0.2354,0.6083,0.1563,Medio,1,46.0
Xochimilco,Noche (18-23),Domingo,8,1,1,3,0.1664,0.5969,0.2367,Medio,1,53.5
Xochimilco,Tarde (12-17),Domingo,8,0,1,3,0.464,0.4817,0.0542,Medio,1,29.5
Xochimilco,Tarde (12-17),Domingo,8,1,1,3,0.3666,0.5747,0.0587,Medio,1,34.6
Xochimilco,Madrugada (00-05),Jueves,8,0,0,3,0.8478,0.1505,0.0017,Bajo,0,7.7
Xochimilco,Madrugada (00-05),Jueves,8,1,0,3,0.8331,0.165,0.0019,Bajo,0,8.4
Xochimilco,Mañana (06-11),Jueves,8,0,0,3,0.4715,0.5078,0.0208,Medio,1,27.5
Xochimilco,Mañana (06-11),Jueves,8,1,0,3,0.4554,0.5224,0.0222,Medio,1,28.3
Xochimilco,Noche (18-23),Jueves,8,0,0,3,0.3076,0.6302,0.0623,Medio,1,37.7
Xochimilco,Noche (18-23),Jueves,8,1,0,3,0.2684,0.6748,0.0569,Medio,1,39.4
Xochimilco,Tarde (12-17),Jueves,8,0,0,3,0.4188,0.5507,0.0306,Medio,1,30.6
Xochimilco,Tarde (12-17),Jueves,8,1,0,3,0.4613,0.5093,0.0294,Medio,1,28.4
Xochimilco,Madrugada (00-05),Lunes,8,0,0,3,0.8336,0.1635,0.0028,Bajo,0,8.5
Xochimilco,Madrugada (00-05),Lunes,8,1,0,3,0.8105,0.1867,0.0028,Bajo,0,9.6
Xochimilco,Mañana (06-11),Lunes,8,0,0,3,0.5323,0.4329,0.0348,Bajo,0,25.1
Xochimilco,Mañana (06-11),Lunes,8,1,0,3,0.4984,0.4699,0.0317,Bajo,0,26.7
Xochimilco,Noche (18-23),Lunes,8,0,0,3,0.3811,0.5391,0.0798,Medio,1,34.9
Xochimilco,Noche (18-23),Lunes,8,1,0,3,0.3304,0.6063,0.0633,Medio,1,36.6
Xochimilco,Tarde (12-17),Lunes,8,0,0,3,0.4713,0.4934,0.0353,Medio,1,28.2
Xochimilco,Tarde (12-17),Lunes,8,1,0,3,0.4,0.5683,0.0318,Medio,1,31.6
Xochimilco,Madrugada (00-05),Martes,8,0,0,3,0.9251,0.0735,0.0014,Bajo,0,3.8
Xochimilco,Madrugada (00-05),Martes,8,1,0,3,0.9133,0.0853,0.0014,Bajo,0,4.4
Xochimilco,Mañana (06-11),Martes,8,0,0,3,0.4896,0.471,0.0394,Bajo,0,27.5
Xochimilco,Mañana (06-11),Martes,8,1,0,3,0.4653,0.4982,0.0365,Medio,1,28.6
Xochimilco,Noche (18-23),Martes,8,0,0,3,0.4709,0.4587,0.0705,Bajo,0,30.0
Xochimilco,Noche (18-23),Martes,8,1,0,3,0.3845,0.5599,0.0556,Medio,1,33.6
Xochimilco,Tarde (12-17),Martes,8,0,0,3,0.6018,0.3634,0.0348,Bajo,0,21.6
Xochimilco,Tarde (12-17),Martes,8,1,0,3,0.5299,0.4361,0.0341,Bajo,0,25.2
Xochimilco,Madrugada (00-05),Miércoles,8,0,0,3,0.9029,0.0953,0.0018,Bajo,0,4.9
Xochimilco,Madrugada (00-05),Miércoles,8,1,0,3,0.8928,0.1055,0.0017,Bajo,0,5.4
Xochimilco,Mañana (06-11),Miércoles,8,0,0,3,0.5636,0.3985,0.0379,Bajo,0,23.7
Xochimilco,Mañana (06-11),Miércoles,8,1,0,3,0.5415,0.4207,0.0378,Bajo,0,24.8
Xochimilco,Noche (18-23),Miércoles,8,0,0,3,0.3362,0.5934,0.0704,Medio,1,36.7
Xochimilco,Noche (18-23),Miércoles,8,1,0,3,0.3223,0.624,0.0537,Medio,1,36.6
Xochimilco,Tarde (12-17),Miércoles,8,0,0,3,0.56,0.404,0.036,Bajo,0,23.8
Xochimilco,Tarde (12-17),Miércoles,8,1,0,3,0.5095,0.4553,0.0352,Bajo,0,26.3
Xochimilco,Madrugada (00-05),Sábado,8,0,1,3,0.4501,0.4826,0.0673,Medio,1,30.9
Xochimilco,Madrugada (00-05),Sábado,8,1,1,3,0.4087,0.5198,0.0715,Medio,1,33.1
Xochimilco,Mañana (06-11),Sábado,8,0,1,3,0.4747,0.4968,0.0284,Medio,1,27.7
Xochimilco,Mañana (06-11),Sábado,8,1,1,3,0.4251,0.544,0.031,Medio,1,30.3
Xochimilco,Noche (18-23),Sábado,8,0,1,3,0.2643,0.5382,0.1975,Medio,1,46.7
Xochimilco,Noche (18-23),Sábado,8,1,1,3,0.1757,0.5576,0.2667,Medio,1,54.5
Xochimilco,Tarde (12-17),Sábado,8,0,1,3,0.4918,0.3854,0.1228,Bajo,0,31.5
Xochimilco,Tarde (12-17),Sábado,8,1,1,3,0.3728,0.5162,0.111,Medio,1,36.9
Xochimilco,Madrugada (00-05),Viernes,8,0,0,3,0.8267,0.1697,0.0036,Bajo,0,8.8
Xochimilco,Madrugada (00-05),Viernes,8,1,0,3,0.8473,0.1491,0.0035,Bajo,0,7.8
Xochimilco,Mañana (06-11),Viernes,8,0,0,3,0.4972,0.4658,0.037,Bajo,0,27.0
Xochimilco,Mañana (06-11),Viernes,8,1,0,3,0.5552,0.4108,0.034,Bajo,0,23.9
Xochimilco,Noche (18-23),Viernes,8,0,0,3,0.2034,0.6412,0.1554,Medio,1,47.6
Xochimilco,Noche (18-23),Viernes,8,1,0,3,0.3053,0.5337,0.161,Medio,1,42.8
Xochimilco,Tarde (12-17),Viernes,8,0,0,3,0.5319,0.4197,0.0485,Bajo,0,25.8
Xochimilco,Tarde (12-17),Viernes,8,1,0,3,0.5207,0.4319,0.0475,Bajo,0,26.3
Xochimilco,Madrugada (00-05),Domingo,9,0,1,3,0.3828,0.5385,0.0788,Medio,1,34.8
Xochimilco,Madrugada (00-05),Domingo,9,1,1,3,0.3546,0.5556,0.0898,Medio,1,36.8
Xochimilco,Mañana (06-11),Domingo,9,0,1,3,0.4938,0.4818,0.0244,Bajo,0,26.5
Xochimilco,Mañana (06-11),Domingo,9,1,1,3,0.4843,0.4866,0.0291,Medio,1,27.2
Xochimilco,Noche (18-23),Domingo,9,0,1,3,0.243,0.5721,0.1848,Medio,1,47.1
Xochimilco,Noche (18-23),Domingo,9,1,1,3,0.1714,0.5525,0.2761,Medio,1,55.2
Xochimilco,Tarde (12-17),Domingo,9,0,1,3,0.5203,0.4327,0.047,Bajo,0,26.3
Xochimilco,Tarde (12-17),Domingo,9,1,1,3,0.431,0.5157,0.0533,Medio,1,31.1
Xochimilco,Madrugada (00-05),Jueves,9,0,0,3,0.829,0.1686,0.0024,Bajo,0,8.7
Xochimilco,Madrugada (00-05),Jueves,9,1,0,3,0.8125,0.185,0.0025,Bajo,0,9.5
Xochimilco,Mañana (06-11),Jueves,9,0,0,3,0.3392,0.6186,0.0422,Medio,1,35.2
Xochimilco,Mañana (06-11),Jueves,9,1,0,3,0.3696,0.5968,0.0335,Medio,1,33.2
Xochimilco,Noche (18-23),Jueves,9,0,0,3,0.281,0.6419,0.0771,Medio,1,39.8
Xochimilco,Noche (18-23),Jueves,9,1,0,3,0.2402,0.6915,0.0683,Medio,1,41.4
Xochimilco,Tarde (12-17),Jueves,9,0,0,3,0.4118,0.5569,0.0312,Medio,1,31.0
Xochimilco,Tarde (12-17),Jueves,9,1,0,3,0.4584,0.5077,0.0339,Medio,1,28.8
Xochimilco,Madrugada (00-05),Lunes,9,0,0,3,0.7991,0.1973,0.0036,Bajo,0,10.2
Xochimilco,Madrugada (00-05),Lunes,9,1,0,3,0.7675,0.2291,0.0034,Bajo,0,11.8
Xochimilco,Mañana (06-11),Lunes,9,0,0,3,0.3718,0.5487,0.0794,Medio,1,35.4
Xochimilco,Mañana (06-11),Lunes,9,1,0,3,0.3882,0.5568,0.055,Medio,1,33.3
Xochimilco,Noche (18-23),Lunes,9,0,0,3,0.3616,0.5695,0.0688,Medio,1,35.4
Xochimilco,Noche (18-23),Lunes,9,1,0,3,0.3006,0.6465,0.0529,Medio,1,37.6
Xochimilco,Tarde (12-17),Lunes,9,0,0,3,0.4159,0.5519,0.0321,Medio,1,30.8
Xochimilco,Tarde (12-17),Lunes,9,1,0,3,0.3415,0.6285,0.03,Medio,1,34.4
Xochimilco,Madrugada (00-05),Martes,9,0,0,3,0.8921,0.1055,0.0024,Bajo,0,5.5
Xochimilco,Madrugada (00-05),Martes,9,1,0,3,0.8756,0.1224,0.0021,Bajo,0,6.3
Xochimilco,Mañana (06-11),Martes,9,0,0,3,0.3023,0.5953,0.1024,Medio,1,40.0
Xochimilco,Mañana (06-11),Martes,9,1,0,3,0.3338,0.5987,0.0675,Medio,1,36.7
Xochimilco,Noche (18-23),Martes,9,0,0,3,0.3768,0.5319,0.0913,Medio,1,35.7
Xochimilco,Noche (18-23),Martes,9,1,0,3,0.2969,0.6389,0.0642,Medio,1,38.4
Xochimilco,Tarde (12-17),Martes,9,0,0,3,0.5324,0.4279,0.0396,Bajo,0,25.4
Xochimilco,Tarde (12-17),Martes,9,1,0,3,0.4809,0.4828,0.0363,Medio,1,27.8
Xochimilco,Madrugada (00-05),Miércoles,9,0,0,3,0.8895,0.1078,0.0027,Bajo,0,5.7
Xochimilco,Madrugada (00-05),Miércoles,9,1,0,3,0.8781,0.1194,0.0024,Bajo,0,6.2
Xochimilco,Mañana (06-11),Miércoles,9,0,0,3,0.4309,0.4766,0.0924,Medio,1,33.1
Xochimilco,Mañana (06-11),Miércoles,9,1,0,3,0.4559,0.4736,0.0705,Medio,1,30.7
Xochimilco,Noche (18-23),Miércoles,9,0,0,3,0.3016,0.585,0.1134,Medio,1,40.6
Xochimilco,Noche (18-23),Miércoles,9,1,0,3,0.2854,0.628,0.0866,Medio,1,40.1
Xochimilco,Tarde (12-17),Miércoles,9,0,0,3,0.5395,0.4205,0.04,Bajo,0,25.0
Xochimilco,Tarde (12-17),Miércoles,9,1,0,3,0.4913,0.4669,0.0418,Bajo,0,27.5
Xochimilco,Madrugada (00-05),Sábado,9,0,1,3,0.4169,0.5162,0.0669,Medio,1,32.5
Xochimilco,Madrugada (00-05),Sábado,9,1,1,3,0.3594,0.5729,0.0677,Medio,1,35.4
Xochimilco,Mañana (06-11),Sábado,9,0,1,3,0.4318,0.5318,0.0364,Medio,1,30.2
Xochimilco,Mañana (06-11),Sábado,9,1,1,3,0.373,0.5926,0.0344,Medio,1,33.1
Xochimilco,Noche (18-23),Sábado,9,0,1,3,0.2753,0.5099,0.2148,Medio,1,47.0
Xochimilco,Noche (18-23),Sábado,9,1,1,3,0.1713,0.5395,0.2891,Medio,1,55.9
Xochimilco,Tarde (12-17),Sábado,9,0,1,3,0.4795,0.4134,0.1072,Bajo,0,31.4
Xochimilco,Tarde (12-17),Sábado,9,1,1,3,0.3513,0.5523,0.0964,Medio,1,37.3
Xochimilco,Madrugada (00-05),Viernes,9,0,0,3,0.7915,0.2034,0.005,Bajo,0,10.7
Xochimilco,Madrugada (00-05),Viernes,9,1,0,3,0.7939,0.201,0.0051,Bajo,0,10.6
Xochimilco,Mañana (06-11),Viernes,9,0,0,3,0.3705,0.5557,0.0738,Medio,1,35.2
Xochimilco,Mañana (06-11),Viernes,9,1,0,3,0.4372,0.5022,0.0607,Medio,1,31.2
Xochimilco,Noche (18-23),Viernes,9,0,0,3,0.1732,0.6467,0.1801,Medio,1,50.3
Xochimilco,Noche (18-23),Viernes,9,1,0,3,0.2138,0.6102,0.1761,Medio,1,48.1
Xochimilco,Tarde (12-17),Viernes,9,0,0,3,0.4687,0.484,0.0474,Medio,1,28.9
Xochimilco,Tarde (12-17),Viernes,9,1,0,3,0.4807,0.4659,0.0535,Bajo,0,28.6
Xochimilco,Madrugada (00-05),Domingo,10,0,1,4,0.5018,0.4167,0.0815,Bajo,0,29.0
Xochimilco,Madrugada (00-05),Domingo,10,1,1,4,0.3788,0.502,0.1191,Medio,1,37.0
Xochimilco,Mañana (06-11),Domingo,10,0,1,4,0.7013,0.2774,0.0213,Bajo,0,16.0
Xochimilco,Mañana (06-11),Domingo,10,1,1,4,0.6229,0.3411,0.036,Bajo,0,20.7
Xochimilco,Noche (18-23),Domingo,10,0,1,4,0.2695,0.5291,0.2014,Medio,1,46.6
Xochimilco,Noche (18-23),Domingo,10,1,1,4,0.1359,0.5256,0.3385,Medio,1,60.1
Xochimilco,Tarde (12-17),Domingo,10,0,1,4,0.6073,0.3441,0.0486,Bajo,0,22.1
Xochimilco,Tarde (12-17),Domingo,10,1,1,4,0.4173,0.5087,0.074,Medio,1,32.8
Xochimilco,Madrugada (00-05),Jueves,10,0,0,4,0.8602,0.1374,0.0023,Bajo,0,7.1
Xochimilco,Madrugada (00-05),Jueves,10,1,0,4,0.8072,0.1898,0.003,Bajo,0,9.8
Xochimilco,Mañana (06-11),Jueves,10,0,0,4,0.3515,0.6087,0.0398,Medio,1,34.4
Xochimilco,Mañana (06-11),Jueves,10,1,0,4,0.3523,0.6072,0.0405,Medio,1,34.4
Xochimilco,Noche (18-23),Jueves,10,0,0,4,0.3736,0.5368,0.0895,Medio,1,35.8
Xochimilco,Noche (18-23),Jueves,10,1,0,4,0.2719,0.6407,0.0874,Medio,1,40.8
Xochimilco,Tarde (12-17),Jueves,10,0,0,4,0.5006,0.4645,0.0349,Bajo,0,26.7
Xochimilco,Tarde (12-17),Jueves,10,1,0,4,0.4491,0.5065,0.0445,Medio,1,29.8
Xochimilco,Madrugada (00-05),Lunes,10,0,0,4,0.8372,0.1593,0.0035,Bajo,0,8.3
Xochimilco,Madrugada (00-05),Lunes,10,1,0,4,0.7893,0.2069,0.0037,Bajo,0,10.7
Xochimilco,Mañana (06-11),Lunes,10,0,0,4,0.4483,0.477,0.0747,Medio,1,31.3
Xochimilco,Mañana (06-11),Lunes,10,1,0,4,0.438,0.5038,0.0583,Medio,1,31.0
Xochimilco,Noche (18-23),Lunes,10,0,0,4,0.3746,0.5411,0.0843,Medio,1,35.5
Xochimilco,Noche (18-23),Lunes,10,1,0,4,0.2757,0.6539,0.0704,Medio,1,39.7
Xochimilco,Tarde (12-17),Lunes,10,0,0,4,0.4971,0.4657,0.0372,Bajo,0,27.0
Xochimilco,Tarde (12-17),Lunes,10,1,0,4,0.3776,0.5842,0.0382,Medio,1,33.0
Xochimilco,Madrugada (00-05),Martes,10,0,0,4,0.8965,0.1011,0.0024,Bajo,0,5.3
Xochimilco,Madrugada (00-05),Martes,10,1,0,4,0.864,0.1328,0.0032,Bajo,0,7.0
Xochimilco,Mañana (06-11),Martes,10,0,0,4,0.3074,0.5909,0.1017,Medio,1,39.7
Xochimilco,Mañana (06-11),Martes,10,1,0,4,0.3105,0.5953,0.0942,Medio,1,39.2
Xochimilco,Noche (18-23),Martes,10,0,0,4,0.362,0.5197,0.1183,Medio,1,37.8
Xochimilco,Noche (18-23),Martes,10,1,0,4,0.2281,0.6624,0.1095,Medio,1,44.1
Xochimilco,Tarde (12-17),Martes,10,0,0,4,0.538,0.4112,0.0509,Bajo,0,25.6
Xochimilco,Tarde (12-17),Martes,10,1,0,4,0.4655,0.4712,0.0633,Medio,1,29.9
Xochimilco,Madrugada (00-05),Miércoles,10,0,0,4,0.8932,0.104,0.0028,Bajo,0,5.5
Xochimilco,Madrugada (00-05),Miércoles,10,1,0,4,0.8575,0.1393,0.0032,Bajo,0,7.3
Xochimilco,Mañana (06-11),Miércoles,10,0,0,4,0.4855,0.4377,0.0769,Bajo,0,29.6
Xochimilco,Mañana (06-11),Miércoles,10,1,0,4,0.4505,0.47,0.0795,Medio,1,31.4
Xochimilco,Noche (18-23),Miércoles,10,0,0,4,0.2712,0.5821,0.1467,Medio,1,43.8
Xochimilco,Noche (18-23),Miércoles,10,1,0,4,0.2083,0.6648,0.1269,Medio,1,45.9
Xochimilco,Tarde (12-17),Miércoles,10,0,0,4,0.5716,0.3828,0.0456,Bajo,0,23.7
Xochimilco,Tarde (12-17),Miércoles,10,1,0,4,0.4681,0.4768,0.055,Medio,1,29.3
Xochimilco,Madrugada (00-05),Sábado,10,0,1,4,0.5566,0.3735,0.0699,Bajo,0,25.7
Xochimilco,Madrugada (00-05),Sábado,10,1,1,4,0.3659,0.5548,0.0793,Medio,1,35.7
Xochimilco,Mañana (06-11),Sábado,10,0,1,4,0.6639,0.302,0.0341,Bajo,0,18.5
Xochimilco,Mañana (06-11),Sábado,10,1,1,4,0.4882,0.4716,0.0401,Bajo,0,27.6
Xochimilco,Noche (18-23),Sábado,10,0,1,4,0.3047,0.4545,0.2408,Medio,1,46.8
Xochimilco,Noche (18-23),Sábado,10,1,1,4,0.1311,0.5503,0.3186,Medio,1,59.4
Xochimilco,Tarde (12-17),Sábado,10,0,1,4,0.5848,0.2964,0.1188,Bajo,0,26.7
Xochimilco,Tarde (12-17),Sábado,10,1,1,4,0.3319,0.5426,0.1255,Medio,1,39.7
Xochimilco,Madrugada (00-05),Viernes,10,0,0,4,0.7889,0.2048,0.0063,Bajo,0,10.9
Xochimilco,Madrugada (00-05),Viernes,10,1,0,4,0.817,0.1772,0.0058,Bajo,0,9.4
Xochimilco,Mañana (06-11),Viernes,10,0,0,4,0.3854,0.5317,0.0829,Medio,1,34.9
Xochimilco,Mañana (06-11),Viernes,10,1,0,4,0.4931,0.438,0.0689,Bajo,0,28.8
Xochimilco,Noche (18-23),Viernes,10,0,0,4,0.1275,0.5707,0.3018,Medio,1,58.7
Xochimilco,Noche (18-23),Viernes,10,1,0,4,0.1766,0.5345,0.2888,Medio,1,55.6
Xochimilco,Tarde (12-17),Viernes,10,0,0,4,0.4684,0.4777,0.0539,Medio,1,29.3
Xochimilco,Tarde (12-17),Viernes,10,1,0,4,0.4976,0.4429,0.0595,Bajo,0,28.1
Xochimilco,Madrugada (00-05),Domingo,11,0,1,4,0.4848,0.472,0.0433,Bajo,0,27.9
Xochimilco,Madrugada (00-05),Domingo,11,1,1,4,0.4465,0.5046,0.0489,Medio,1,30.1
Xochimilco,Mañana (06-11),Domingo,11,0,1,4,0.5857,0.3962,0.018,Bajo,0,21.6
Xochimilco,Mañana (06-11),Domingo,11,1,1,4,0.6307,0.3477,0.0216,Bajo,0,19.5
Xochimilco,Noche (18-23),Domingo,11,0,1,4,0.2496,0.6046,0.1458,Medio,1,44.8
Xochimilco,Noche (18-23),Domingo,11,1,1,4,0.1541,0.7026,0.1433,Medio,1,49.5
Xochimilco,Tarde (12-17),Domingo,11,0,1,4,0.5896,0.3717,0.0388,Bajo,0,22.5
Xochimilco,Tarde (12-17),Domingo,11,1,1,4,0.4656,0.4906,0.0438,Medio,1,28.9
Xochimilco,Madrugada (00-05),Jueves,11,0,0,4,0.8588,0.1386,0.0025,Bajo,0,7.2
Xochimilco,Madrugada (00-05),Jueves,11,1,0,4,0.8375,0.1597,0.0028,Bajo,0,8.3
Xochimilco,Mañana (06-11),Jueves,11,0,0,4,0.2871,0.6755,0.0373,Medio,1,37.5
Xochimilco,Mañana (06-11),Jueves,11,1,0,4,0.3867,0.5736,0.0397,Medio,1,32.7
Xochimilco,Noche (18-23),Jueves,11,0,0,4,0.3172,0.5662,0.1166,Medio,1,40.0
Xochimilco,Noche (18-23),Jueves,11,1,0,4,0.2293,0.6609,0.1098,Medio,1,44.0
Xochimilco,Tarde (12-17),Jueves,11,0,0,4,0.4919,0.4715,0.0365,Bajo,0,27.2
Xochimilco,Tarde (12-17),Jueves,11,1,0,4,0.4858,0.4728,0.0414,Bajo,0,27.8
Xochimilco,Madrugada (00-05),Lunes,11,0,0,4,0.778,0.2196,0.0023,Bajo,0,11.2
Xochimilco,Madrugada (00-05),Lunes,11,1,0,4,0.7677,0.2299,0.0025,Bajo,0,11.7
Xochimilco,Mañana (06-11),Lunes,11,0,0,4,0.2872,0.6634,0.0494,Medio,1,38.1
Xochimilco,Mañana (06-11),Lunes,11,1,0,4,0.3387,0.6224,0.0389,Medio,1,35.0
Xochimilco,Noche (18-23),Lunes,11,0,0,4,0.2567,0.6889,0.0543,Medio,1,39.9
Xochimilco,Noche (18-23),Lunes,11,1,0,4,0.1837,0.7675,0.0488,Medio,1,43.3
Xochimilco,Tarde (12-17),Lunes,11,0,0,4,0.3405,0.6385,0.0209,Medio,1,34.0
Xochimilco,Tarde (12-17),Lunes,11,1,0,4,0.2874,0.6911,0.0215,Medio,1,36.7
Xochimilco,Madrugada (00-05),Martes,11,0,0,4,0.8737,0.1236,0.0027,Bajo,0,6.4
Xochimilco,Madrugada (00-05),Martes,11,1,0,4,0.8824,0.1148,0.0028,Bajo,0,6.0
Xochimilco,Mañana (06-11),Martes,11,0,0,4,0.2586,0.6279,0.1135,Medio,1,42.7
Xochimilco,Mañana (06-11),Martes,11,1,0,4,0.37,0.5166,0.1134,Medio,1,37.2
Xochimilco,Noche (18-23),Martes,11,0,0,4,0.2908,0.586,0.1233,Medio,1,41.6
Xochimilco,Noche (18-23),Martes,11,1,0,4,0.2069,0.6835,0.1097,Medio,1,45.1
Xochimilco,Tarde (12-17),Martes,11,0,0,4,0.4112,0.5404,0.0484,Medio,1,31.9
Xochimilco,Tarde (12-17),Martes,11,1,0,4,0.4086,0.538,0.0533,Medio,1,32.2
Xochimilco,Madrugada (00-05),Miércoles,11,0,0,4,0.8607,0.1371,0.0022,Bajo,0,7.1
Xochimilco,Madrugada (00-05),Miércoles,11,1,0,4,0.8616,0.1361,0.0023,Bajo,0,7.0
Xochimilco,Mañana (06-11),Miércoles,11,0,0,4,0.3927,0.5472,0.0601,Medio,1,33.4
Xochimilco,Mañana (06-11),Miércoles,11,1,0,4,0.4596,0.4713,0.0691,Medio,1,30.5
Xochimilco,Noche (18-23),Miércoles,11,0,0,4,0.2418,0.6723,0.086,Medio,1,42.2
Xochimilco,Noche (18-23),Miércoles,11,1,0,4,0.1988,0.7251,0.0761,Medio,1,43.9
Xochimilco,Tarde (12-17),Miércoles,11,0,0,4,0.5073,0.4622,0.0305,Bajo,0,26.2
Xochimilco,Tarde (12-17),Miércoles,11,1,0,4,0.4904,0.4741,0.0355,Bajo,0,27.3
Xochimilco,Madrugada (00-05),Sábado,11,0,1,4,0.6066,0.3502,0.0431,Bajo,0,21.8
Xochimilco,Madrugada (00-05),Sábado,11,1,1,4,0.463,0.4992,0.0378,Medio,1,28.7
Xochimilco,Mañana (06-11),Sábado,11,0,1,4,0.6379,0.3358,0.0263,Bajo,0,19.4
Xochimilco,Mañana (06-11),Sábado,11,1,1,4,0.5379,0.4383,0.0238,Bajo,0,24.3
Xochimilco,Noche (18-23),Sábado,11,0,1,4,0.3285,0.478,0.1935,Medio,1,43.2
Xochimilco,Noche (18-23),Sábado,11,1,1,4,0.173,0.6869,0.1401,Medio,1,48.4
Xochimilco,Tarde (12-17),Sábado,11,0,1,4,0.6373,0.2802,0.0824,Bajo,0,22.3
Xochimilco,Tarde (12-17),Sábado,11,1,1,4,0.4278,0.5001,0.0721,Medio,1,32.2
Xochimilco,Madrugada (00-05),Viernes,11,0,0,4,0.8179,0.1776,0.0045,Bajo,0,9.3
Xochimilco,Madrugada (00-05),Viernes,11,1,0,4,0.8262,0.1692,0.0045,Bajo,0,8.9
Xochimilco,Mañana (06-11),Viernes,11,0,0,4,0.3419,0.5862,0.0719,Medio,1,36.5
Xochimilco,Mañana (06-11),Viernes,11,1,0,4,0.4387,0.493,0.0684,Medio,1,31.5
Xochimilco,Noche (18-23),Viernes,11,0,0,4,0.1527,0.5971,0.2502,Medio,1,54.9
Xochimilco,Noche (18-23),Viernes,11,1,0,4,0.179,0.5861,0.2348,Medio,1,52.8
Xochimilco,Tarde (12-17),Viernes,11,0,0,4,0.5416,0.4201,0.0383,Bajo,0,24.8
Xochimilco,Tarde (12-17),Viernes,11,1,0,4,0.531,0.4261,0.0429,Bajo,0,25.6
Xochimilco,Madrugada (00-05),Domingo,12,0,1,4,0.3572,0.6025,0.0403,Medio,1,34.2
Xochimilco,Madrugada (00-05),Domingo,12,1,1,4,0.4198,0.5339,0.0464,Medio,1,31.3
Xochimilco,Mañana (06-11),Domingo,12,0,1,4,0.5452,0.4328,0.022,Bajo,0,23.8
Xochimilco,Mañana (06-11),Domingo,12,1,1,4,0.7713,0.2111,0.0176,Bajo,0,12.3
Xochimilco,Noche (18-23),Domingo,12,0,1,4,0.2085,0.6637,0.1277,Medio,1,46.0
Xochimilco,Noche (18-23),Domingo,12,1,1,4,0.1945,0.647,0.1585,Medio,1,48.2
Xochimilco,Tarde (12-17),Domingo,12,0,1,4,0.4214,0.5168,0.0618,Medio,1,32.0
Xochimilco,Tarde (12-17),Domingo,12,1,1,4,0.3758,0.5636,0.0605,Medio,1,34.2
Xochimilco,Madrugada (00-05),Jueves,12,0,0,4,0.8091,0.1869,0.004,Bajo,0,9.7
Xochimilco,Madrugada (00-05),Jueves,12,1,0,4,0.8488,0.147,0.0042,Bajo,0,7.8
Xochimilco,Mañana (06-11),Jueves,12,0,0,4,0.323,0.6153,0.0617,Medio,1,36.9
Xochimilco,Mañana (06-11),Jueves,12,1,0,4,0.6455,0.3075,0.047,Bajo,0,20.1
Xochimilco,Noche (18-23),Jueves,12,0,0,4,0.3123,0.587,0.1007,Medio,1,39.4
Xochimilco,Noche (18-23),Jueves,12,1,0,4,0.3115,0.557,0.1315,Medio,1,41.0
Xochimilco,Tarde (12-17),Jueves,12,0,0,4,0.4563,0.4835,0.0603,Medio,1,30.2
Xochimilco,Tarde (12-17),Jueves,12,1,0,4,0.5317,0.4012,0.0671,Bajo,0,26.8
Xochimilco,Madrugada (00-05),Lunes,12,0,0,4,0.7373,0.2594,0.0033,Bajo,0,13.3
Xochimilco,Madrugada (00-05),Lunes,12,1,0,4,0.7861,0.2106,0.0033,Bajo,0,10.9
Xochimilco,Mañana (06-11),Lunes,12,0,0,4,0.367,0.5438,0.0892,Medio,1,36.1
Xochimilco,Mañana (06-11),Lunes,12,1,0,4,0.6486,0.2946,0.0567,Bajo,0,20.4
Xochimilco,Noche (18-23),Lunes,12,0,0,4,0.3643,0.5914,0.0443,Medio,1,34.0
Xochimilco,Noche (18-23),Lunes,12,1,0,4,0.2406,0.7021,0.0572,Medio,1,40.8
Xochimilco,Tarde (12-17),Lunes,12,0,0,4,0.2598,0.7134,0.0268,Medio,1,38.4
Xochimilco,Tarde (12-17),Lunes,12,1,0,4,0.243,0.7307,0.0263,Medio,1,39.2
Xochimilco,Madrugada (00-05),Martes,12,0,0,4,0.7002,0.2958,0.0041,Bajo,0,15.2
Xochimilco,Madrugada (00-05),Martes,12,1,0,4,0.8258,0.1703,0.0039,Bajo,0,8.9
Xochimilco,Mañana (06-11),Martes,12,0,0,4,0.1898,0.6989,0.1113,Medio,1,46.1
Xochimilco,Mañana (06-11),Martes,12,1,0,4,0.5416,0.3721,0.0863,Bajo,0,27.2
Xochimilco,Noche (18-23),Martes,12,0,0,4,0.1875,0.7266,0.0859,Medio,1,44.9
Xochimilco,Noche (18-23),Martes,12,1,0,4,0.2208,0.6692,0.11,Medio,1,44.5
Xochimilco,Tarde (12-17),Martes,12,0,0,4,0.2351,0.7183,0.0466,Medio,1,40.6
Xochimilco,Tarde (12-17),Martes,12,1,0,4,0.3159,0.629,0.0552,Medio,1,37.0
Xochimilco,Madrugada (00-05),Miércoles,12,0,0,4,0.7898,0.207,0.0031,Bajo,0,10.7
Xochimilco,Madrugada (00-05),Miércoles,12,1,0,4,0.865,0.1319,0.0031,Bajo,0,6.9
Xochimilco,Mañana (06-11),Miércoles,12,0,0,4,0.3762,0.5324,0.0914,Medio,1,35.8
Xochimilco,Mañana (06-11),Miércoles,12,1,0,4,0.695,0.2353,0.0696,Bajo,0,18.7
Xochimilco,Noche (18-23),Miércoles,12,0,0,4,0.2074,0.7222,0.0704,Medio,1,43.2
Xochimilco,Noche (18-23),Miércoles,12,1,0,4,0.2713,0.6336,0.0951,Medio,1,41.2
Xochimilco,Tarde (12-17),Miércoles,12,0,0,4,0.4278,0.5329,0.0393,Medio,1,30.6
Xochimilco,Tarde (12-17),Miércoles,12,1,0,4,0.5192,0.4345,0.0463,Bajo,0,26.4
Xochimilco,Madrugada (00-05),Sábado,12,0,1,4,0.4608,0.4794,0.0598,Medio,1,30.0
Xochimilco,Madrugada (00-05),Sábado,12,1,1,4,0.3977,0.5559,0.0464,Medio,1,32.4
Xochimilco,Mañana (06-11),Sábado,12,0,1,4,0.6475,0.3183,0.0342,Bajo,0,19.3
Xochimilco,Mañana (06-11),Sábado,12,1,1,4,0.6872,0.2922,0.0206,Bajo,0,16.7
Xochimilco,Noche (18-23),Sábado,12,0,1,4,0.2905,0.5233,0.1862,Medio,1,44.8
Xochimilco,Noche (18-23),Sábado,12,1,1,4,0.2123,0.6342,0.1536,Medio,1,47.1
Xochimilco,Tarde (12-17),Sábado,12,0,1,4,0.4363,0.3929,0.1707,Bajo,0,36.7
Xochimilco,Tarde (12-17),Sábado,12,1,1,4,0.2831,0.6187,0.0983,Medio,1,40.8
Xochimilco,Madrugada (00-05),Viernes,12,0,0,4,0.6936,0.2994,0.007,Bajo,0,15.7
Xochimilco,Madrugada (00-05),Viernes,12,1,0,4,0.8247,0.1671,0.0082,Bajo,0,9.2
Xochimilco,Mañana (06-11),Viernes,12,0,0,4,0.3256,0.575,0.0994,Medio,1,38.7
Xochimilco,Mañana (06-11),Viernes,12,1,0,4,0.6042,0.3058,0.09,Bajo,0,24.3
Xochimilco,Noche (18-23),Viernes,12,0,0,4,0.1212,0.6761,0.2027,Medio,1,54.1
Xochimilco,Noche (18-23),Viernes,12,1,0,4,0.2407,0.4641,0.2952,Medio,1,52.7
Xochimilco,Tarde (12-17),Viernes,12,0,0,4,0.3722,0.5761,0.0516,Medio,1,34.0
Xochimilco,Tarde (12-17),Viernes,12,1,0,4,0.4307,0.4994,0.0698,Medio,1,32.0
Álvaro Obregón,Madrugada (00-05),Domingo,1,0,1,1,0.2812,0.5524,0.1664,Medio,1,44.3
Álvaro Obregón,Madrugada (00-05),Domingo,1,1,1,1,0.2918,0.5197,0.1885,Medio,1,44.8
Álvaro Obregón,Mañana (06-11),Domingo,1,0,1,1,0.1954,0.5755,0.2291,Medio,1,51.7
Álvaro Obregón,Mañana (06-11),Domingo,1,1,1,1,0.1661,0.622,0.2119,Medio,1,52.3
Álvaro Obregón,Noche (18-23),Domingo,1,0,1,1,0.0273,0.4672,0.5055,Alto,2,73.9
Álvaro Obregón,Noche (18-23),Domingo,1,1,1,1,0.0299,0.4747,0.4955,Alto,2,73.3
Álvaro Obregón,Tarde (12-17),Domingo,1,0,1,1,0.0671,0.6261,0.3069,Medio,1,62.0
Álvaro Obregón,Tarde (12-17),Domingo,1,1,1,1,0.0589,0.5165,0.4245,Medio,1,68.3
Álvaro Obregón,Madrugada (00-05),Jueves,1,0,0,1,0.6147,0.3588,0.0265,Bajo,0,20.6
Álvaro Obregón,Madrugada (00-05),Jueves,1,1,0,1,0.792,0.1944,0.0136,Bajo,0,11.1
Álvaro Obregón,Mañana (06-11),Jueves,1,0,0,1,0.0304,0.6986,0.271,Medio,1,62.0
Álvaro Obregón,Mañana (06-11),Jueves,1,1,0,1,0.0486,0.719,0.2324,Medio,1,59.2
Álvaro Obregón,Noche (18-23),Jueves,1,0,0,1,0.0246,0.5377,0.4377,Medio,1,70.7
Álvaro Obregón,Noche (18-23),Jueves,1,1,0,1,0.0411,0.649,0.31,Medio,1,63.4
Álvaro Obregón,Tarde (12-17),Jueves,1,0,0,1,0.0477,0.539,0.4133,Medio,1,68.3
Álvaro Obregón,Tarde (12-17),Jueves,1,1,0,1,0.0889,0.4957,0.4154,Medio,1,66.3
Álvaro Obregón,Madrugada (00-05),Lunes,1,0,0,1,0.6771,0.3051,0.0178,Bajo,0,17.0
Álvaro Obregón,Madrugada (00-05),Lunes,1,1,0,1,0.7154,0.2658,0.0188,Bajo,0,15.2
Álvaro Obregón,Mañana (06-11),Lunes,1,0,0,1,0.0769,0.6746,0.2485,Medio,1,58.6
Álvaro Obregón,Mañana (06-11),Lunes,1,1,0,1,0.0625,0.6727,0.2648,Medio,1,60.1
Álvaro Obregón,Noche (18-23),Lunes,1,0,0,1,0.0867,0.5756,0.3377,Medio,1,62.6
Álvaro Obregón,Noche (18-23),Lunes,1,1,0,1,0.047,0.6977,0.2553,Medio,1,60.4
Álvaro Obregón,Tarde (12-17),Lunes,1,0,0,1,0.114,0.5099,0.3761,Medio,1,63.1
Álvaro Obregón,Tarde (12-17),Lunes,1,1,0,1,0.0872,0.4045,0.5083,Alto,2,71.1
Álvaro Obregón,Madrugada (00-05),Martes,1,0,0,1,0.8504,0.1377,0.0119,Bajo,0,8.1
Álvaro Obregón,Madrugada (00-05),Martes,1,1,0,1,0.8474,0.1439,0.0088,Bajo,0,8.1
Álvaro Obregón,Mañana (06-11),Martes,1,0,0,1,0.0527,0.7199,0.2274,Medio,1,58.7
Álvaro Obregón,Mañana (06-11),Martes,1,1,0,1,0.0397,0.76,0.2003,Medio,1,58.0
Álvaro Obregón,Noche (18-23),Martes,1,0,0,1,0.0278,0.6054,0.3667,Medio,1,66.9
Álvaro Obregón,Noche (18-23),Martes,1,1,0,1,0.0255,0.7742,0.2003,Medio,1,58.7
Álvaro Obregón,Tarde (12-17),Martes,1,0,0,1,0.1116,0.4221,0.4663,Alto,2,67.7
Álvaro Obregón,Tarde (12-17),Martes,1,1,0,1,0.0824,0.4975,0.4201,Medio,1,66.9
Álvaro Obregón,Madrugada (00-05),Miércoles,1,0,0,1,0.9236,0.0647,0.0117,Bajo,0,4.4
Álvaro Obregón,Madrugada (00-05),Miércoles,1,1,0,1,0.9034,0.0887,0.0079,Bajo,0,5.2
Álvaro Obregón,Mañana (06-11),Miércoles,1,0,0,1,0.0762,0.3602,0.5636,Alto,2,74.4
Álvaro Obregón,Mañana (06-11),Miércoles,1,1,0,1,0.0501,0.594,0.3559,Medio,1,65.3
Álvaro Obregón,Noche (18-23),Miércoles,1,0,0,1,0.0472,0.463,0.4898,Alto,2,72.1
Álvaro Obregón,Noche (18-23),Miércoles,1,1,0,1,0.0583,0.665,0.2767,Medio,1,60.9
Álvaro Obregón,Tarde (12-17),Miércoles,1,0,0,1,0.2179,0.2443,0.5378,Alto,2,66.0
Álvaro Obregón,Tarde (12-17),Miércoles,1,1,0,1,0.1831,0.3217,0.4953,Alto,2,65.6
Álvaro Obregón,Madrugada (00-05),Sábado,1,0,1,1,0.2668,0.549,0.1842,Medio,1,45.9
Álvaro Obregón,Madrugada (00-05),Sábado,1,1,1,1,0.2744,0.5292,0.1964,Medio,1,46.1
Álvaro Obregón,Mañana (06-11),Sábado,1,0,1,1,0.074,0.5196,0.4064,Medio,1,66.6
Álvaro Obregón,Mañana (06-11),Sábado,1,1,1,1,0.0629,0.6143,0.3229,Medio,1,63.0
Álvaro Obregón,Noche (18-23),Sábado,1,0,1,1,0.0238,0.4457,0.5305,Alto,2,75.3
Álvaro Obregón,Noche (18-23),Sábado,1,1,1,1,0.0267,0.4101,0.5632,Alto,2,76.8
Álvaro Obregón,Tarde (12-17),Sábado,1,0,1,1,0.0489,0.4557,0.4954,Alto,2,72.3
Álvaro Obregón,Tarde (12-17),Sábado,1,1,1,1,0.0365,0.3667,0.5968,Alto,2,78.0
Álvaro Obregón,Madrugada (00-05),Viernes,1,0,0,1,0.5972,0.363,0.0398,Bajo,0,22.1
Álvaro Obregón,Madrugada (00-05),Viernes,1,1,0,1,0.6452,0.3295,0.0254,Bajo,0,19.0
Álvaro Obregón,Mañana (06-11),Viernes,1,0,0,1,0.104,0.5505,0.3455,Medio,1,62.1
Álvaro Obregón,Mañana (06-11),Viernes,1,1,0,1,0.0803,0.6492,0.2705,Medio,1,59.5
Álvaro Obregón,Noche (18-23),Viernes,1,0,0,1,0.0109,0.2927,0.6964,Alto,2,84.3
Álvaro Obregón,Noche (18-23),Viernes,1,1,0,1,0.0161,0.539,0.4449,Medio,1,71.4
Álvaro Obregón,Tarde (12-17),Viernes,1,0,0,1,0.0481,0.366,0.5859,Alto,2,76.9
Álvaro Obregón,Tarde (12-17),Viernes,1,1,0,1,0.0605,0.4274,0.5121,Alto,2,72.6
Álvaro Obregón,Madrugada (00-05),Domingo,2,0,1,1,0.2629,0.5113,0.2258,Medio,1,48.1
Álvaro Obregón,Madrugada (00-05),Domingo,2,1,1,1,0.2392,0.5466,0.2142,Medio,1,48.8
Álvaro Obregón,Mañana (06-11),Domingo,2,0,1,1,0.2883,0.4421,0.2696,Medio,1,49.1
Álvaro Obregón,Mañana (06-11),Domingo,2,1,1,1,0.2402,0.526,0.2338,Medio,1,49.7
Álvaro Obregón,Noche (18-23),Domingo,2,0,1,1,0.0342,0.3072,0.6586,Alto,2,81.2
Álvaro Obregón,Noche (18-23),Domingo,2,1,1,1,0.029,0.3789,0.5922,Alto,2,78.2
Álvaro Obregón,Tarde (12-17),Domingo,2,0,1,1,0.0479,0.5777,0.3744,Medio,1,66.3
Álvaro Obregón,Tarde (12-17),Domingo,2,1,1,1,0.0459,0.561,0.393,Medio,1,67.4
Álvaro Obregón,Madrugada (00-05),Jueves,2,0,0,1,0.8005,0.1808,0.0187,Bajo,0,10.9
Álvaro Obregón,Madrugada (00-05),Jueves,2,1,0,1,0.8005,0.1813,0.0182,Bajo,0,10.9
Álvaro Obregón,Mañana (06-11),Jueves,2,0,0,1,0.1234,0.5059,0.3706,Medio,1,62.4
Álvaro Obregón,Mañana (06-11),Jueves,2,1,0,1,0.105,0.5279,0.3671,Medio,1,63.1
Álvaro Obregón,Noche (18-23),Jueves,2,0,0,1,0.0489,0.4205,0.5306,Alto,2,74.1
Álvaro Obregón,Noche (18-23),Jueves,2,1,0,1,0.0414,0.5198,0.4389,Medio,1,69.9
Álvaro Obregón,Tarde (12-17),Jueves,2,0,0,1,0.0632,0.384,0.5529,Alto,2,74.5
Álvaro Obregón,Tarde (12-17),Jueves,2,1,0,1,0.07,0.3834,0.5465,Alto,2,73.8
Álvaro Obregón,Madrugada (00-05),Lunes,2,0,0,1,0.7615,0.2202,0.0183,Bajo,0,12.8
Álvaro Obregón,Madrugada (00-05),Lunes,2,1,0,1,0.7064,0.2766,0.017,Bajo,0,15.5
Álvaro Obregón,Mañana (06-11),Lunes,2,0,0,1,0.1705,0.5336,0.2959,Medio,1,56.3
Álvaro Obregón,Mañana (06-11),Lunes,2,1,0,1,0.1161,0.6439,0.2401,Medio,1,56.2
Álvaro Obregón,Noche (18-23),Lunes,2,0,0,1,0.1608,0.4192,0.4201,Alto,2,63.0
Álvaro Obregón,Noche (18-23),Lunes,2,1,0,1,0.0796,0.6485,0.2719,Medio,1,59.6
Álvaro Obregón,Tarde (12-17),Lunes,2,0,0,1,0.0872,0.4141,0.4987,Alto,2,70.6
Álvaro Obregón,Tarde (12-17),Lunes,2,1,0,1,0.0721,0.4233,0.5046,Alto,2,71.6
Álvaro Obregón,Madrugada (00-05),Martes,2,0,0,1,0.8545,0.1307,0.0148,Bajo,0,8.0
Álvaro Obregón,Madrugada (00-05),Martes,2,1,0,1,0.829,0.1572,0.0138,Bajo,0,9.2
Álvaro Obregón,Mañana (06-11),Martes,2,0,0,1,0.0846,0.5887,0.3267,Medio,1,62.1
Álvaro Obregón,Mañana (06-11),Martes,2,1,0,1,0.0645,0.6193,0.3162,Medio,1,62.6
Álvaro Obregón,Noche (18-23),Martes,2,0,0,1,0.0334,0.5249,0.4417,Medio,1,70.4
Álvaro Obregón,Noche (18-23),Martes,2,1,0,1,0.0216,0.6971,0.2813,Medio,1,63.0
Álvaro Obregón,Tarde (12-17),Martes,2,0,0,1,0.0609,0.3476,0.5915,Alto,2,76.5
Álvaro Obregón,Tarde (12-17),Martes,2,1,0,1,0.0514,0.4111,0.5375,Alto,2,74.3
Álvaro Obregón,Madrugada (00-05),Miércoles,2,0,0,1,0.884,0.1027,0.0132,Bajo,0,6.5
Álvaro Obregón,Madrugada (00-05),Miércoles,2,1,0,1,0.8429,0.1431,0.0141,Bajo,0,8.6
Álvaro Obregón,Mañana (06-11),Miércoles,2,0,0,1,0.1147,0.3873,0.498,Alto,2,69.2
Álvaro Obregón,Mañana (06-11),Miércoles,2,1,0,1,0.0731,0.5208,0.4061,Medio,1,66.7
Álvaro Obregón,Noche (18-23),Miércoles,2,0,0,1,0.0544,0.4811,0.4645,Medio,1,70.5
Álvaro Obregón,Noche (18-23),Miércoles,2,1,0,1,0.037,0.6037,0.3593,Medio,1,66.1
Álvaro Obregón,Tarde (12-17),Miércoles,2,0,0,1,0.104,0.2905,0.6055,Alto,2,75.1
Álvaro Obregón,Tarde (12-17),Miércoles,2,1,0,1,0.0894,0.3034,0.6072,Alto,2,75.9
Álvaro Obregón,Madrugada (00-05),Sábado,2,0,1,1,0.2645,0.4795,0.256,Medio,1,49.6
Álvaro Obregón,Madrugada (00-05),Sábado,2,1,1,1,0.2094,0.5778,0.2128,Medio,1,50.2
Álvaro Obregón,Mañana (06-11),Sábado,2,0,1,1,0.1207,0.3717,0.5076,Alto,2,69.3
Álvaro Obregón,Mañana (06-11),Sábado,2,1,1,1,0.0889,0.5566,0.3545,Medio,1,63.3
Álvaro Obregón,Noche (18-23),Sábado,2,0,1,1,0.025,0.2955,0.6795,Alto,2,82.7
Álvaro Obregón,Noche (18-23),Sábado,2,1,1,1,0.0224,0.3488,0.6288,Alto,2,80.3
Álvaro Obregón,Tarde (12-17),Sábado,2,0,1,1,0.0392,0.3805,0.5803,Alto,2,77.1
Álvaro Obregón,Tarde (12-17),Sábado,2,1,1,1,0.0302,0.4324,0.5374,Alto,2,75.4
Álvaro Obregón,Madrugada (00-05),Viernes,2,0,0,1,0.5667,0.3868,0.0464,Bajo,0,24.0
Álvaro Obregón,Madrugada (00-05),Viernes,2,1,0,1,0.6284,0.3363,0.0353,Bajo,0,20.3
Álvaro Obregón,Mañana (06-11),Viernes,2,0,0,1,0.1049,0.469,0.4261,Medio,1,66.1
Álvaro Obregón,Mañana (06-11),Viernes,2,1,0,1,0.0934,0.4999,0.4066,Medio,1,65.7
Álvaro Obregón,Noche (18-23),Viernes,2,0,0,1,0.0103,0.302,0.6877,Alto,2,83.9
Álvaro Obregón,Noche (18-23),Viernes,2,1,0,1,0.0127,0.4768,0.5105,Alto,2,74.9
Álvaro Obregón,Tarde (12-17),Viernes,2,0,0,1,0.0302,0.312,0.6578,Alto,2,81.4
Álvaro Obregón,Tarde (12-17),Viernes,2,1,0,1,0.0442,0.3513,0.6044,Alto,2,78.0
Álvaro Obregón,Madrugada (00-05),Domingo,3,0,1,1,0.2436,0.5301,0.2264,Medio,1,49.1
Álvaro Obregón,Madrugada (00-05),Domingo,3,1,1,1,0.2218,0.5708,0.2073,Medio,1,49.3
Álvaro Obregón,Mañana (06-11),Domingo,3,0,1,1,0.2721,0.4664,0.2615,Medio,1,49.5
Álvaro Obregón,Mañana (06-11),Domingo,3,1,1,1,0.2353,0.5476,0.2171,Medio,1,49.1
Álvaro Obregón,Noche (18-23),Domingo,3,0,1,1,0.0352,0.2968,0.6681,Alto,2,81.6
Álvaro Obregón,Noche (18-23),Domingo,3,1,1,1,0.0321,0.2999,0.668,Alto,2,81.8
Álvaro Obregón,Tarde (12-17),Domingo,3,0,1,1,0.056,0.5456,0.3984,Medio,1,67.1
Álvaro Obregón,Tarde (12-17),Domingo,3,1,1,1,0.0556,0.5424,0.402,Medio,1,67.3
Álvaro Obregón,Madrugada (00-05),Jueves,3,0,0,1,0.8011,0.1763,0.0226,Bajo,0,11.1
Álvaro Obregón,Madrugada (00-05),Jueves,3,1,0,1,0.8001,0.1785,0.0214,Bajo,0,11.1
Álvaro Obregón,Mañana (06-11),Jueves,3,0,0,1,0.1201,0.4626,0.4173,Medio,1,64.9
Álvaro Obregón,Mañana (06-11),Jueves,3,1,0,1,0.1081,0.4838,0.4081,Medio,1,65.0
Álvaro Obregón,Noche (18-23),Jueves,3,0,0,1,0.0503,0.3324,0.6173,Alto,2,78.4
Álvaro Obregón,Noche (18-23),Jueves,3,1,0,1,0.0499,0.3382,0.6119,Alto,2,78.1
Álvaro Obregón,Tarde (12-17),Jueves,3,0,0,1,0.0755,0.3033,0.6213,Alto,2,77.3
Álvaro Obregón,Tarde (12-17),Jueves,3,1,0,1,0.0859,0.3093,0.6048,Alto,2,75.9
Álvaro Obregón,Madrugada (00-05),Lunes,3,0,0,1,0.781,0.1973,0.0217,Bajo,0,12.0
Álvaro Obregón,Madrugada (00-05),Lunes,3,1,0,1,0.7382,0.2431,0.0187,Bajo,0,14.0
Álvaro Obregón,Mañana (06-11),Lunes,3,0,0,1,0.1845,0.468,0.3475,Medio,1,58.1
Álvaro Obregón,Mañana (06-11),Lunes,3,1,0,1,0.143,0.5849,0.272,Medio,1,56.5
Álvaro Obregón,Noche (18-23),Lunes,3,0,0,1,0.1284,0.3814,0.4902,Alto,2,68.1
Álvaro Obregón,Noche (18-23),Lunes,3,1,0,1,0.1172,0.4633,0.4195,Medio,1,65.1
Álvaro Obregón,Tarde (12-17),Lunes,3,0,0,1,0.0921,0.3079,0.6,Alto,2,75.4
Álvaro Obregón,Tarde (12-17),Lunes,3,1,0,1,0.0954,0.3511,0.5535,Alto,2,72.9
Álvaro Obregón,Madrugada (00-05),Martes,3,0,0,1,0.8635,0.1163,0.0201,Bajo,0,7.8
Álvaro Obregón,Madrugada (00-05),Martes,3,1,0,1,0.8421,0.1388,0.0191,Bajo,0,8.9
Álvaro Obregón,Mañana (06-11),Martes,3,0,0,1,0.0825,0.4512,0.4663,Alto,2,69.2
Álvaro Obregón,Mañana (06-11),Martes,3,1,0,1,0.0661,0.4703,0.4637,Medio,1,69.9
Álvaro Obregón,Noche (18-23),Martes,3,0,0,1,0.0351,0.4038,0.5611,Alto,2,76.3
Álvaro Obregón,Noche (18-23),Martes,3,1,0,1,0.0293,0.4739,0.4967,Alto,2,73.4
Álvaro Obregón,Tarde (12-17),Martes,3,0,0,1,0.0654,0.2474,0.6871,Alto,2,81.1
Álvaro Obregón,Tarde (12-17),Martes,3,1,0,1,0.0554,0.2936,0.651,Alto,2,79.8
Álvaro Obregón,Madrugada (00-05),Miércoles,3,0,0,1,0.8894,0.0957,0.0149,Bajo,0,6.3
Álvaro Obregón,Madrugada (00-05),Miércoles,3,1,0,1,0.851,0.1348,0.0141,Bajo,0,8.2
Álvaro Obregón,Mañana (06-11),Miércoles,3,0,0,1,0.1078,0.3132,0.579,Alto,2,73.6
Álvaro Obregón,Mañana (06-11),Miércoles,3,1,0,1,0.0801,0.4598,0.4601,Alto,2,69.0
Álvaro Obregón,Noche (18-23),Miércoles,3,0,0,1,0.0583,0.4268,0.515,Alto,2,72.8
Álvaro Obregón,Noche (18-23),Miércoles,3,1,0,1,0.0348,0.6413,0.3239,Medio,1,64.5
Álvaro Obregón,Tarde (12-17),Miércoles,3,0,0,1,0.1291,0.2232,0.6478,Alto,2,75.9
Álvaro Obregón,Tarde (12-17),Miércoles,3,1,0,1,0.1208,0.2601,0.6191,Alto,2,74.9
Álvaro Obregón,Madrugada (00-05),Sábado,3,0,1,1,0.2832,0.4719,0.2448,Medio,1,48.1
Álvaro Obregón,Madrugada (00-05),Sábado,3,1,1,1,0.2197,0.5764,0.2039,Medio,1,49.2
Álvaro Obregón,Mañana (06-11),Sábado,3,0,1,1,0.1369,0.3989,0.4642,Alto,2,66.4
Álvaro Obregón,Mañana (06-11),Sábado,3,1,1,1,0.096,0.5962,0.3078,Medio,1,60.6
Álvaro Obregón,Noche (18-23),Sábado,3,0,1,1,0.0295,0.2662,0.7042,Alto,2,83.7
Álvaro Obregón,Noche (18-23),Sábado,3,1,1,1,0.0267,0.2506,0.7227,Alto,2,84.8
Álvaro Obregón,Tarde (12-17),Sábado,3,0,1,1,0.0469,0.3654,0.5877,Alto,2,77.0
Álvaro Obregón,Tarde (12-17),Sábado,3,1,1,1,0.0416,0.4413,0.5172,Alto,2,73.8
Álvaro Obregón,Madrugada (00-05),Viernes,3,0,0,1,0.5825,0.3618,0.0557,Bajo,0,23.7
Álvaro Obregón,Madrugada (00-05),Viernes,3,1,0,1,0.6448,0.3152,0.04,Bajo,0,19.8
Álvaro Obregón,Mañana (06-11),Viernes,3,0,0,1,0.1048,0.4174,0.4778,Alto,2,68.7
Álvaro Obregón,Mañana (06-11),Viernes,3,1,0,1,0.1052,0.4758,0.419,Medio,1,65.7
Álvaro Obregón,Noche (18-23),Viernes,3,0,0,1,0.0091,0.179,0.8119,Alto,2,90.1
Álvaro Obregón,Noche (18-23),Viernes,3,1,0,1,0.0139,0.2321,0.754,Alto,2,87.0
Álvaro Obregón,Tarde (12-17),Viernes,3,0,0,1,0.037,0.2393,0.7236,Alto,2,84.3
Álvaro Obregón,Tarde (12-17),Viernes,3,1,0,1,0.0586,0.2944,0.647,Alto,2,79.4
Álvaro Obregón,Madrugada (00-05),Domingo,4,0,1,2,0.306,0.5759,0.1181,Medio,1,40.6
Álvaro Obregón,Madrugada (00-05),Domingo,4,1,1,2,0.2911,0.5595,0.1494,Medio,1,42.9
Álvaro Obregón,Mañana (06-11),Domingo,4,0,1,2,0.3788,0.4708,0.1503,Medio,1,38.6
Álvaro Obregón,Mañana (06-11),Domingo,4,1,1,2,0.3163,0.5362,0.1474,Medio,1,41.6
Álvaro Obregón,Noche (18-23),Domingo,4,0,1,2,0.058,0.5129,0.429,Medio,1,68.6
Álvaro Obregón,Noche (18-23),Domingo,4,1,1,2,0.0487,0.4118,0.5395,Alto,2,74.5
Álvaro Obregón,Tarde (12-17),Domingo,4,0,1,2,0.1008,0.7113,0.1879,Medio,1,54.4
Álvaro Obregón,Tarde (12-17),Domingo,4,1,1,2,0.1017,0.6293,0.269,Medio,1,58.4
Álvaro Obregón,Madrugada (00-05),Jueves,4,0,0,2,0.8442,0.1458,0.0099,Bajo,0,8.3
Álvaro Obregón,Madrugada (00-05),Jueves,4,1,0,2,0.8224,0.1644,0.0132,Bajo,0,9.5
Álvaro Obregón,Mañana (06-11),Jueves,4,0,0,2,0.2663,0.5107,0.223,Medio,1,47.8
Álvaro Obregón,Mañana (06-11),Jueves,4,1,0,2,0.2102,0.5482,0.2416,Medio,1,51.6
Álvaro Obregón,Noche (18-23),Jueves,4,0,0,2,0.0823,0.467,0.4507,Medio,1,68.4
Álvaro Obregón,Noche (18-23),Jueves,4,1,0,2,0.0622,0.4227,0.5151,Alto,2,72.6
Álvaro Obregón,Tarde (12-17),Jueves,4,0,0,2,0.1571,0.5569,0.286,Medio,1,56.4
Álvaro Obregón,Tarde (12-17),Jueves,4,1,0,2,0.1514,0.5013,0.3472,Medio,1,59.8
Álvaro Obregón,Madrugada (00-05),Lunes,4,0,0,2,0.7437,0.2445,0.0117,Bajo,0,13.4
Álvaro Obregón,Madrugada (00-05),Lunes,4,1,0,2,0.6359,0.3495,0.0146,Bajo,0,18.9
Álvaro Obregón,Mañana (06-11),Lunes,4,0,0,2,0.216,0.6355,0.1485,Medio,1,46.6
Álvaro Obregón,Mañana (06-11),Lunes,4,1,0,2,0.1282,0.7472,0.1246,Medio,1,49.8
Álvaro Obregón,Noche (18-23),Lunes,4,0,0,2,0.1414,0.57,0.2885,Medio,1,57.4
Álvaro Obregón,Noche (18-23),Lunes,4,1,0,2,0.0977,0.5936,0.3087,Medio,1,60.5
Álvaro Obregón,Tarde (12-17),Lunes,4,0,0,2,0.1349,0.5237,0.3414,Medio,1,60.3
Álvaro Obregón,Tarde (12-17),Lunes,4,1,0,2,0.098,0.5418,0.3602,Medio,1,63.1
Álvaro Obregón,Madrugada (00-05),Martes,4,0,0,2,0.8672,0.1267,0.0061,Bajo,0,6.9
Álvaro Obregón,Madrugada (00-05),Martes,4,1,0,2,0.8412,0.1508,0.0079,Bajo,0,8.3
Álvaro Obregón,Mañana (06-11),Martes,4,0,0,2,0.2049,0.6253,0.1698,Medio,1,48.2
Álvaro Obregón,Mañana (06-11),Martes,4,1,0,2,0.155,0.6564,0.1886,Medio,1,51.7
Álvaro Obregón,Noche (18-23),Martes,4,0,0,2,0.0521,0.6898,0.2581,Medio,1,60.3
Álvaro Obregón,Noche (18-23),Martes,4,1,0,2,0.034,0.7207,0.2452,Medio,1,60.6
Álvaro Obregón,Tarde (12-17),Martes,4,0,0,2,0.1571,0.5596,0.2833,Medio,1,56.3
Álvaro Obregón,Tarde (12-17),Martes,4,1,0,2,0.1093,0.58,0.3106,Medio,1,60.1
Álvaro Obregón,Madrugada (00-05),Miércoles,4,0,0,2,0.8465,0.1415,0.012,Bajo,0,8.3
Álvaro Obregón,Madrugada (00-05),Miércoles,4,1,0,2,0.8142,0.1702,0.0156,Bajo,0,10.1
Álvaro Obregón,Mañana (06-11),Miércoles,4,0,0,2,0.2321,0.4729,0.295,Medio,1,53.1
Álvaro Obregón,Mañana (06-11),Miércoles,4,1,0,2,0.1558,0.5595,0.2847,Medio,1,56.4
Álvaro Obregón,Noche (18-23),Miércoles,4,0,0,2,0.0484,0.5486,0.403,Medio,1,67.7
Álvaro Obregón,Noche (18-23),Miércoles,4,1,0,2,0.0332,0.5727,0.3941,Medio,1,68.0
Álvaro Obregón,Tarde (12-17),Miércoles,4,0,0,2,0.1695,0.3929,0.4377,Alto,2,63.4
Álvaro Obregón,Tarde (12-17),Miércoles,4,1,0,2,0.1328,0.3842,0.4829,Alto,2,67.5
Álvaro Obregón,Madrugada (00-05),Sábado,4,0,1,2,0.3364,0.5414,0.1222,Medio,1,39.3
Álvaro Obregón,Madrugada (00-05),Sábado,4,1,1,2,0.2798,0.5863,0.1339,Medio,1,42.7
Álvaro Obregón,Mañana (06-11),Sábado,4,0,1,2,0.2293,0.4946,0.2761,Medio,1,52.3
Álvaro Obregón,Mañana (06-11),Sábado,4,1,1,2,0.1665,0.6256,0.2079,Medio,1,52.1
Álvaro Obregón,Noche (18-23),Sábado,4,0,1,2,0.0497,0.477,0.4733,Medio,1,71.2
Álvaro Obregón,Noche (18-23),Sábado,4,1,1,2,0.0449,0.3668,0.5883,Alto,2,77.2
Álvaro Obregón,Tarde (12-17),Sábado,4,0,1,2,0.0892,0.5811,0.3297,Medio,1,62.0
Álvaro Obregón,Tarde (12-17),Sábado,4,1,1,2,0.0805,0.5715,0.348,Medio,1,63.4
Álvaro Obregón,Madrugada (00-05),Viernes,4,0,0,2,0.6084,0.3568,0.0348,Bajo,0,21.3
Álvaro Obregón,Madrugada (00-05),Viernes,4,1,0,2,0.5898,0.3824,0.0278,Bajo,0,21.9
Álvaro Obregón,Mañana (06-11),Viernes,4,0,0,2,0.1767,0.5091,0.3142,Medio,1,56.9
Álvaro Obregón,Mañana (06-11),Viernes,4,1,0,2,0.18,0.5853,0.2347,Medio,1,52.7
Álvaro Obregón,Noche (18-23),Viernes,4,0,0,2,0.0141,0.2815,0.7044,Alto,2,84.5
Álvaro Obregón,Noche (18-23),Viernes,4,1,0,2,0.0151,0.3324,0.6525,Alto,2,81.9
Álvaro Obregón,Tarde (12-17),Viernes,4,0,0,2,0.0639,0.4806,0.4555,Medio,1,69.6
Álvaro Obregón,Tarde (12-17),Viernes,4,1,0,2,0.0717,0.5403,0.3879,Medio,1,65.8
Álvaro Obregón,Madrugada (00-05),Domingo,5,0,1,2,0.2464,0.5244,0.2291,Medio,1,49.1
Álvaro Obregón,Madrugada (00-05),Domingo,5,1,1,2,0.2444,0.5109,0.2448,Medio,1,50.0
Álvaro Obregón,Mañana (06-11),Domingo,5,0,1,2,0.2938,0.4549,0.2513,Medio,1,47.9
Álvaro Obregón,Mañana (06-11),Domingo,5,1,1,2,0.2531,0.5106,0.2363,Medio,1,49.2
Álvaro Obregón,Noche (18-23),Domingo,5,0,1,2,0.0354,0.3708,0.5938,Alto,2,77.9
Álvaro Obregón,Noche (18-23),Domingo,5,1,1,2,0.0343,0.3245,0.6412,Alto,2,80.3
Álvaro Obregón,Tarde (12-17),Domingo,5,0,1,2,0.078,0.6213,0.3007,Medio,1,61.1
Álvaro Obregón,Tarde (12-17),Domingo,5,1,1,2,0.0832,0.5579,0.3589,Medio,1,63.8
Álvaro Obregón,Madrugada (00-05),Jueves,5,0,0,2,0.8184,0.163,0.0185,Bajo,0,10.0
Álvaro Obregón,Madrugada (00-05),Jueves,5,1,0,2,0.815,0.167,0.018,Bajo,0,10.2
Álvaro Obregón,Mañana (06-11),Jueves,5,0,0,2,0.1901,0.4645,0.3454,Medio,1,57.8
Álvaro Obregón,Mañana (06-11),Jueves,5,1,0,2,0.1695,0.4953,0.3352,Medio,1,58.3
Álvaro Obregón,Noche (18-23),Jueves,5,0,0,2,0.0437,0.3715,0.5848,Alto,2,77.1
Álvaro Obregón,Noche (18-23),Jueves,5,1,0,2,0.043,0.3809,0.5761,Alto,2,76.7
Álvaro Obregón,Tarde (12-17),Jueves,5,0,0,2,0.106,0.5745,0.3195,Medio,1,60.7
Álvaro Obregón,Tarde (12-17),Jueves,5,1,0,2,0.1219,0.5453,0.3328,Medio,1,60.5
Álvaro Obregón,Madrugada (00-05),Lunes,5,0,0,2,0.7252,0.2558,0.019,Bajo,0,14.7
Álvaro Obregón,Madrugada (00-05),Lunes,5,1,0,2,0.6667,0.3153,0.018,Bajo,0,17.6
Álvaro Obregón,Mañana (06-11),Lunes,5,0,0,2,0.1779,0.6013,0.2208,Medio,1,52.1
Álvaro Obregón,Mañana (06-11),Lunes,5,1,0,2,0.1297,0.6918,0.1785,Medio,1,52.4
Álvaro Obregón,Noche (18-23),Lunes,5,0,0,2,0.1034,0.4933,0.4033,Medio,1,65.0
Álvaro Obregón,Noche (18-23),Lunes,5,1,0,2,0.0947,0.5341,0.3712,Medio,1,63.8
Álvaro Obregón,Tarde (12-17),Lunes,5,0,0,2,0.1142,0.4987,0.3871,Medio,1,63.6
Álvaro Obregón,Tarde (12-17),Lunes,5,1,0,2,0.1053,0.5264,0.3683,Medio,1,63.1
Álvaro Obregón,Madrugada (00-05),Martes,5,0,0,2,0.8502,0.1366,0.0132,Bajo,0,8.2
Álvaro Obregón,Madrugada (00-05),Martes,5,1,0,2,0.8333,0.1534,0.0133,Bajo,0,9.0
Álvaro Obregón,Mañana (06-11),Martes,5,0,0,2,0.1427,0.5534,0.304,Medio,1,58.1
Álvaro Obregón,Mañana (06-11),Martes,5,1,0,2,0.1154,0.5756,0.3091,Medio,1,59.7
Álvaro Obregón,Noche (18-23),Martes,5,0,0,2,0.0353,0.5474,0.4174,Medio,1,69.1
Álvaro Obregón,Noche (18-23),Martes,5,1,0,2,0.0302,0.602,0.3679,Medio,1,66.9
Álvaro Obregón,Tarde (12-17),Martes,5,0,0,2,0.1229,0.4842,0.3929,Medio,1,63.5
Álvaro Obregón,Tarde (12-17),Martes,5,1,0,2,0.0953,0.5235,0.3812,Medio,1,64.3
Álvaro Obregón,Madrugada (00-05),Miércoles,5,0,0,2,0.7715,0.2119,0.0166,Bajo,0,12.3
Álvaro Obregón,Madrugada (00-05),Miércoles,5,1,0,2,0.7464,0.2369,0.0167,Bajo,0,13.5
Álvaro Obregón,Mañana (06-11),Miércoles,5,0,0,2,0.1469,0.5178,0.3353,Medio,1,59.4
Álvaro Obregón,Mañana (06-11),Miércoles,5,1,0,2,0.1034,0.5857,0.3109,Medio,1,60.4
Álvaro Obregón,Noche (18-23),Miércoles,5,0,0,2,0.0298,0.5864,0.3838,Medio,1,67.7
Álvaro Obregón,Noche (18-23),Miércoles,5,1,0,2,0.0259,0.6538,0.3203,Medio,1,64.7
Álvaro Obregón,Tarde (12-17),Miércoles,5,0,0,2,0.1179,0.4633,0.4187,Medio,1,65.0
Álvaro Obregón,Tarde (12-17),Miércoles,5,1,0,2,0.1056,0.4862,0.4082,Medio,1,65.1
Álvaro Obregón,Madrugada (00-05),Sábado,5,0,1,2,0.3103,0.467,0.2227,Medio,1,45.6
Álvaro Obregón,Madrugada (00-05),Sábado,5,1,1,2,0.2934,0.4952,0.2114,Medio,1,45.9
Álvaro Obregón,Mañana (06-11),Sábado,5,0,1,2,0.1908,0.4203,0.3889,Medio,1,59.9
Álvaro Obregón,Mañana (06-11),Sábado,5,1,1,2,0.1552,0.5216,0.3231,Medio,1,58.4
Álvaro Obregón,Noche (18-23),Sábado,5,0,1,2,0.0384,0.3233,0.6383,Alto,2,80.0
Álvaro Obregón,Noche (18-23),Sábado,5,1,1,2,0.0368,0.269,0.6942,Alto,2,82.9
Álvaro Obregón,Tarde (12-17),Sábado,5,0,1,2,0.0735,0.4342,0.4923,Alto,2,70.9
Álvaro Obregón,Tarde (12-17),Sábado,5,1,1,2,0.0791,0.4376,0.4832,Alto,2,70.2
Álvaro Obregón,Madrugada (00-05),Viernes,5,0,0,2,0.6613,0.3106,0.0281,Bajo,0,18.3
Álvaro Obregón,Madrugada (00-05),Viernes,5,1,0,2,0.6338,0.3399,0.0262,Bajo,0,19.6
Álvaro Obregón,Mañana (06-11),Viernes,5,0,0,2,0.1621,0.5515,0.2864,Medio,1,56.2
Álvaro Obregón,Mañana (06-11),Viernes,5,1,0,2,0.1395,0.6249,0.2357,Medio,1,54.8
Álvaro Obregón,Noche (18-23),Viernes,5,0,0,2,0.0127,0.3009,0.6863,Alto,2,83.7
Álvaro Obregón,Noche (18-23),Viernes,5,1,0,2,0.0145,0.3429,0.6426,Alto,2,81.4
Álvaro Obregón,Tarde (12-17),Viernes,5,0,0,2,0.0879,0.4862,0.426,Medio,1,66.9
Álvaro Obregón,Tarde (12-17),Viernes,5,1,0,2,0.0899,0.5182,0.3919,Medio,1,65.1
Álvaro Obregón,Madrugada (00-05),Domingo,6,0,1,2,0.2679,0.513,0.2192,Medio,1,47.6
Álvaro Obregón,Madrugada (00-05),Domingo,6,1,1,2,0.2837,0.4984,0.218,Medio,1,46.7
Álvaro Obregón,Mañana (06-11),Domingo,6,0,1,2,0.2421,0.6189,0.139,Medio,1,44.8
Álvaro Obregón,Mañana (06-11),Domingo,6,1,1,2,0.2598,0.6074,0.1329,Medio,1,43.7
Álvaro Obregón,Noche (18-23),Domingo,6,0,1,2,0.0607,0.3611,0.5782,Alto,2,75.9
Álvaro Obregón,Noche (18-23),Domingo,6,1,1,2,0.0651,0.3411,0.5939,Alto,2,76.4
Álvaro Obregón,Tarde (12-17),Domingo,6,0,1,2,0.0974,0.6515,0.2511,Medio,1,57.7
Álvaro Obregón,Tarde (12-17),Domingo,6,1,1,2,0.1128,0.6039,0.2833,Medio,1,58.5
Álvaro Obregón,Madrugada (00-05),Jueves,6,0,0,2,0.8344,0.1497,0.0159,Bajo,0,9.1
Álvaro Obregón,Madrugada (00-05),Jueves,6,1,0,2,0.8323,0.1531,0.0146,Bajo,0,9.1
Álvaro Obregón,Mañana (06-11),Jueves,6,0,0,2,0.1949,0.5384,0.2667,Medio,1,53.6
Álvaro Obregón,Mañana (06-11),Jueves,6,1,0,2,0.1976,0.5522,0.2502,Medio,1,52.6
Álvaro Obregón,Noche (18-23),Jueves,6,0,0,2,0.0591,0.3611,0.5798,Alto,2,76.0
Álvaro Obregón,Noche (18-23),Jueves,6,1,0,2,0.062,0.3788,0.5592,Alto,2,74.9
Álvaro Obregón,Tarde (12-17),Jueves,6,0,0,2,0.1249,0.5987,0.2764,Medio,1,57.6
Álvaro Obregón,Tarde (12-17),Jueves,6,1,0,2,0.1469,0.5772,0.276,Medio,1,56.5
Álvaro Obregón,Madrugada (00-05),Lunes,6,0,0,2,0.7641,0.219,0.0169,Bajo,0,12.6
Álvaro Obregón,Madrugada (00-05),Lunes,6,1,0,2,0.7273,0.2588,0.0139,Bajo,0,14.3
Álvaro Obregón,Mañana (06-11),Lunes,6,0,0,2,0.1737,0.6513,0.175,Medio,1,50.1
Álvaro Obregón,Mañana (06-11),Lunes,6,1,0,2,0.1725,0.683,0.1445,Medio,1,48.6
Álvaro Obregón,Noche (18-23),Lunes,6,0,0,2,0.156,0.4575,0.3864,Medio,1,61.5
Álvaro Obregón,Noche (18-23),Lunes,6,1,0,2,0.1653,0.5027,0.332,Medio,1,58.3
Álvaro Obregón,Tarde (12-17),Lunes,6,0,0,2,0.1967,0.5081,0.2952,Medio,1,54.9
Álvaro Obregón,Tarde (12-17),Lunes,6,1,0,2,0.2007,0.5508,0.2484,Medio,1,52.4
Álvaro Obregón,Madrugada (00-05),Martes,6,0,0,2,0.8695,0.1188,0.0116,Bajo,0,7.1
Álvaro Obregón,Madrugada (00-05),Martes,6,1,0,2,0.8563,0.1332,0.0105,Bajo,0,7.7
Álvaro Obregón,Mañana (06-11),Martes,6,0,0,2,0.1396,0.5614,0.2991,Medio,1,58.0
Álvaro Obregón,Mañana (06-11),Martes,6,1,0,2,0.1282,0.5868,0.2849,Medio,1,57.8
Álvaro Obregón,Noche (18-23),Martes,6,0,0,2,0.0548,0.5099,0.4354,Medio,1,69.0
Álvaro Obregón,Noche (18-23),Martes,6,1,0,2,0.0513,0.5861,0.3626,Medio,1,65.6
Álvaro Obregón,Tarde (12-17),Martes,6,0,0,2,0.1658,0.4931,0.341,Medio,1,58.8
Álvaro Obregón,Tarde (12-17),Martes,6,1,0,2,0.1435,0.5723,0.2843,Medio,1,57.0
Álvaro Obregón,Madrugada (00-05),Miércoles,6,0,0,2,0.8089,0.1745,0.0167,Bajo,0,10.4
Álvaro Obregón,Madrugada (00-05),Miércoles,6,1,0,2,0.7817,0.203,0.0154,Bajo,0,11.7
Álvaro Obregón,Mañana (06-11),Miércoles,6,0,0,2,0.1326,0.6005,0.2669,Medio,1,56.7
Álvaro Obregón,Mañana (06-11),Miércoles,6,1,0,2,0.1123,0.6488,0.2389,Medio,1,56.3
Álvaro Obregón,Noche (18-23),Miércoles,6,0,0,2,0.0409,0.4901,0.469,Medio,1,71.4
Álvaro Obregón,Noche (18-23),Miércoles,6,1,0,2,0.0361,0.5851,0.3789,Medio,1,67.1
Álvaro Obregón,Tarde (12-17),Miércoles,6,0,0,2,0.1684,0.4107,0.4209,Alto,2,62.6
Álvaro Obregón,Tarde (12-17),Miércoles,6,1,0,2,0.1588,0.4564,0.3848,Medio,1,61.3
Álvaro Obregón,Madrugada (00-05),Sábado,6,0,1,2,0.3523,0.4377,0.21,Medio,1,42.9
Álvaro Obregón,Madrugada (00-05),Sábado,6,1,1,2,0.3527,0.462,0.1853,Medio,1,41.6
Álvaro Obregón,Mañana (06-11),Sábado,6,0,1,2,0.1565,0.6318,0.2117,Medio,1,52.8
Álvaro Obregón,Mañana (06-11),Sábado,6,1,1,2,0.1549,0.6661,0.179,Medio,1,51.2
Álvaro Obregón,Noche (18-23),Sábado,6,0,1,2,0.084,0.2936,0.6224,Alto,2,76.9
Álvaro Obregón,Noche (18-23),Sábado,6,1,1,2,0.081,0.2687,0.6503,Alto,2,78.5
Álvaro Obregón,Tarde (12-17),Sábado,6,0,1,2,0.0918,0.45,0.4582,Alto,2,68.3
Álvaro Obregón,Tarde (12-17),Sábado,6,1,1,2,0.1067,0.467,0.4263,Medio,1,66.0
Álvaro Obregón,Madrugada (00-05),Viernes,6,0,0,2,0.7026,0.2695,0.0279,Bajo,0,16.3
Álvaro Obregón,Madrugada (00-05),Viernes,6,1,0,2,0.6864,0.2896,0.0241,Bajo,0,16.9
Álvaro Obregón,Mañana (06-11),Viernes,6,0,0,2,0.1448,0.6194,0.2358,Medio,1,54.5
Álvaro Obregón,Mañana (06-11),Viernes,6,1,0,2,0.1495,0.6547,0.1959,Medio,1,52.3
Álvaro Obregón,Noche (18-23),Viernes,6,0,0,2,0.0167,0.2447,0.7386,Alto,2,86.1
Álvaro Obregón,Noche (18-23),Viernes,6,1,0,2,0.0217,0.3046,0.6737,Alto,2,82.6
Álvaro Obregón,Tarde (12-17),Viernes,6,0,0,2,0.1162,0.4962,0.3876,Medio,1,63.6
Álvaro Obregón,Tarde (12-17),Viernes,6,1,0,2,0.1252,0.5503,0.3245,Medio,1,60.0
Álvaro Obregón,Madrugada (00-05),Domingo,7,0,1,3,0.1553,0.5934,0.2513,Medio,1,54.8
Álvaro Obregón,Madrugada (00-05),Domingo,7,1,1,3,0.1459,0.5896,0.2645,Medio,1,55.9
Álvaro Obregón,Mañana (06-11),Domingo,7,0,1,3,0.1981,0.6748,0.1271,Medio,1,46.4
Álvaro Obregón,Mañana (06-11),Domingo,7,1,1,3,0.157,0.73,0.113,Medio,1,47.8
Álvaro Obregón,Noche (18-23),Domingo,7,0,1,3,0.0319,0.3968,0.5712,Alto,2,77.0
Álvaro Obregón,Noche (18-23),Domingo,7,1,1,3,0.0255,0.3864,0.5882,Alto,2,78.1
Álvaro Obregón,Tarde (12-17),Domingo,7,0,1,3,0.0692,0.5825,0.3483,Medio,1,64.0
Álvaro Obregón,Tarde (12-17),Domingo,7,1,1,3,0.0664,0.5346,0.399,Medio,1,66.6
Álvaro Obregón,Madrugada (00-05),Jueves,7,0,0,3,0.6749,0.305,0.0201,Bajo,0,17.3
Álvaro Obregón,Madrugada (00-05),Jueves,7,1,0,3,0.6683,0.3121,0.0196,Bajo,0,17.6
Álvaro Obregón,Mañana (06-11),Jueves,7,0,0,3,0.1716,0.6397,0.1887,Medio,1,50.9
Álvaro Obregón,Mañana (06-11),Jueves,7,1,0,3,0.1559,0.6797,0.1644,Medio,1,50.4
Álvaro Obregón,Noche (18-23),Jueves,7,0,0,3,0.0351,0.47,0.495,Alto,2,73.0
Álvaro Obregón,Noche (18-23),Jueves,7,1,0,3,0.0335,0.4762,0.4903,Alto,2,72.8
Álvaro Obregón,Tarde (12-17),Jueves,7,0,0,3,0.0933,0.5584,0.3483,Medio,1,62.8
Álvaro Obregón,Tarde (12-17),Jueves,7,1,0,3,0.0937,0.5849,0.3214,Medio,1,61.4
Álvaro Obregón,Madrugada (00-05),Lunes,7,0,0,3,0.5401,0.44,0.0199,Bajo,0,24.0
Álvaro Obregón,Madrugada (00-05),Lunes,7,1,0,3,0.4419,0.5396,0.0184,Medio,1,28.8
Álvaro Obregón,Mañana (06-11),Lunes,7,0,0,3,0.1323,0.7256,0.142,Medio,1,50.5
Álvaro Obregón,Mañana (06-11),Lunes,7,1,0,3,0.0929,0.8036,0.1035,Medio,1,50.5
Álvaro Obregón,Noche (18-23),Lunes,7,0,0,3,0.0915,0.5469,0.3616,Medio,1,63.5
Álvaro Obregón,Noche (18-23),Lunes,7,1,0,3,0.0718,0.5902,0.338,Medio,1,63.3
Álvaro Obregón,Tarde (12-17),Lunes,7,0,0,3,0.0849,0.6673,0.2477,Medio,1,58.1
Álvaro Obregón,Tarde (12-17),Lunes,7,1,0,3,0.0663,0.715,0.2187,Medio,1,57.6
Álvaro Obregón,Madrugada (00-05),Martes,7,0,0,3,0.7706,0.2157,0.0137,Bajo,0,12.2
Álvaro Obregón,Madrugada (00-05),Martes,7,1,0,3,0.7109,0.2755,0.0136,Bajo,0,15.1
Álvaro Obregón,Mañana (06-11),Martes,7,0,0,3,0.1525,0.6157,0.2318,Medio,1,54.0
Álvaro Obregón,Mañana (06-11),Martes,7,1,0,3,0.1061,0.7108,0.1831,Medio,1,53.8
Álvaro Obregón,Noche (18-23),Martes,7,0,0,3,0.0451,0.5881,0.3668,Medio,1,66.1
Álvaro Obregón,Noche (18-23),Martes,7,1,0,3,0.0334,0.6615,0.3051,Medio,1,63.6
Álvaro Obregón,Tarde (12-17),Martes,7,0,0,3,0.1219,0.5639,0.3142,Medio,1,59.6
Álvaro Obregón,Tarde (12-17),Martes,7,1,0,3,0.086,0.653,0.2611,Medio,1,58.8
Álvaro Obregón,Madrugada (00-05),Miércoles,7,0,0,3,0.793,0.1912,0.0158,Bajo,0,11.1
Álvaro Obregón,Madrugada (00-05),Miércoles,7,1,0,3,0.6841,0.2986,0.0172,Bajo,0,16.7
Álvaro Obregón,Mañana (06-11),Miércoles,7,0,0,3,0.2978,0.5096,0.1926,Medio,1,44.7
Álvaro Obregón,Mañana (06-11),Miércoles,7,1,0,3,0.1329,0.7085,0.1585,Medio,1,51.3
Álvaro Obregón,Noche (18-23),Miércoles,7,0,0,3,0.0376,0.5159,0.4465,Medio,1,70.4
Álvaro Obregón,Noche (18-23),Miércoles,7,1,0,3,0.0219,0.6502,0.3279,Medio,1,65.3
Álvaro Obregón,Tarde (12-17),Miércoles,7,0,0,3,0.1682,0.4291,0.4027,Medio,1,61.7
Álvaro Obregón,Tarde (12-17),Miércoles,7,1,0,3,0.1172,0.5056,0.3772,Medio,1,63.0
Álvaro Obregón,Madrugada (00-05),Sábado,7,0,1,3,0.1744,0.5244,0.3012,Medio,1,56.3
Álvaro Obregón,Madrugada (00-05),Sábado,7,1,1,3,0.137,0.5781,0.2849,Medio,1,57.4
Álvaro Obregón,Mañana (06-11),Sábado,7,0,1,3,0.1268,0.6686,0.2045,Medio,1,53.9
Álvaro Obregón,Mañana (06-11),Sábado,7,1,1,3,0.0915,0.745,0.1635,Medio,1,53.6
Álvaro Obregón,Noche (18-23),Sábado,7,0,1,3,0.0331,0.2803,0.6866,Alto,2,82.7
Álvaro Obregón,Noche (18-23),Sábado,7,1,1,3,0.02,0.2854,0.6945,Alto,2,83.7
Álvaro Obregón,Tarde (12-17),Sábado,7,0,1,3,0.0479,0.2815,0.6706,Alto,2,81.1
Álvaro Obregón,Tarde (12-17),Sábado,7,1,1,3,0.0379,0.3153,0.6468,Alto,2,80.4
Álvaro Obregón,Madrugada (00-05),Viernes,7,0,0,3,0.5124,0.4557,0.0319,Bajo,0,26.0
Álvaro Obregón,Madrugada (00-05),Viernes,7,1,0,3,0.4875,0.4817,0.0308,Bajo,0,27.2
Álvaro Obregón,Mañana (06-11),Viernes,7,0,0,3,0.1292,0.6944,0.1765,Medio,1,52.4
Álvaro Obregón,Mañana (06-11),Viernes,7,1,0,3,0.1242,0.736,0.1398,Medio,1,50.8
Álvaro Obregón,Noche (18-23),Viernes,7,0,0,3,0.0123,0.3048,0.6829,Alto,2,83.5
Álvaro Obregón,Noche (18-23),Viernes,7,1,0,3,0.014,0.3612,0.6248,Alto,2,80.5
Álvaro Obregón,Tarde (12-17),Viernes,7,0,0,3,0.0649,0.5876,0.3475,Medio,1,64.1
Álvaro Obregón,Tarde (12-17),Viernes,7,1,0,3,0.0645,0.5941,0.3414,Medio,1,63.8
Álvaro Obregón,Madrugada (00-05),Domingo,8,0,1,3,0.2191,0.5528,0.2281,Medio,1,50.5
Álvaro Obregón,Madrugada (00-05),Domingo,8,1,1,3,0.2069,0.5288,0.2643,Medio,1,52.9
Álvaro Obregón,Mañana (06-11),Domingo,8,0,1,3,0.2823,0.582,0.1357,Medio,1,42.7
Álvaro Obregón,Mañana (06-11),Domingo,8,1,1,3,0.2407,0.6144,0.1449,Medio,1,45.2
Álvaro Obregón,Noche (18-23),Domingo,8,0,1,3,0.0378,0.4124,0.5497,Alto,2,75.6
Álvaro Obregón,Noche (18-23),Domingo,8,1,1,3,0.0308,0.3453,0.6239,Alto,2,79.7
Álvaro Obregón,Tarde (12-17),Domingo,8,0,1,3,0.1045,0.5879,0.3075,Medio,1,60.1
Álvaro Obregón,Tarde (12-17),Domingo,8,1,1,3,0.0981,0.5345,0.3674,Medio,1,63.5
Álvaro Obregón,Madrugada (00-05),Jueves,8,0,0,3,0.8305,0.1536,0.016,Bajo,0,9.3
Álvaro Obregón,Madrugada (00-05),Jueves,8,1,0,3,0.8076,0.1757,0.0168,Bajo,0,10.5
Álvaro Obregón,Mañana (06-11),Jueves,8,0,0,3,0.2264,0.5003,0.2733,Medio,1,52.3
Álvaro Obregón,Mañana (06-11),Jueves,8,1,0,3,0.1793,0.5706,0.2501,Medio,1,53.5
Álvaro Obregón,Noche (18-23),Jueves,8,0,0,3,0.0488,0.3902,0.5611,Alto,2,75.6
Álvaro Obregón,Noche (18-23),Jueves,8,1,0,3,0.0453,0.3699,0.5848,Alto,2,77.0
Álvaro Obregón,Tarde (12-17),Jueves,8,0,0,3,0.1376,0.4715,0.3909,Medio,1,62.7
Álvaro Obregón,Tarde (12-17),Jueves,8,1,0,3,0.1264,0.4856,0.388,Medio,1,63.1
Álvaro Obregón,Madrugada (00-05),Lunes,8,0,0,3,0.7361,0.2413,0.0227,Bajo,0,14.3
Álvaro Obregón,Madrugada (00-05),Lunes,8,1,0,3,0.672,0.3047,0.0233,Bajo,0,17.6
Álvaro Obregón,Mañana (06-11),Lunes,8,0,0,3,0.2035,0.5391,0.2574,Medio,1,52.7
Álvaro Obregón,Mañana (06-11),Lunes,8,1,0,3,0.1627,0.6083,0.2289,Medio,1,53.3
Álvaro Obregón,Noche (18-23),Lunes,8,0,0,3,0.1094,0.384,0.5066,Alto,2,69.9
Álvaro Obregón,Noche (18-23),Lunes,8,1,0,3,0.0918,0.3888,0.5194,Alto,2,71.4
Álvaro Obregón,Tarde (12-17),Lunes,8,0,0,3,0.1048,0.4866,0.4086,Medio,1,65.2
Álvaro Obregón,Tarde (12-17),Lunes,8,1,0,3,0.0842,0.5395,0.3762,Medio,1,64.6
Álvaro Obregón,Madrugada (00-05),Martes,8,0,0,3,0.8497,0.1378,0.0125,Bajo,0,8.1
Álvaro Obregón,Madrugada (00-05),Martes,8,1,0,3,0.806,0.1804,0.0136,Bajo,0,10.4
Álvaro Obregón,Mañana (06-11),Martes,8,0,0,3,0.1938,0.4745,0.3317,Medio,1,56.9
Álvaro Obregón,Mañana (06-11),Martes,8,1,0,3,0.1402,0.5382,0.3215,Medio,1,59.1
Álvaro Obregón,Noche (18-23),Martes,8,0,0,3,0.0594,0.4653,0.4753,Alto,2,70.8
Álvaro Obregón,Noche (18-23),Martes,8,1,0,3,0.0498,0.4797,0.4704,Medio,1,71.0
Álvaro Obregón,Tarde (12-17),Martes,8,0,0,3,0.13,0.4911,0.379,Medio,1,62.4
Álvaro Obregón,Tarde (12-17),Martes,8,1,0,3,0.0879,0.5839,0.3282,Medio,1,62.0
Álvaro Obregón,Madrugada (00-05),Miércoles,8,0,0,3,0.8456,0.1399,0.0146,Bajo,0,8.4
Álvaro Obregón,Madrugada (00-05),Miércoles,8,1,0,3,0.8089,0.1754,0.0157,Bajo,0,10.3
Álvaro Obregón,Mañana (06-11),Miércoles,8,0,0,3,0.2885,0.4225,0.289,Medio,1,50.0
Álvaro Obregón,Mañana (06-11),Miércoles,8,1,0,3,0.1772,0.5249,0.2978,Medio,1,56.0
Álvaro Obregón,Noche (18-23),Miércoles,8,0,0,3,0.0452,0.4393,0.5155,Alto,2,73.5
Álvaro Obregón,Noche (18-23),Miércoles,8,1,0,3,0.0336,0.5381,0.4284,Medio,1,69.7
Álvaro Obregón,Tarde (12-17),Miércoles,8,0,0,3,0.1506,0.401,0.4484,Alto,2,64.9
Álvaro Obregón,Tarde (12-17),Miércoles,8,1,0,3,0.1209,0.4374,0.4417,Alto,2,66.0
Álvaro Obregón,Madrugada (00-05),Sábado,8,0,1,3,0.2147,0.4966,0.2887,Medio,1,53.7
Álvaro Obregón,Madrugada (00-05),Sábado,8,1,1,3,0.1686,0.5431,0.2883,Medio,1,56.0
Álvaro Obregón,Mañana (06-11),Sábado,8,0,1,3,0.1581,0.6147,0.2272,Medio,1,53.5
Álvaro Obregón,Mañana (06-11),Sábado,8,1,1,3,0.1198,0.6699,0.2103,Medio,1,54.5
Álvaro Obregón,Noche (18-23),Sábado,8,0,1,3,0.0445,0.2943,0.6612,Alto,2,80.8
Álvaro Obregón,Noche (18-23),Sábado,8,1,1,3,0.0276,0.2587,0.7137,Alto,2,84.3
Álvaro Obregón,Tarde (12-17),Sábado,8,0,1,3,0.0594,0.3306,0.61,Alto,2,77.5
Álvaro Obregón,Tarde (12-17),Sábado,8,1,1,3,0.0452,0.3712,0.5836,Alto,2,76.9
Álvaro Obregón,Madrugada (00-05),Viernes,8,0,0,3,0.7117,0.2581,0.0302,Bajo,0,15.9
Álvaro Obregón,Madrugada (00-05),Viernes,8,1,0,3,0.6671,0.2976,0.0353,Bajo,0,18.4
Álvaro Obregón,Mañana (06-11),Viernes,8,0,0,3,0.2144,0.5133,0.2723,Medio,1,52.9
Álvaro Obregón,Mañana (06-11),Viernes,8,1,0,3,0.1908,0.5339,0.2753,Medio,1,54.2
Álvaro Obregón,Noche (18-23),Viernes,8,0,0,3,0.0128,0.2364,0.7508,Alto,2,86.9
Álvaro Obregón,Noche (18-23),Viernes,8,1,0,3,0.0146,0.2276,0.7578,Alto,2,87.2
Álvaro Obregón,Tarde (12-17),Viernes,8,0,0,3,0.1017,0.4427,0.4557,Alto,2,67.7
Álvaro Obregón,Tarde (12-17),Viernes,8,1,0,3,0.0846,0.463,0.4524,Medio,1,68.4
Álvaro Obregón,Madrugada (00-05),Domingo,9,0,1,3,0.221,0.5026,0.2765,Medio,1,52.8
Álvaro Obregón,Madrugada (00-05),Domingo,9,1,1,3,0.1945,0.5445,0.2611,Medio,1,53.3
Álvaro Obregón,Mañana (06-11),Domingo,9,0,1,3,0.3394,0.4859,0.1747,Medio,1,41.8
Álvaro Obregón,Mañana (06-11),Domingo,9,1,1,3,0.2526,0.6048,0.1426,Medio,1,44.5
Álvaro Obregón,Noche (18-23),Domingo,9,0,1,3,0.0334,0.3895,0.5771,Alto,2,77.2
Álvaro Obregón,Noche (18-23),Domingo,9,1,1,3,0.0271,0.3903,0.5826,Alto,2,77.8
Álvaro Obregón,Tarde (12-17),Domingo,9,0,1,3,0.1185,0.4828,0.3987,Medio,1,64.0
Álvaro Obregón,Tarde (12-17),Domingo,9,1,1,3,0.1053,0.4947,0.4,Medio,1,64.7
Álvaro Obregón,Madrugada (00-05),Jueves,9,0,0,3,0.8332,0.1405,0.0263,Bajo,0,9.7
Álvaro Obregón,Madrugada (00-05),Jueves,9,1,0,3,0.8025,0.1721,0.0254,Bajo,0,11.1
Álvaro Obregón,Mañana (06-11),Jueves,9,0,0,3,0.1132,0.394,0.4928,Alto,2,69.0
Álvaro Obregón,Mañana (06-11),Jueves,9,1,0,3,0.1145,0.4741,0.4114,Medio,1,64.8
Álvaro Obregón,Noche (18-23),Jueves,9,0,0,3,0.0387,0.3061,0.6552,Alto,2,80.8
Álvaro Obregón,Noche (18-23),Jueves,9,1,0,3,0.0358,0.3129,0.6513,Alto,2,80.8
Álvaro Obregón,Tarde (12-17),Jueves,9,0,0,3,0.101,0.3131,0.5859,Alto,2,74.2
Álvaro Obregón,Tarde (12-17),Jueves,9,1,0,3,0.0987,0.3637,0.5376,Alto,2,71.9
Álvaro Obregón,Madrugada (00-05),Lunes,9,0,0,3,0.6946,0.2693,0.0361,Bajo,0,17.1
Álvaro Obregón,Madrugada (00-05),Lunes,9,1,0,3,0.6026,0.3649,0.0325,Bajo,0,21.5
Álvaro Obregón,Mañana (06-11),Lunes,9,0,0,3,0.0962,0.5049,0.3989,Medio,1,65.1
Álvaro Obregón,Mañana (06-11),Lunes,9,1,0,3,0.0903,0.6091,0.3007,Medio,1,60.5
Álvaro Obregón,Noche (18-23),Lunes,9,0,0,3,0.0763,0.3457,0.578,Alto,2,75.1
Álvaro Obregón,Noche (18-23),Lunes,9,1,0,3,0.0628,0.3826,0.5546,Alto,2,74.6
Álvaro Obregón,Tarde (12-17),Lunes,9,0,0,3,0.0703,0.3965,0.5333,Alto,2,73.2
Álvaro Obregón,Tarde (12-17),Lunes,9,1,0,3,0.056,0.4897,0.4543,Medio,1,69.9
Álvaro Obregón,Madrugada (00-05),Martes,9,0,0,3,0.8195,0.1583,0.0222,Bajo,0,10.1
Álvaro Obregón,Madrugada (00-05),Martes,9,1,0,3,0.7632,0.216,0.0207,Bajo,0,12.9
Álvaro Obregón,Mañana (06-11),Martes,9,0,0,3,0.0876,0.4158,0.4966,Alto,2,70.4
Álvaro Obregón,Mañana (06-11),Martes,9,1,0,3,0.0805,0.512,0.4075,Medio,1,66.3
Álvaro Obregón,Noche (18-23),Martes,9,0,0,3,0.0425,0.4133,0.5443,Alto,2,75.1
Álvaro Obregón,Noche (18-23),Martes,9,1,0,3,0.0371,0.4601,0.5028,Alto,2,73.3
Álvaro Obregón,Tarde (12-17),Martes,9,0,0,3,0.0855,0.3695,0.545,Alto,2,73.0
Álvaro Obregón,Tarde (12-17),Martes,9,1,0,3,0.0653,0.4953,0.4394,Medio,1,68.7
Álvaro Obregón,Madrugada (00-05),Miércoles,9,0,0,3,0.8318,0.1465,0.0216,Bajo,0,9.5
Álvaro Obregón,Madrugada (00-05),Miércoles,9,1,0,3,0.7861,0.1939,0.02,Bajo,0,11.7
Álvaro Obregón,Mañana (06-11),Miércoles,9,0,0,3,0.1483,0.4189,0.4328,Alto,2,64.2
Álvaro Obregón,Mañana (06-11),Miércoles,9,1,0,3,0.1094,0.5357,0.3549,Medio,1,62.3
Álvaro Obregón,Noche (18-23),Miércoles,9,0,0,3,0.0391,0.3919,0.569,Alto,2,76.5
Álvaro Obregón,Noche (18-23),Miércoles,9,1,0,3,0.0298,0.5315,0.4387,Medio,1,70.4
Álvaro Obregón,Tarde (12-17),Miércoles,9,0,0,3,0.1032,0.3089,0.5879,Alto,2,74.2
Álvaro Obregón,Tarde (12-17),Miércoles,9,1,0,3,0.0838,0.375,0.5411,Alto,2,72.9
Álvaro Obregón,Madrugada (00-05),Sábado,9,0,1,3,0.207,0.4485,0.3445,Medio,1,56.9
Álvaro Obregón,Madrugada (00-05),Sábado,9,1,1,3,0.1509,0.5795,0.2697,Medio,1,55.9
Álvaro Obregón,Mañana (06-11),Sábado,9,0,1,3,0.1847,0.5176,0.2977,Medio,1,55.6
Álvaro Obregón,Mañana (06-11),Sábado,9,1,1,3,0.1225,0.6738,0.2037,Medio,1,54.1
Álvaro Obregón,Noche (18-23),Sábado,9,0,1,3,0.0397,0.2697,0.6907,Alto,2,82.5
Álvaro Obregón,Noche (18-23),Sábado,9,1,1,3,0.0244,0.3183,0.6574,Alto,2,81.7
Álvaro Obregón,Tarde (12-17),Sábado,9,0,1,3,0.0568,0.2614,0.6819,Alto,2,81.3
Álvaro Obregón,Tarde (12-17),Sábado,9,1,1,3,0.0452,0.3749,0.5798,Alto,2,76.7
Álvaro Obregón,Madrugada (00-05),Viernes,9,0,0,3,0.6834,0.271,0.0455,Bajo,0,18.1
Álvaro Obregón,Madrugada (00-05),Viernes,9,1,0,3,0.6411,0.3107,0.0482,Bajo,0,20.4
Álvaro Obregón,Mañana (06-11),Viernes,9,0,0,3,0.1211,0.4646,0.4143,Medio,1,64.7
Álvaro Obregón,Mañana (06-11),Viernes,9,1,0,3,0.1313,0.5041,0.3646,Medio,1,61.7
Álvaro Obregón,Noche (18-23),Viernes,9,0,0,3,0.0109,0.2102,0.7788,Alto,2,88.4
Álvaro Obregón,Noche (18-23),Viernes,9,1,0,3,0.012,0.2293,0.7588,Alto,2,87.3
Álvaro Obregón,Tarde (12-17),Viernes,9,0,0,3,0.0607,0.3089,0.6305,Alto,2,78.5
Álvaro Obregón,Tarde (12-17),Viernes,9,1,0,3,0.052,0.3159,0.6321,Alto,2,79.0
Álvaro Obregón,Madrugada (00-05),Domingo,10,0,1,4,0.1802,0.581,0.2388,Medio,1,52.9
Álvaro Obregón,Madrugada (00-05),Domingo,10,1,1,4,0.1558,0.5922,0.252,Medio,1,54.8
Álvaro Obregón,Mañana (06-11),Domingo,10,0,1,4,0.3669,0.5009,0.1322,Medio,1,38.3
Álvaro Obregón,Mañana (06-11),Domingo,10,1,1,4,0.2585,0.6143,0.1272,Medio,1,43.4
Álvaro Obregón,Noche (18-23),Domingo,10,0,1,4,0.0274,0.4509,0.5217,Alto,2,74.7
Álvaro Obregón,Noche (18-23),Domingo,10,1,1,4,0.0214,0.4374,0.5413,Alto,2,76.0
Álvaro Obregón,Tarde (12-17),Domingo,10,0,1,4,0.0916,0.5504,0.3581,Medio,1,63.3
Álvaro Obregón,Tarde (12-17),Domingo,10,1,1,4,0.0827,0.5157,0.4016,Medio,1,65.9
Álvaro Obregón,Madrugada (00-05),Jueves,10,0,0,4,0.8341,0.1365,0.0293,Bajo,0,9.8
Álvaro Obregón,Madrugada (00-05),Jueves,10,1,0,4,0.8131,0.1568,0.03,Bajo,0,10.8
Álvaro Obregón,Mañana (06-11),Jueves,10,0,0,4,0.1117,0.3931,0.4952,Alto,2,69.2
Álvaro Obregón,Mañana (06-11),Jueves,10,1,0,4,0.1126,0.4281,0.4593,Alto,2,67.3
Álvaro Obregón,Noche (18-23),Jueves,10,0,0,4,0.0417,0.2493,0.709,Alto,2,83.4
Álvaro Obregón,Noche (18-23),Jueves,10,1,0,4,0.0409,0.2488,0.7103,Alto,2,83.5
Álvaro Obregón,Tarde (12-17),Jueves,10,0,0,4,0.0875,0.233,0.6795,Alto,2,79.6
Álvaro Obregón,Tarde (12-17),Jueves,10,1,0,4,0.0863,0.2576,0.6561,Alto,2,78.5
Álvaro Obregón,Madrugada (00-05),Lunes,10,0,0,4,0.6881,0.2729,0.039,Bajo,0,17.5
Álvaro Obregón,Madrugada (00-05),Lunes,10,1,0,4,0.5993,0.3642,0.0364,Bajo,0,21.9
Álvaro Obregón,Mañana (06-11),Lunes,10,0,0,4,0.1106,0.5187,0.3708,Medio,1,63.0
Álvaro Obregón,Mañana (06-11),Lunes,10,1,0,4,0.104,0.598,0.298,Medio,1,59.7
Álvaro Obregón,Noche (18-23),Lunes,10,0,0,4,0.0495,0.3138,0.6367,Alto,2,79.4
Álvaro Obregón,Noche (18-23),Lunes,10,1,0,4,0.0391,0.3549,0.606,Alto,2,78.3
Álvaro Obregón,Tarde (12-17),Lunes,10,0,0,4,0.0588,0.3044,0.6368,Alto,2,78.9
Álvaro Obregón,Tarde (12-17),Lunes,10,1,0,4,0.0487,0.3802,0.5711,Alto,2,76.1
Álvaro Obregón,Madrugada (00-05),Martes,10,0,0,4,0.8263,0.1472,0.0265,Bajo,0,10.0
Álvaro Obregón,Madrugada (00-05),Martes,10,1,0,4,0.7757,0.1982,0.0261,Bajo,0,12.5
Álvaro Obregón,Mañana (06-11),Martes,10,0,0,4,0.0796,0.3661,0.5543,Alto,2,73.7
Álvaro Obregón,Mañana (06-11),Martes,10,1,0,4,0.0764,0.4291,0.4945,Alto,2,70.9
Álvaro Obregón,Noche (18-23),Martes,10,0,0,4,0.0425,0.2747,0.6828,Alto,2,82.0
Álvaro Obregón,Noche (18-23),Martes,10,1,0,4,0.0375,0.3305,0.632,Alto,2,79.7
Álvaro Obregón,Tarde (12-17),Martes,10,0,0,4,0.0661,0.2499,0.684,Alto,2,80.9
Álvaro Obregón,Tarde (12-17),Martes,10,1,0,4,0.0598,0.3333,0.6069,Alto,2,77.4
Álvaro Obregón,Madrugada (00-05),Miércoles,10,0,0,4,0.8059,0.1699,0.0242,Bajo,0,10.9
Álvaro Obregón,Madrugada (00-05),Miércoles,10,1,0,4,0.748,0.227,0.0249,Bajo,0,13.8
Álvaro Obregón,Mañana (06-11),Miércoles,10,0,0,4,0.1556,0.4406,0.4038,Medio,1,62.4
Álvaro Obregón,Mañana (06-11),Miércoles,10,1,0,4,0.1302,0.496,0.3739,Medio,1,62.2
Álvaro Obregón,Noche (18-23),Miércoles,10,0,0,4,0.0328,0.3631,0.6041,Alto,2,78.6
Álvaro Obregón,Noche (18-23),Miércoles,10,1,0,4,0.0254,0.4668,0.5078,Alto,2,74.1
Álvaro Obregón,Tarde (12-17),Miércoles,10,0,0,4,0.0882,0.2638,0.648,Alto,2,78.0
Álvaro Obregón,Tarde (12-17),Miércoles,10,1,0,4,0.0656,0.3224,0.612,Alto,2,77.3
Álvaro Obregón,Madrugada (00-05),Sábado,10,0,1,4,0.1999,0.5454,0.2546,Medio,1,52.7
Álvaro Obregón,Madrugada (00-05),Sábado,10,1,1,4,0.104,0.6981,0.1978,Medio,1,54.7
Álvaro Obregón,Mañana (06-11),Sábado,10,0,1,4,0.2993,0.5157,0.185,Medio,1,44.3
Álvaro Obregón,Mañana (06-11),Sábado,10,1,1,4,0.131,0.7275,0.1415,Medio,1,50.5
Álvaro Obregón,Noche (18-23),Sábado,10,0,1,4,0.0434,0.3392,0.6174,Alto,2,78.7
Álvaro Obregón,Noche (18-23),Sábado,10,1,1,4,0.0209,0.3955,0.5836,Alto,2,78.1
Álvaro Obregón,Tarde (12-17),Sábado,10,0,1,4,0.0536,0.3507,0.5957,Alto,2,77.1
Álvaro Obregón,Tarde (12-17),Sábado,10,1,1,4,0.0326,0.4477,0.5197,Alto,2,74.4
Álvaro Obregón,Madrugada (00-05),Viernes,10,0,0,4,0.6059,0.3371,0.057,Bajo,0,22.6
Álvaro Obregón,Madrugada (00-05),Viernes,10,1,0,4,0.6375,0.3087,0.0538,Bajo,0,20.8
Álvaro Obregón,Mañana (06-11),Viernes,10,0,0,4,0.103,0.4789,0.4181,Medio,1,65.8
Álvaro Obregón,Mañana (06-11),Viernes,10,1,0,4,0.1432,0.4681,0.3886,Medio,1,62.3
Álvaro Obregón,Noche (18-23),Viernes,10,0,0,4,0.0056,0.1435,0.8509,Alto,2,92.3
Álvaro Obregón,Noche (18-23),Viernes,10,1,0,4,0.0084,0.1578,0.8338,Alto,2,91.3
Álvaro Obregón,Tarde (12-17),Viernes,10,0,0,4,0.04,0.2628,0.6972,Alto,2,82.9
Álvaro Obregón,Tarde (12-17),Viernes,10,1,0,4,0.0455,0.2518,0.7027,Alto,2,82.9
Álvaro Obregón,Madrugada (00-05),Domingo,11,0,1,4,0.2425,0.5689,0.1885,Medio,1,47.3
Álvaro Obregón,Madrugada (00-05),Domingo,11,1,1,4,0.2526,0.5155,0.2319,Medio,1,49.0
Álvaro Obregón,Mañana (06-11),Domingo,11,0,1,4,0.4475,0.4247,0.1277,Bajo,0,34.0
Álvaro Obregón,Mañana (06-11),Domingo,11,1,1,4,0.4106,0.444,0.1454,Medio,1,36.7
Álvaro Obregón,Noche (18-23),Domingo,11,0,1,4,0.0348,0.5708,0.3944,Medio,1,68.0
Álvaro Obregón,Noche (18-23),Domingo,11,1,1,4,0.0307,0.4776,0.4917,Alto,2,73.0
Álvaro Obregón,Tarde (12-17),Domingo,11,0,1,4,0.1005,0.5472,0.3523,Medio,1,62.6
Álvaro Obregón,Tarde (12-17),Domingo,11,1,1,4,0.1056,0.4449,0.4495,Alto,2,67.2
Álvaro Obregón,Madrugada (00-05),Jueves,11,0,0,4,0.8484,0.1283,0.0233,Bajo,0,8.7
Álvaro Obregón,Madrugada (00-05),Jueves,11,1,0,4,0.8397,0.1372,0.0231,Bajo,0,9.2
Álvaro Obregón,Mañana (06-11),Jueves,11,0,0,4,0.1237,0.4005,0.4758,Alto,2,67.6
Álvaro Obregón,Mañana (06-11),Jueves,11,1,0,4,0.1398,0.387,0.4732,Alto,2,66.7
Álvaro Obregón,Noche (18-23),Jueves,11,0,0,4,0.0572,0.3253,0.6175,Alto,2,78.0
Álvaro Obregón,Noche (18-23),Jueves,11,1,0,4,0.0563,0.2783,0.6654,Alto,2,80.5
Álvaro Obregón,Tarde (12-17),Jueves,11,0,0,4,0.0976,0.2962,0.6061,Alto,2,75.4
Álvaro Obregón,Tarde (12-17),Jueves,11,1,0,4,0.1013,0.3285,0.5701,Alto,2,73.4
Álvaro Obregón,Madrugada (00-05),Lunes,11,0,0,4,0.7316,0.2417,0.0267,Bajo,0,14.8
Álvaro Obregón,Madrugada (00-05),Lunes,11,1,0,4,0.6551,0.319,0.0259,Bajo,0,18.5
Álvaro Obregón,Mañana (06-11),Lunes,11,0,0,4,0.1046,0.605,0.2904,Medio,1,59.3
Álvaro Obregón,Mañana (06-11),Lunes,11,1,0,4,0.1025,0.6782,0.2194,Medio,1,55.8
Álvaro Obregón,Noche (18-23),Lunes,11,0,0,4,0.0677,0.43,0.5022,Alto,2,71.7
Álvaro Obregón,Noche (18-23),Lunes,11,1,0,4,0.053,0.4336,0.5133,Alto,2,73.0
Álvaro Obregón,Tarde (12-17),Lunes,11,0,0,4,0.0702,0.3998,0.53,Alto,2,73.0
Álvaro Obregón,Tarde (12-17),Lunes,11,1,0,4,0.058,0.4878,0.4542,Medio,1,69.8
Álvaro Obregón,Madrugada (00-05),Martes,11,0,0,4,0.8467,0.1314,0.0219,Bajo,0,8.8
Álvaro Obregón,Madrugada (00-05),Martes,11,1,0,4,0.8319,0.1469,0.0212,Bajo,0,9.5
Álvaro Obregón,Mañana (06-11),Martes,11,0,0,4,0.0842,0.3455,0.5704,Alto,2,74.3
Álvaro Obregón,Mañana (06-11),Martes,11,1,0,4,0.0936,0.34,0.5664,Alto,2,73.6
Álvaro Obregón,Noche (18-23),Martes,11,0,0,4,0.0579,0.326,0.6161,Alto,2,77.9
Álvaro Obregón,Noche (18-23),Martes,11,1,0,4,0.057,0.3221,0.6209,Alto,2,78.2
Álvaro Obregón,Tarde (12-17),Martes,11,0,0,4,0.0698,0.267,0.6632,Alto,2,79.7
Álvaro Obregón,Tarde (12-17),Martes,11,1,0,4,0.0685,0.3332,0.5983,Alto,2,76.5
Álvaro Obregón,Madrugada (00-05),Miércoles,11,0,0,4,0.8397,0.1448,0.0154,Bajo,0,8.8
Álvaro Obregón,Madrugada (00-05),Miércoles,11,1,0,4,0.8038,0.1796,0.0167,Bajo,0,10.6
Álvaro Obregón,Mañana (06-11),Miércoles,11,0,0,4,0.1874,0.4601,0.3525,Medio,1,58.3
Álvaro Obregón,Mañana (06-11),Miércoles,11,1,0,4,0.1673,0.453,0.3797,Medio,1,60.6
Álvaro Obregón,Noche (18-23),Miércoles,11,0,0,4,0.0509,0.458,0.4911,Alto,2,72.0
Álvaro Obregón,Noche (18-23),Miércoles,11,1,0,4,0.0404,0.5082,0.4514,Medio,1,70.5
Álvaro Obregón,Tarde (12-17),Miércoles,11,0,0,4,0.1278,0.3661,0.5061,Alto,2,68.9
Álvaro Obregón,Tarde (12-17),Miércoles,11,1,0,4,0.0959,0.4375,0.4667,Alto,2,68.5
Álvaro Obregón,Madrugada (00-05),Sábado,11,0,1,4,0.2764,0.5114,0.2122,Medio,1,46.8
Álvaro Obregón,Madrugada (00-05),Sábado,11,1,1,4,0.1669,0.6325,0.2005,Medio,1,51.7
Álvaro Obregón,Mañana (06-11),Sábado,11,0,1,4,0.4204,0.3999,0.1797,Bajo,0,38.0
Álvaro Obregón,Mañana (06-11),Sábado,11,1,1,4,0.2418,0.5772,0.181,Medio,1,47.0
Álvaro Obregón,Noche (18-23),Sábado,11,0,1,4,0.0573,0.4565,0.4862,Alto,2,71.4
Álvaro Obregón,Noche (18-23),Sábado,11,1,1,4,0.0295,0.4329,0.5377,Alto,2,75.4
Álvaro Obregón,Tarde (12-17),Sábado,11,0,1,4,0.0711,0.3769,0.552,Alto,2,74.0
Álvaro Obregón,Tarde (12-17),Sábado,11,1,1,4,0.0463,0.3901,0.5636,Alto,2,75.9
Álvaro Obregón,Madrugada (00-05),Viernes,11,0,0,4,0.6726,0.2844,0.0429,Bajo,0,18.5
Álvaro Obregón,Madrugada (00-05),Viernes,11,1,0,4,0.7237,0.2396,0.0367,Bajo,0,15.7
Álvaro Obregón,Mañana (06-11),Viernes,11,0,0,4,0.1077,0.4928,0.3995,Medio,1,64.6
Álvaro Obregón,Mañana (06-11),Viernes,11,1,0,4,0.1747,0.4454,0.3799,Medio,1,60.3
Álvaro Obregón,Noche (18-23),Viernes,11,0,0,4,0.0112,0.2775,0.7113,Alto,2,85.0
Álvaro Obregón,Noche (18-23),Viernes,11,1,0,4,0.0198,0.285,0.6953,Alto,2,83.8
Álvaro Obregón,Tarde (12-17),Viernes,11,0,0,4,0.0517,0.2864,0.6619,Alto,2,80.5
Álvaro Obregón,Tarde (12-17),Viernes,11,1,0,4,0.068,0.2829,0.6491,Alto,2,79.1
Álvaro Obregón,Madrugada (00-05),Domingo,12,0,1,4,0.0785,0.803,0.1185,Medio,1,52.0
Álvaro Obregón,Madrugada (00-05),Domingo,12,1,1,4,0.1154,0.725,0.1596,Medio,1,52.2
Álvaro Obregón,Mañana (06-11),Domingo,12,0,1,4,0.3629,0.5121,0.125,Medio,1,38.1
Álvaro Obregón,Mañana (06-11),Domingo,12,1,1,4,0.5087,0.4002,0.0911,Bajo,0,29.1
Álvaro Obregón,Noche (18-23),Domingo,12,0,1,4,0.0258,0.6599,0.3144,Medio,1,64.4
Álvaro Obregón,Noche (18-23),Domingo,12,1,1,4,0.042,0.4816,0.4764,Medio,1,71.7
Álvaro Obregón,Tarde (12-17),Domingo,12,0,1,4,0.0442,0.6,0.3558,Medio,1,65.6
Álvaro Obregón,Tarde (12-17),Domingo,12,1,1,4,0.0677,0.4713,0.461,Medio,1,69.7
Álvaro Obregón,Madrugada (00-05),Jueves,12,0,0,4,0.4359,0.5199,0.0442,Medio,1,30.4
Álvaro Obregón,Madrugada (00-05),Jueves,12,1,0,4,0.5429,0.4193,0.0378,Bajo,0,24.7
Álvaro Obregón,Mañana (06-11),Jueves,12,0,0,4,0.0834,0.4693,0.4473,Medio,1,68.2
Álvaro Obregón,Mañana (06-11),Jueves,12,1,0,4,0.2487,0.4042,0.3471,Medio,1,54.9
Álvaro Obregón,Noche (18-23),Jueves,12,0,0,4,0.0424,0.3614,0.5962,Alto,2,77.7
Álvaro Obregón,Noche (18-23),Jueves,12,1,0,4,0.0697,0.2416,0.6886,Alto,2,80.9
Álvaro Obregón,Tarde (12-17),Jueves,12,0,0,4,0.0352,0.3637,0.6011,Alto,2,78.3
Álvaro Obregón,Tarde (12-17),Jueves,12,1,0,4,0.06,0.3656,0.5744,Alto,2,75.7
Álvaro Obregón,Madrugada (00-05),Lunes,12,0,0,4,0.5561,0.4063,0.0376,Bajo,0,24.1
Álvaro Obregón,Madrugada (00-05),Lunes,12,1,0,4,0.6282,0.3402,0.0316,Bajo,0,20.2
Álvaro Obregón,Mañana (06-11),Lunes,12,0,0,4,0.1051,0.5781,0.3168,Medio,1,60.6
Álvaro Obregón,Mañana (06-11),Lunes,12,1,0,4,0.2554,0.5209,0.2236,Medio,1,48.4
Álvaro Obregón,Noche (18-23),Lunes,12,0,0,4,0.0793,0.4558,0.4649,Alto,2,69.3
Álvaro Obregón,Noche (18-23),Lunes,12,1,0,4,0.0695,0.3871,0.5435,Alto,2,73.7
Álvaro Obregón,Tarde (12-17),Lunes,12,0,0,4,0.0377,0.4165,0.5459,Alto,2,75.4
Álvaro Obregón,Tarde (12-17),Lunes,12,1,0,4,0.0546,0.4195,0.5259,Alto,2,73.6
Álvaro Obregón,Madrugada (00-05),Martes,12,0,0,4,0.3432,0.6335,0.0233,Medio,1,34.0
Álvaro Obregón,Madrugada (00-05),Martes,12,1,0,4,0.44,0.5379,0.0222,Medio,1,29.1
Álvaro Obregón,Mañana (06-11),Martes,12,0,0,4,0.049,0.6398,0.3112,Medio,1,63.1
Álvaro Obregón,Mañana (06-11),Martes,12,1,0,4,0.1685,0.5527,0.2788,Medio,1,55.5
Álvaro Obregón,Noche (18-23),Martes,12,0,0,4,0.0446,0.5806,0.3748,Medio,1,66.5
Álvaro Obregón,Noche (18-23),Martes,12,1,0,4,0.0913,0.4298,0.479,Alto,2,69.4
Álvaro Obregón,Tarde (12-17),Martes,12,0,0,4,0.0248,0.5679,0.4073,Medio,1,69.1
Álvaro Obregón,Tarde (12-17),Martes,12,1,0,4,0.0357,0.5751,0.3892,Medio,1,67.7
Álvaro Obregón,Madrugada (00-05),Miércoles,12,0,0,4,0.5448,0.4317,0.0236,Bajo,0,23.9
Álvaro Obregón,Madrugada (00-05),Miércoles,12,1,0,4,0.5629,0.4148,0.0223,Bajo,0,23.0
Álvaro Obregón,Mañana (06-11),Miércoles,12,0,0,4,0.1409,0.537,0.3221,Medio,1,59.1
Álvaro Obregón,Mañana (06-11),Miércoles,12,1,0,4,0.304,0.4383,0.2578,Medio,1,47.7
Álvaro Obregón,Noche (18-23),Miércoles,12,0,0,4,0.0597,0.4993,0.441,Medio,1,69.1
Álvaro Obregón,Noche (18-23),Miércoles,12,1,0,4,0.0801,0.4483,0.4716,Alto,2,69.6
Álvaro Obregón,Tarde (12-17),Miércoles,12,0,0,4,0.0724,0.3991,0.5284,Alto,2,72.8
Álvaro Obregón,Tarde (12-17),Miércoles,12,1,0,4,0.0745,0.4193,0.5062,Alto,2,71.6
Álvaro Obregón,Madrugada (00-05),Sábado,12,0,1,4,0.081,0.7398,0.1792,Medio,1,54.9
Álvaro Obregón,Madrugada (00-05),Sábado,12,1,1,4,0.0638,0.7759,0.1603,Medio,1,54.8
Álvaro Obregón,Mañana (06-11),Sábado,12,0,1,4,0.2545,0.5772,0.1682,Medio,1,45.7
Álvaro Obregón,Mañana (06-11),Sábado,12,1,1,4,0.2269,0.6698,0.1033,Medio,1,43.8
Álvaro Obregón,Noche (18-23),Sábado,12,0,1,4,0.0326,0.5687,0.3987,Medio,1,68.3
Álvaro Obregón,Noche (18-23),Sábado,12,1,1,4,0.0318,0.4536,0.5146,Alto,2,74.1
Álvaro Obregón,Tarde (12-17),Sábado,12,0,1,4,0.0261,0.3668,0.6071,Alto,2,79.1
Álvaro Obregón,Tarde (12-17),Sábado,12,1,1,4,0.0272,0.3709,0.6019,Alto,2,78.7
Álvaro Obregón,Madrugada (00-05),Viernes,12,0,0,4,0.2801,0.6691,0.0508,Medio,1,38.5
Álvaro Obregón,Madrugada (00-05),Viernes,12,1,0,4,0.4084,0.5411,0.0506,Medio,1,32.1
Álvaro Obregón,Mañana (06-11),Viernes,12,0,0,4,0.0973,0.5534,0.3493,Medio,1,62.6
Álvaro Obregón,Mañana (06-11),Viernes,12,1,0,4,0.3341,0.3989,0.2669,Medio,1,46.6
Álvaro Obregón,Noche (18-23),Viernes,12,0,0,4,0.0113,0.367,0.6216,Alto,2,80.5
Álvaro Obregón,Noche (18-23),Viernes,12,1,0,4,0.0348,0.3108,0.6544,Alto,2,81.0
Álvaro Obregón,Tarde (12-17),Viernes,12,0,0,4,0.0216,0.3974,0.5811,Alto,2,78.0
Álvaro Obregón,Tarde (12-17),Viernes,12,1,0,4,0.0385,0.3258,0.6357,Alto,2,79.9
